teacher_key,stage,step,loss,accuracy_percent,AIME24,AIME25,AMC23
r1_7b,after_sft,0,,36.572958500669344,0.3,0.20833333333333334,0.588855421686747
r1_7b,after_sft,1,0.1460842788219452,,,,
r1_7b,after_sft,2,0.14094457030296326,,,,
r1_7b,after_sft,3,0.14022456109523773,,,,
r1_7b,after_sft,4,0.13158424198627472,,,,
r1_7b,after_sft,5,0.14143870770931244,,,,
r1_7b,after_sft,6,0.13331416249275208,,,,
r1_7b,after_sft,7,0.13636216521263123,,,,
r1_7b,after_sft,8,0.12925004959106445,,,,
r1_7b,after_sft,9,0.13127461075782776,,,,
r1_7b,after_sft,10,0.12514838576316833,35.29953145917001,0.2625,0.21666666666666667,0.5798192771084337
r1_7b,after_sft,11,0.13162897527217865,,,,
r1_7b,after_sft,12,0.14040613174438477,,,,
r1_7b,after_sft,13,0.13397760689258575,,,,
r1_7b,after_sft,14,0.13986533880233765,,,,
r1_7b,after_sft,15,0.13284017145633698,,,,
r1_7b,after_sft,16,0.13716132938861847,,,,
r1_7b,after_sft,17,0.12932974100112915,,,,
r1_7b,after_sft,18,0.1314595490694046,,,,
r1_7b,after_sft,19,0.12778052687644958,,,,
r1_7b,after_sft,20,0.13121090829372406,33.50568942436412,0.21666666666666667,0.20416666666666666,0.5843373493975904
r1_7b,after_sft,21,0.12605781853199005,,,,
r1_7b,after_sft,22,0.12606079876422882,,,,
r1_7b,after_sft,23,0.13510343432426453,,,,
r1_7b,after_sft,24,0.1365596204996109,,,,
r1_7b,after_sft,25,0.12728653848171234,,,,
r1_7b,after_sft,26,0.13317212462425232,,,,
r1_7b,after_sft,27,0.12797032296657562,,,,
r1_7b,after_sft,28,0.13242711126804352,,,,
r1_7b,after_sft,29,0.12788259983062744,,,,
r1_7b,after_sft,30,0.12638124823570251,35.26104417670683,0.2625,0.2125,0.5828313253012049
r1_7b,after_sft,31,0.12660294771194458,,,,
r1_7b,after_sft,32,0.13058267533779144,,,,
r1_7b,after_sft,33,0.12552404403686523,,,,
r1_7b,after_sft,34,0.1257816106081009,,,,
r1_7b,after_sft,35,0.12195926904678345,,,,
r1_7b,after_sft,36,0.12821528315544128,,,,
r1_7b,after_sft,37,0.12644580006599426,,,,
r1_7b,after_sft,38,0.12001460790634155,,,,
r1_7b,after_sft,39,0.12530553340911865,,,,
r1_7b,after_sft,40,0.13032060861587524,34.30388219544846,0.24583333333333332,0.2125,0.5707831325301205
r1_7b,after_sft,41,0.12241361290216446,,,,
r1_7b,after_sft,42,0.11795225739479065,,,,
r1_7b,after_sft,43,0.12455250322818756,,,,
r1_7b,after_sft,44,0.12032994627952576,,,,
r1_7b,after_sft,45,0.12810245156288147,,,,
r1_7b,after_sft,46,0.1170719712972641,,,,
r1_7b,after_sft,47,0.12081307172775269,,,,
r1_7b,after_sft,48,0.12353062629699707,,,,
r1_7b,after_sft,49,0.11991202086210251,,,,
r1_7b,after_sft,50,0.11573869735002518,35.018406961178044,0.2625,0.19166666666666668,0.5963855421686747
r1_7b,after_sft,51,0.11788129806518555,,,,
r1_7b,after_sft,52,0.11906005442142487,,,,
r1_7b,after_sft,53,0.11502878367900848,,,,
r1_7b,after_sft,54,0.10954467207193375,,,,
r1_7b,after_sft,55,0.11682191491127014,,,,
r1_7b,after_sft,56,0.11488373577594757,,,,
r1_7b,after_sft,57,0.11938154697418213,,,,
r1_7b,after_sft,58,0.12010170519351959,,,,
r1_7b,after_sft,59,0.11286688596010208,,,,
r1_7b,after_sft,60,0.10588622838258743,37.70749665327979,0.3375,0.19583333333333333,0.5978915662650602
r1_7b,after_sft,61,0.11192984133958817,,,,
r1_7b,after_sft,62,0.1105864867568016,,,,
r1_7b,after_sft,63,0.10943847894668579,,,,
r1_7b,after_sft,64,0.11371014267206192,,,,
r1_7b,after_sft,65,0.11047928035259247,,,,
r1_7b,after_sft,66,0.11522995680570602,,,,
r1_7b,after_sft,67,0.11139579117298126,,,,
r1_7b,after_sft,68,0.11438167095184326,,,,
r1_7b,after_sft,69,0.1098305732011795,,,,
r1_7b,after_sft,70,0.10800565779209137,38.646251673360105,0.2875,0.23333333333333334,0.6385542168674698
r1_7b,after_sft,71,0.11120027303695679,,,,
r1_7b,after_sft,72,0.1106252670288086,,,,
r1_7b,after_sft,73,0.11040321737527847,,,,
r1_7b,after_sft,74,0.11054994910955429,,,,
r1_7b,after_sft,75,0.1133931502699852,,,,
r1_7b,after_sft,76,0.10928220301866531,,,,
r1_7b,after_sft,77,0.10424033552408218,,,,
r1_7b,after_sft,78,0.11569319665431976,,,,
r1_7b,after_sft,79,0.11082787811756134,,,,
r1_7b,after_sft,80,0.10917690396308899,38.90394912985274,0.325,0.22916666666666666,0.6129518072289156
r1_7b,after_sft,81,0.10824370384216309,,,,
r1_7b,after_sft,82,0.11347546428442001,,,,
r1_7b,after_sft,83,0.10344547778367996,,,,
r1_7b,after_sft,84,0.11178326606750488,,,,
r1_7b,after_sft,85,0.11197461932897568,,,,
r1_7b,after_sft,86,0.11019692569971085,,,,
r1_7b,after_sft,87,0.11935286968946457,,,,
r1_7b,after_sft,88,0.11133419722318649,,,,
r1_7b,after_sft,89,0.10296812653541565,,,,
r1_7b,after_sft,90,0.10718333721160889,36.569611780455155,0.275,0.21666666666666667,0.6054216867469879
r1_7b,after_sft,91,0.10745961219072342,,,,
r1_7b,after_sft,92,0.1042887419462204,,,,
r1_7b,after_sft,93,0.1081278845667839,,,,
r1_7b,after_sft,94,0.10606171935796738,,,,
r1_7b,after_sft,95,0.10121775418519974,,,,
r1_7b,after_sft,96,0.1016584262251854,,,,
r1_7b,after_sft,97,0.10645467787981033,,,,
r1_7b,after_sft,98,0.1082715168595314,,,,
r1_7b,after_sft,99,0.10371334105730057,,,,
r1_7b,after_sft,100,0.10726550221443176,38.57262382864793,0.2916666666666667,0.2375,0.6280120481927711
r1_7b,after_sft,101,0.09648468345403671,,,,
r1_7b,after_sft,102,0.09961175173521042,,,,
r1_7b,after_sft,103,0.09670284390449524,,,,
r1_7b,after_sft,104,0.09581300616264343,,,,
r1_7b,after_sft,105,0.09724844247102737,,,,
r1_7b,after_sft,106,0.09868507832288742,,,,
r1_7b,after_sft,107,0.09759929031133652,,,,
r1_7b,after_sft,108,0.09807315468788147,,,,
r1_7b,after_sft,109,0.09494773298501968,,,,
r1_7b,after_sft,110,0.1010836511850357,39.44444444444444,0.30416666666666664,0.25416666666666665,0.625
r1_7b,after_sft,111,0.09487500041723251,,,,
r1_7b,after_sft,112,0.10298456996679306,,,,
r1_7b,after_sft,113,0.11354407668113708,,,,
r1_7b,after_sft,114,0.11664951592683792,,,,
r1_7b,after_sft,115,0.10835438221693039,,,,
r1_7b,after_sft,116,0.10959845036268234,,,,
r1_7b,after_sft,117,0.11169994622468948,,,,
r1_7b,after_sft,118,0.111717589199543,,,,
r1_7b,after_sft,119,0.10422872006893158,,,,
r1_7b,after_sft,120,0.10543207824230194,38.457161981258366,0.2916666666666667,0.225,0.6370481927710844
r1_7b,after_sft,121,0.10412000864744186,,,,
r1_7b,after_sft,122,0.10991469025611877,,,,
r1_7b,after_sft,123,0.11518269777297974,,,,
r1_7b,after_sft,124,0.11103928089141846,,,,
r1_7b,after_sft,125,0.10165990889072418,,,,
r1_7b,after_sft,126,0.1051805391907692,,,,
r1_7b,after_sft,127,0.11602329462766647,,,,
r1_7b,after_sft,128,0.10840721428394318,,,,
r1_7b,after_sft,129,0.10480714589357376,,,,
r1_7b,after_sft,130,0.10447197407484055,38.12081659973226,0.2791666666666667,0.25,0.6144578313253012
r1_7b,after_sft,131,0.1055881530046463,,,,
r1_7b,after_sft,132,0.10551980882883072,,,,
r1_7b,after_sft,133,0.09879883378744125,,,,
r1_7b,after_sft,134,0.10086619853973389,,,,
r1_7b,after_sft,135,0.0987664982676506,,,,
r1_7b,after_sft,136,0.09932681918144226,,,,
r1_7b,after_sft,137,0.09584029018878937,,,,
r1_7b,after_sft,138,0.09673967957496643,,,,
r1_7b,after_sft,139,0.09921308606863022,,,,
r1_7b,after_sft,140,0.09753906726837158,37.24062918340027,0.2791666666666667,0.24166666666666667,0.5963855421686747
r1_7b,after_sft,141,0.10095468163490295,,,,
r1_7b,after_sft,142,0.10341088473796844,,,,
r1_7b,after_sft,143,0.09969179332256317,,,,
r1_7b,after_sft,144,0.09722070395946503,,,,
r1_7b,after_sft,145,0.10202714055776596,,,,
r1_7b,after_sft,146,0.09649132937192917,,,,
r1_7b,after_sft,147,0.09708815068006516,,,,
r1_7b,after_sft,148,0.09995710849761963,,,,
r1_7b,after_sft,149,0.09816617518663406,,,,
r1_7b,after_sft,150,0.10662175714969635,40.224230254350736,0.32916666666666666,0.2375,0.6400602409638554
r1_7b,after_sft,151,0.09417157620191574,,,,
r1_7b,after_sft,152,0.09671084582805634,,,,
r1_7b,after_sft,153,0.10031028836965561,,,,
r1_7b,after_sft,154,0.10452695935964584,,,,
r1_7b,after_sft,155,0.09710797667503357,,,,
r1_7b,after_sft,156,0.10059556365013123,,,,
r1_7b,after_sft,157,0.09896369278430939,,,,
r1_7b,after_sft,158,0.09849642962217331,,,,
r1_7b,after_sft,159,0.09884288907051086,,,,
r1_7b,after_sft,160,0.10159474611282349,38.368473895582326,0.3,0.2125,0.6385542168674698
r1_7b,after_sft,161,0.10064320266246796,,,,
r1_7b,after_sft,162,0.09968879818916321,,,,
r1_7b,after_sft,163,0.09927430003881454,,,,
r1_7b,after_sft,164,0.10193590074777603,,,,
r1_7b,after_sft,165,0.09185062348842621,,,,
r1_7b,after_sft,166,0.09497439861297607,,,,
r1_7b,after_sft,167,0.09669767320156097,,,,
r1_7b,after_sft,168,0.09713327139616013,,,,
r1_7b,after_sft,169,0.0974871963262558,,,,
r1_7b,after_sft,170,0.09930253773927689,39.14825970548863,0.30833333333333335,0.2125,0.6536144578313253
r1_7b,after_sft,171,0.09979608654975891,,,,
r1_7b,after_sft,172,0.09850359708070755,,,,
r1_7b,after_sft,173,0.09752912074327469,,,,
r1_7b,after_sft,174,0.09901361912488937,,,,
r1_7b,after_sft,175,0.09749746322631836,,,,
r1_7b,after_sft,176,0.10324343293905258,,,,
r1_7b,after_sft,177,0.12665677070617676,,,,
r1_7b,after_sft,178,0.1656210720539093,,,,
r1_7b,after_sft,179,0.14735354483127594,,,,
r1_7b,after_sft,180,0.13720250129699707,39.154953145917,0.3,0.25416666666666665,0.6204819277108434
r1_7b,after_sft,181,0.14806479215621948,,,,
r1_7b,after_sft,182,0.16631978750228882,,,,
r1_7b,after_sft,183,0.1562367081642151,,,,
r1_7b,after_sft,184,0.15840554237365723,,,,
r1_7b,after_sft,185,0.13943418860435486,,,,
r1_7b,after_sft,186,0.13729016482830048,,,,
r1_7b,after_sft,187,0.12226935476064682,,,,
r1_7b,after_sft,188,0.13215245306491852,,,,
r1_7b,after_sft,189,0.13051797449588776,,,,
r1_7b,after_sft,190,0.14213235676288605,39.11311914323963,0.30833333333333335,0.225,0.6400602409638554
r1_7b,after_sft,191,0.12978464365005493,,,,
r1_7b,after_sft,192,0.1341266930103302,,,,
r1_7b,after_sft,193,0.1587492972612381,,,,
r1_7b,after_sft,194,0.1505296528339386,,,,
r1_7b,after_sft,195,0.14252929389476776,,,,
r1_7b,after_sft,196,0.15812210738658905,,,,
r1_7b,after_sft,197,0.14456254243850708,,,,
r1_7b,after_sft,198,0.1441372185945511,,,,
r1_7b,after_sft,199,0.14939382672309875,,,,
r1_7b,after_sft,200,0.12324675172567368,40.17402945113788,0.32916666666666666,0.2375,0.6385542168674698
qwen4b_nt,after_sft,0,,21.633199464524765,0.12083333333333333,0.1125,0.41566265060240964
qwen4b_nt,after_sft,1,0.08052990585565567,,,,
qwen4b_nt,after_sft,2,0.07521660625934601,,,,
qwen4b_nt,after_sft,3,0.08100417256355286,,,,
qwen4b_nt,after_sft,4,0.0759766474366188,,,,
qwen4b_nt,after_sft,5,0.0888834074139595,,,,
qwen4b_nt,after_sft,6,0.07358214259147644,,,,
qwen4b_nt,after_sft,7,0.07582033425569534,,,,
qwen4b_nt,after_sft,8,0.09083590656518936,,,,
qwen4b_nt,after_sft,9,0.080213762819767,,,,
qwen4b_nt,after_sft,10,0.0775473564863205,22.89156626506024,0.14166666666666666,0.10833333333333334,0.4367469879518072
qwen4b_nt,after_sft,11,0.07813502848148346,,,,
qwen4b_nt,after_sft,12,0.08898291736841202,,,,
qwen4b_nt,after_sft,13,0.08657187968492508,,,,
qwen4b_nt,after_sft,14,0.0899069756269455,,,,
qwen4b_nt,after_sft,15,0.07753337174654007,,,,
qwen4b_nt,after_sft,16,0.09050750732421875,,,,
qwen4b_nt,after_sft,17,0.07956800609827042,,,,
qwen4b_nt,after_sft,18,0.08281441032886505,,,,
qwen4b_nt,after_sft,19,0.08319272845983505,,,,
qwen4b_nt,after_sft,20,0.08004964888095856,22.8380187416332,0.1125,0.12083333333333333,0.45180722891566266
qwen4b_nt,after_sft,21,0.08919323235750198,,,,
qwen4b_nt,after_sft,22,0.08618718385696411,,,,
qwen4b_nt,after_sft,23,0.09204218536615372,,,,
qwen4b_nt,after_sft,24,0.08554535359144211,,,,
qwen4b_nt,after_sft,25,0.07990845292806625,,,,
qwen4b_nt,after_sft,26,0.09102911502122879,,,,
qwen4b_nt,after_sft,27,0.08328939229249954,,,,
qwen4b_nt,after_sft,28,0.08346115797758102,,,,
qwen4b_nt,after_sft,29,0.08407802134752274,,,,
qwen4b_nt,after_sft,30,0.08458719402551651,22.687416331994648,0.12916666666666668,0.10416666666666667,0.44728915662650603
qwen4b_nt,after_sft,31,0.08488849550485611,,,,
qwen4b_nt,after_sft,32,0.08705607801675797,,,,
qwen4b_nt,after_sft,33,0.08860528469085693,,,,
qwen4b_nt,after_sft,34,0.09572987258434296,,,,
qwen4b_nt,after_sft,35,0.0859084278345108,,,,
qwen4b_nt,after_sft,36,0.08721878379583359,,,,
qwen4b_nt,after_sft,37,0.08701661229133606,,,,
qwen4b_nt,after_sft,38,0.08590953797101974,,,,
qwen4b_nt,after_sft,39,0.08400934934616089,,,,
qwen4b_nt,after_sft,40,0.09564445912837982,23.547523427041497,0.12916666666666668,0.1375,0.4397590361445783
qwen4b_nt,after_sft,41,0.08101140707731247,,,,
qwen4b_nt,after_sft,42,0.08377766609191895,,,,
qwen4b_nt,after_sft,43,0.08858590573072433,,,,
qwen4b_nt,after_sft,44,0.07920590043067932,,,,
qwen4b_nt,after_sft,45,0.0862383171916008,,,,
qwen4b_nt,after_sft,46,0.08096794039011002,,,,
qwen4b_nt,after_sft,47,0.08438224345445633,,,,
qwen4b_nt,after_sft,48,0.08446432650089264,,,,
qwen4b_nt,after_sft,49,0.08138858526945114,,,,
qwen4b_nt,after_sft,50,0.08280492573976517,26.09437751004016,0.1875,0.1375,0.4578313253012048
qwen4b_nt,after_sft,51,0.07750682532787323,,,,
qwen4b_nt,after_sft,52,0.08166323602199554,,,,
qwen4b_nt,after_sft,53,0.0826408714056015,,,,
qwen4b_nt,after_sft,54,0.06614559888839722,,,,
qwen4b_nt,after_sft,55,0.08290509879589081,,,,
qwen4b_nt,after_sft,56,0.08168214559555054,,,,
qwen4b_nt,after_sft,57,0.09314753860235214,,,,
qwen4b_nt,after_sft,58,0.07748420536518097,,,,
qwen4b_nt,after_sft,59,0.0782533586025238,,,,
qwen4b_nt,after_sft,60,0.0734216719865799,24.176706827309236,0.15833333333333333,0.11666666666666667,0.4503012048192771
qwen4b_nt,after_sft,61,0.08170507848262787,,,,
qwen4b_nt,after_sft,62,0.07795809209346771,,,,
qwen4b_nt,after_sft,63,0.07848799228668213,,,,
qwen4b_nt,after_sft,64,0.08173177391290665,,,,
qwen4b_nt,after_sft,65,0.07664698362350464,,,,
qwen4b_nt,after_sft,66,0.08341618627309799,,,,
qwen4b_nt,after_sft,67,0.07263197004795074,,,,
qwen4b_nt,after_sft,68,0.08096316456794739,,,,
qwen4b_nt,after_sft,69,0.0748998150229454,,,,
qwen4b_nt,after_sft,70,0.07068103551864624,25.28781793842035,0.17916666666666667,0.12916666666666668,0.4503012048192771
qwen4b_nt,after_sft,71,0.08123999089002609,,,,
qwen4b_nt,after_sft,72,0.07370810210704803,,,,
qwen4b_nt,after_sft,73,0.07839366793632507,,,,
qwen4b_nt,after_sft,74,0.07824806123971939,,,,
qwen4b_nt,after_sft,75,0.08592243492603302,,,,
qwen4b_nt,after_sft,76,0.07628469169139862,,,,
qwen4b_nt,after_sft,77,0.07538915425539017,,,,
qwen4b_nt,after_sft,78,0.08218167722225189,,,,
qwen4b_nt,after_sft,79,0.07383495569229126,,,,
qwen4b_nt,after_sft,80,0.07402245700359344,23.875502008032125,0.15833333333333333,0.11666666666666667,0.44126506024096385
qwen4b_nt,after_sft,81,0.0807955265045166,,,,
qwen4b_nt,after_sft,82,0.09121639281511307,,,,
qwen4b_nt,after_sft,83,0.06982852518558502,,,,
qwen4b_nt,after_sft,84,0.0741237923502922,,,,
qwen4b_nt,after_sft,85,0.0871388241648674,,,,
qwen4b_nt,after_sft,86,0.07632629573345184,,,,
qwen4b_nt,after_sft,87,0.0861472561955452,,,,
qwen4b_nt,after_sft,88,0.07183586806058884,,,,
qwen4b_nt,after_sft,89,0.0718904435634613,,,,
qwen4b_nt,after_sft,90,0.07559431344270706,25.326305220883533,0.1625,0.15,0.44728915662650603
qwen4b_nt,after_sft,91,0.07852431386709213,,,,
qwen4b_nt,after_sft,92,0.07114303112030029,,,,
qwen4b_nt,after_sft,93,0.07512291520833969,,,,
qwen4b_nt,after_sft,94,0.07439816743135452,,,,
qwen4b_nt,after_sft,95,0.07001743465662003,,,,
qwen4b_nt,after_sft,96,0.0725012943148613,,,,
qwen4b_nt,after_sft,97,0.0681617259979248,,,,
qwen4b_nt,after_sft,98,0.0760500505566597,,,,
qwen4b_nt,after_sft,99,0.07170136272907257,,,,
qwen4b_nt,after_sft,100,0.07725825905799866,25.358099062918342,0.15416666666666667,0.12916666666666668,0.47740963855421686
qwen4b_nt,after_sft,101,0.06892062723636627,,,,
qwen4b_nt,after_sft,102,0.07401850819587708,,,,
qwen4b_nt,after_sft,103,0.06663677841424942,,,,
qwen4b_nt,after_sft,104,0.0654483288526535,,,,
qwen4b_nt,after_sft,105,0.07148168236017227,,,,
qwen4b_nt,after_sft,106,0.06920183449983597,,,,
qwen4b_nt,after_sft,107,0.06520094722509384,,,,
qwen4b_nt,after_sft,108,0.06769414246082306,,,,
qwen4b_nt,after_sft,109,0.06204387545585632,,,,
qwen4b_nt,after_sft,110,0.0743543952703476,25.435073627844712,0.15,0.14166666666666666,0.4713855421686747
qwen4b_nt,after_sft,111,0.06997530907392502,,,,
qwen4b_nt,after_sft,112,0.07457635551691055,,,,
qwen4b_nt,after_sft,113,0.08682352304458618,,,,
qwen4b_nt,after_sft,114,0.09054401516914368,,,,
qwen4b_nt,after_sft,115,0.08016672730445862,,,,
qwen4b_nt,after_sft,116,0.0793721005320549,,,,
qwen4b_nt,after_sft,117,0.08585300296545029,,,,
qwen4b_nt,after_sft,118,0.08198133856058121,,,,
qwen4b_nt,after_sft,119,0.07186460494995117,,,,
qwen4b_nt,after_sft,120,0.06874324381351471,24.54317269076305,0.16666666666666666,0.12083333333333333,0.44879518072289154
qwen4b_nt,after_sft,121,0.08291976898908615,,,,
qwen4b_nt,after_sft,122,0.07905995100736618,,,,
qwen4b_nt,after_sft,123,0.08394791930913925,,,,
qwen4b_nt,after_sft,124,0.0792279839515686,,,,
qwen4b_nt,after_sft,125,0.07246717810630798,,,,
qwen4b_nt,after_sft,126,0.0767921507358551,,,,
qwen4b_nt,after_sft,127,0.09285971522331238,,,,
qwen4b_nt,after_sft,128,0.07178537547588348,,,,
qwen4b_nt,after_sft,129,0.06685467809438705,,,,
qwen4b_nt,after_sft,130,0.07232363522052765,25.71619812583668,0.17916666666666667,0.1375,0.45481927710843373
qwen4b_nt,after_sft,131,0.07446559518575668,,,,
qwen4b_nt,after_sft,132,0.07234268635511398,,,,
qwen4b_nt,after_sft,133,0.06436175107955933,,,,
qwen4b_nt,after_sft,134,0.07254049181938171,,,,
qwen4b_nt,after_sft,135,0.07856710255146027,,,,
qwen4b_nt,after_sft,136,0.07396812736988068,,,,
qwen4b_nt,after_sft,137,0.06381883472204208,,,,
qwen4b_nt,after_sft,138,0.0759565457701683,,,,
qwen4b_nt,after_sft,139,0.07502195984125137,,,,
qwen4b_nt,after_sft,140,0.06305850297212601,24.45113788487282,0.17083333333333334,0.09583333333333334,0.46686746987951805
qwen4b_nt,after_sft,141,0.07321961224079132,,,,
qwen4b_nt,after_sft,142,0.06969337910413742,,,,
qwen4b_nt,after_sft,143,0.07718148082494736,,,,
qwen4b_nt,after_sft,144,0.08235277980566025,,,,
qwen4b_nt,after_sft,145,0.06881267577409744,,,,
qwen4b_nt,after_sft,146,0.07242566347122192,,,,
qwen4b_nt,after_sft,147,0.07495269924402237,,,,
qwen4b_nt,after_sft,148,0.07352574914693832,,,,
qwen4b_nt,after_sft,149,0.0726628229022026,,,,
qwen4b_nt,after_sft,150,0.08307972550392151,24.84437751004016,0.15833333333333333,0.12916666666666668,0.4578313253012048
qwen4b_nt,after_sft,151,0.07374002039432526,,,,
qwen4b_nt,after_sft,152,0.07727798074483871,,,,
qwen4b_nt,after_sft,153,0.07925419509410858,,,,
qwen4b_nt,after_sft,154,0.08420629799365997,,,,
qwen4b_nt,after_sft,155,0.07685627043247223,,,,
qwen4b_nt,after_sft,156,0.07837900519371033,,,,
qwen4b_nt,after_sft,157,0.07827237993478775,,,,
qwen4b_nt,after_sft,158,0.08147260546684265,,,,
qwen4b_nt,after_sft,159,0.07467455416917801,,,,
qwen4b_nt,after_sft,160,0.07251974940299988,24.81425702811245,0.15,0.1125,0.4819277108433735
qwen4b_nt,after_sft,161,0.07594386488199234,,,,
qwen4b_nt,after_sft,162,0.07312068343162537,,,,
qwen4b_nt,after_sft,163,0.06923571228981018,,,,
qwen4b_nt,after_sft,164,0.08002528548240662,,,,
qwen4b_nt,after_sft,165,0.07323858886957169,,,,
qwen4b_nt,after_sft,166,0.07614964991807938,,,,
qwen4b_nt,after_sft,167,0.07671038806438446,,,,
qwen4b_nt,after_sft,168,0.06897608935832977,,,,
qwen4b_nt,after_sft,169,0.07696395367383957,,,,
qwen4b_nt,after_sft,170,0.07232222706079483,25.1338688085676,0.17083333333333334,0.12083333333333333,0.4623493975903614
qwen4b_nt,after_sft,171,0.06728750467300415,,,,
qwen4b_nt,after_sft,172,0.0730767697095871,,,,
qwen4b_nt,after_sft,173,0.07285457849502563,,,,
qwen4b_nt,after_sft,174,0.07320626825094223,,,,
qwen4b_nt,after_sft,175,0.07925333827733994,,,,
qwen4b_nt,after_sft,176,0.07060300558805466,,,,
qwen4b_nt,after_sft,177,0.09399110823869705,,,,
qwen4b_nt,after_sft,178,0.10676217824220657,,,,
qwen4b_nt,after_sft,179,0.08950608968734741,,,,
qwen4b_nt,after_sft,180,0.08500843495130539,24.099732262382865,0.125,0.14166666666666666,0.4563253012048193
qwen4b_nt,after_sft,181,0.09651372581720352,,,,
qwen4b_nt,after_sft,182,0.10664678364992142,,,,
qwen4b_nt,after_sft,183,0.1132684126496315,,,,
qwen4b_nt,after_sft,184,0.10931601375341415,,,,
qwen4b_nt,after_sft,185,0.08858597278594971,,,,
qwen4b_nt,after_sft,186,0.08556603640317917,,,,
qwen4b_nt,after_sft,187,0.08504971116781235,,,,
qwen4b_nt,after_sft,188,0.09067603200674057,,,,
qwen4b_nt,after_sft,189,0.09630502760410309,,,,
qwen4b_nt,after_sft,190,0.09846952557563782,24.70883534136546,0.16666666666666666,0.13333333333333333,0.44126506024096385
qwen4b_nt,after_sft,191,0.09035225957632065,,,,
qwen4b_nt,after_sft,192,0.09632453322410583,,,,
qwen4b_nt,after_sft,193,0.11520687490701675,,,,
qwen4b_nt,after_sft,194,0.10701986402273178,,,,
qwen4b_nt,after_sft,195,0.10222602635622025,,,,
qwen4b_nt,after_sft,196,0.12705454230308533,,,,
qwen4b_nt,after_sft,197,0.10480740666389465,,,,
qwen4b_nt,after_sft,198,0.11166185885667801,,,,
qwen4b_nt,after_sft,199,0.10376184433698654,,,,
qwen4b_nt,after_sft,200,0.08613818883895874,22.640562248995984,0.12916666666666668,0.12083333333333333,0.4292168674698795
qwen4b_nt,direct,0,,20.664323962516733,0.12916666666666668,0.09166666666666666,0.3990963855421687
qwen4b_nt,direct,1,0.09871328622102737,,,,
qwen4b_nt,direct,2,0.09216002374887466,,,,
qwen4b_nt,direct,3,0.10120895504951477,,,,
qwen4b_nt,direct,4,0.09758263826370239,,,,
qwen4b_nt,direct,5,0.10411529242992401,,,,
qwen4b_nt,direct,6,0.09380006790161133,,,,
qwen4b_nt,direct,7,0.0983991026878357,,,,
qwen4b_nt,direct,8,0.09380928426980972,,,,
qwen4b_nt,direct,9,0.09089767932891846,,,,
qwen4b_nt,direct,10,0.07646647095680237,23.62449799196787,0.15,0.125,0.43373493975903615
qwen4b_nt,direct,11,0.08543650060892105,,,,
qwen4b_nt,direct,12,0.09854685515165329,,,,
qwen4b_nt,direct,13,0.09154711663722992,,,,
qwen4b_nt,direct,14,0.09832838177680969,,,,
qwen4b_nt,direct,15,0.08076507598161697,,,,
qwen4b_nt,direct,16,0.08994962275028229,,,,
qwen4b_nt,direct,17,0.0826927125453949,,,,
qwen4b_nt,direct,18,0.09204915910959244,,,,
qwen4b_nt,direct,19,0.0827537551522255,,,,
qwen4b_nt,direct,20,0.08829629421234131,24.06459170013387,0.14166666666666666,0.1375,0.4427710843373494
qwen4b_nt,direct,21,0.08811870217323303,,,,
qwen4b_nt,direct,22,0.08352197706699371,,,,
qwen4b_nt,direct,23,0.09832767397165298,,,,
qwen4b_nt,direct,24,0.0861198902130127,,,,
qwen4b_nt,direct,25,0.09106319397687912,,,,
qwen4b_nt,direct,26,0.09687699377536774,,,,
qwen4b_nt,direct,27,0.08807611465454102,,,,
qwen4b_nt,direct,28,0.08513785898685455,,,,
qwen4b_nt,direct,29,0.0871887058019638,,,,
qwen4b_nt,direct,30,0.09008120745420456,23.651271753681392,0.16666666666666666,0.11666666666666667,0.42620481927710846
qwen4b_nt,direct,31,0.0933740884065628,,,,
qwen4b_nt,direct,32,0.08889604359865189,,,,
qwen4b_nt,direct,33,0.08645962923765182,,,,
qwen4b_nt,direct,34,0.09338288754224777,,,,
qwen4b_nt,direct,35,0.08206111192703247,,,,
qwen4b_nt,direct,36,0.08927197754383087,,,,
qwen4b_nt,direct,37,0.0942002385854721,,,,
qwen4b_nt,direct,38,0.0803261399269104,,,,
qwen4b_nt,direct,39,0.07698391377925873,,,,
qwen4b_nt,direct,40,0.09526430815458298,23.639558232931726,0.16666666666666666,0.12083333333333333,0.42168674698795183
qwen4b_nt,direct,41,0.08979237079620361,,,,
qwen4b_nt,direct,42,0.08328171819448471,,,,
qwen4b_nt,direct,43,0.0881216749548912,,,,
qwen4b_nt,direct,44,0.08294103294610977,,,,
qwen4b_nt,direct,45,0.08770082890987396,,,,
qwen4b_nt,direct,46,0.08263739198446274,,,,
qwen4b_nt,direct,47,0.08828718215227127,,,,
qwen4b_nt,direct,48,0.08403917402029037,,,,
qwen4b_nt,direct,49,0.08096200227737427,,,,
qwen4b_nt,direct,50,0.08542102575302124,21.43239625167336,0.14166666666666666,0.09166666666666666,0.40963855421686746
qwen4b_nt,direct,51,0.08699046820402145,,,,
qwen4b_nt,direct,52,0.08575508743524551,,,,
qwen4b_nt,direct,53,0.08285614103078842,,,,
qwen4b_nt,direct,54,0.07570593804121017,,,,
qwen4b_nt,direct,55,0.08502482622861862,,,,
qwen4b_nt,direct,56,0.08515475690364838,,,,
qwen4b_nt,direct,57,0.09752151370048523,,,,
qwen4b_nt,direct,58,0.08923924714326859,,,,
qwen4b_nt,direct,59,0.08424701541662216,,,,
qwen4b_nt,direct,60,0.0765732079744339,22.548527443105755,0.14166666666666666,0.0875,0.44728915662650603
qwen4b_nt,direct,61,0.08587286621332169,,,,
qwen4b_nt,direct,62,0.07884784787893295,,,,
qwen4b_nt,direct,63,0.07816249132156372,,,,
qwen4b_nt,direct,64,0.08598940819501877,,,,
qwen4b_nt,direct,65,0.07840116322040558,,,,
qwen4b_nt,direct,66,0.08218976855278015,,,,
qwen4b_nt,direct,67,0.07927292585372925,,,,
qwen4b_nt,direct,68,0.08930667489767075,,,,
qwen4b_nt,direct,69,0.07500224560499191,,,,
qwen4b_nt,direct,70,0.08418425172567368,20.779785809906294,0.15,0.08333333333333333,0.39006024096385544
qwen4b_nt,direct,71,0.08203466981649399,,,,
qwen4b_nt,direct,72,0.08092222362756729,,,,
qwen4b_nt,direct,73,0.08279761672019958,,,,
qwen4b_nt,direct,74,0.0808253064751625,,,,
qwen4b_nt,direct,75,0.08083033561706543,,,,
qwen4b_nt,direct,76,0.08675192296504974,,,,
qwen4b_nt,direct,77,0.08091306686401367,,,,
qwen4b_nt,direct,78,0.08842235803604126,,,,
qwen4b_nt,direct,79,0.0880289226770401,,,,
qwen4b_nt,direct,80,0.07805512845516205,22.590361445783135,0.15416666666666667,0.09583333333333334,0.42771084337349397
qwen4b_nt,direct,81,0.0817316547036171,,,,
qwen4b_nt,direct,82,0.09406169503927231,,,,
qwen4b_nt,direct,83,0.0787750780582428,,,,
qwen4b_nt,direct,84,0.09122081100940704,,,,
qwen4b_nt,direct,85,0.09781670570373535,,,,
qwen4b_nt,direct,86,0.08242568373680115,,,,
qwen4b_nt,direct,87,0.09846670925617218,,,,
qwen4b_nt,direct,88,0.07991022616624832,,,,
qwen4b_nt,direct,89,0.08022560924291611,,,,
qwen4b_nt,direct,90,0.0811755582690239,24.46619812583668,0.15833333333333333,0.12083333333333333,0.45481927710843373
qwen4b_nt,direct,91,0.08153343945741653,,,,
qwen4b_nt,direct,92,0.07769667357206345,,,,
qwen4b_nt,direct,93,0.08334001153707504,,,,
qwen4b_nt,direct,94,0.080096535384655,,,,
qwen4b_nt,direct,95,0.07377422600984573,,,,
qwen4b_nt,direct,96,0.07032554596662521,,,,
qwen4b_nt,direct,97,0.072593092918396,,,,
qwen4b_nt,direct,98,0.07906278222799301,,,,
qwen4b_nt,direct,99,0.0764278769493103,,,,
qwen4b_nt,direct,100,0.07909318804740906,22.93005354752343,0.1375,0.11666666666666667,0.43373493975903615
qwen4b_nt,direct,101,0.07118985056877136,,,,
qwen4b_nt,direct,102,0.07925141602754593,,,,
qwen4b_nt,direct,103,0.07939960807561874,,,,
qwen4b_nt,direct,104,0.07573974132537842,,,,
qwen4b_nt,direct,105,0.07498045265674591,,,,
qwen4b_nt,direct,106,0.07537247985601425,,,,
qwen4b_nt,direct,107,0.07227537781000137,,,,
qwen4b_nt,direct,108,0.06878259032964706,,,,
qwen4b_nt,direct,109,0.06874332576990128,,,,
qwen4b_nt,direct,110,0.07363435626029968,23.49732262382865,0.14583333333333334,0.12083333333333333,0.4382530120481928
qwen4b_nt,direct,111,0.07167340815067291,,,,
qwen4b_nt,direct,112,0.08247872442007065,,,,
qwen4b_nt,direct,113,0.08311119675636292,,,,
qwen4b_nt,direct,114,0.10247025638818741,,,,
qwen4b_nt,direct,115,0.08713911473751068,,,,
qwen4b_nt,direct,116,0.08585736900568008,,,,
qwen4b_nt,direct,117,0.08932140469551086,,,,
qwen4b_nt,direct,118,0.08980926871299744,,,,
qwen4b_nt,direct,119,0.07733429968357086,,,,
qwen4b_nt,direct,120,0.08222469687461853,23.11914323962517,0.15416666666666667,0.10416666666666667,0.4352409638554217
qwen4b_nt,direct,121,0.08814457058906555,,,,
qwen4b_nt,direct,122,0.08809038251638412,,,,
qwen4b_nt,direct,123,0.09254885464906693,,,,
qwen4b_nt,direct,124,0.08587164431810379,,,,
qwen4b_nt,direct,125,0.07960813492536545,,,,
qwen4b_nt,direct,126,0.0877266451716423,,,,
qwen4b_nt,direct,127,0.09994573146104813,,,,
qwen4b_nt,direct,128,0.08350150287151337,,,,
qwen4b_nt,direct,129,0.0834178701043129,,,,
qwen4b_nt,direct,130,0.07717008143663406,21.86077643908969,0.13333333333333333,0.10833333333333334,0.4141566265060241
qwen4b_nt,direct,131,0.08298632502555847,,,,
qwen4b_nt,direct,132,0.0745154470205307,,,,
qwen4b_nt,direct,133,0.07173826545476913,,,,
qwen4b_nt,direct,134,0.0763564333319664,,,,
qwen4b_nt,direct,135,0.0841892883181572,,,,
qwen4b_nt,direct,136,0.07869255542755127,,,,
qwen4b_nt,direct,137,0.07409331202507019,,,,
qwen4b_nt,direct,138,0.07989829033613205,,,,
qwen4b_nt,direct,139,0.07233118265867233,,,,
qwen4b_nt,direct,140,0.07759342342615128,24.01439089692102,0.14583333333333334,0.13333333333333333,0.44126506024096385
qwen4b_nt,direct,141,0.07981307804584503,,,,
qwen4b_nt,direct,142,0.08227100968360901,,,,
qwen4b_nt,direct,143,0.08370059728622437,,,,
qwen4b_nt,direct,144,0.08600558340549469,,,,
qwen4b_nt,direct,145,0.08190761506557465,,,,
qwen4b_nt,direct,146,0.07958956807851791,,,,
qwen4b_nt,direct,147,0.07872044295072556,,,,
qwen4b_nt,direct,148,0.08275432139635086,,,,
qwen4b_nt,direct,149,0.07631241530179977,,,,
qwen4b_nt,direct,150,0.09334161877632141,25.592369477911646,0.19166666666666668,0.13333333333333333,0.4427710843373494
qwen4b_nt,direct,151,0.07836490869522095,,,,
qwen4b_nt,direct,152,0.07656682282686234,,,,
qwen4b_nt,direct,153,0.08543896675109863,,,,
qwen4b_nt,direct,154,0.09091395884752274,,,,
qwen4b_nt,direct,155,0.0811036229133606,,,,
qwen4b_nt,direct,156,0.08397882431745529,,,,
qwen4b_nt,direct,157,0.08531534671783447,,,,
qwen4b_nt,direct,158,0.08220743387937546,,,,
qwen4b_nt,direct,159,0.07731129229068756,,,,
qwen4b_nt,direct,160,0.07966490089893341,23.11077643908969,0.15833333333333333,0.12083333333333333,0.4141566265060241
qwen4b_nt,direct,161,0.0843738466501236,,,,
qwen4b_nt,direct,162,0.0800333321094513,,,,
qwen4b_nt,direct,163,0.07250414788722992,,,,
qwen4b_nt,direct,164,0.09002549201250076,,,,
qwen4b_nt,direct,165,0.07332505285739899,,,,
qwen4b_nt,direct,166,0.0877896398305893,,,,
qwen4b_nt,direct,167,0.0872621089220047,,,,
qwen4b_nt,direct,168,0.07408856600522995,,,,
qwen4b_nt,direct,169,0.07133916020393372,,,,
qwen4b_nt,direct,170,0.07917943596839905,24.380856760374833,0.15416666666666667,0.1375,0.4397590361445783
qwen4b_nt,direct,171,0.07174821197986603,,,,
qwen4b_nt,direct,172,0.08512362092733383,,,,
qwen4b_nt,direct,173,0.08383665233850479,,,,
qwen4b_nt,direct,174,0.08848036825656891,,,,
qwen4b_nt,direct,175,0.08341600745916367,,,,
qwen4b_nt,direct,176,0.0762428566813469,,,,
qwen4b_nt,direct,177,0.10301349312067032,,,,
qwen4b_nt,direct,178,0.11767812073230743,,,,
qwen4b_nt,direct,179,0.1073671355843544,,,,
qwen4b_nt,direct,180,0.08952150493860245,23.863788487282463,0.175,0.10416666666666667,0.4367469879518072
qwen4b_nt,direct,181,0.09760107100009918,,,,
qwen4b_nt,direct,182,0.11335529386997223,,,,
qwen4b_nt,direct,183,0.10782670974731445,,,,
qwen4b_nt,direct,184,0.11124295741319656,,,,
qwen4b_nt,direct,185,0.09663407504558563,,,,
qwen4b_nt,direct,186,0.09130246192216873,,,,
qwen4b_nt,direct,187,0.08646753430366516,,,,
qwen4b_nt,direct,188,0.10218602418899536,,,,
qwen4b_nt,direct,189,0.10201521962881088,,,,
qwen4b_nt,direct,190,0.10534511506557465,21.54451137884873,0.12083333333333333,0.10833333333333334,0.4171686746987952
qwen4b_nt,direct,191,0.1039866954088211,,,,
qwen4b_nt,direct,192,0.10250966250896454,,,,
qwen4b_nt,direct,193,0.12088759988546371,,,,
qwen4b_nt,direct,194,0.11818397790193558,,,,
qwen4b_nt,direct,195,0.11560160666704178,,,,
qwen4b_nt,direct,196,0.12579725682735443,,,,
qwen4b_nt,direct,197,0.11596743017435074,,,,
qwen4b_nt,direct,198,0.11263511329889297,,,,
qwen4b_nt,direct,199,0.10636827349662781,,,,
qwen4b_nt,direct,200,0.0925554409623146,22.737617135207497,0.12916666666666668,0.10416666666666667,0.44879518072289154
r1_7b,direct,0,,39.85441767068273,0.2916666666666667,0.24583333333333332,0.6581325301204819
r1_7b,direct,1,0.13586676120758057,,,,
r1_7b,direct,2,0.13288651406764984,,,,
r1_7b,direct,3,0.13274848461151123,,,,
r1_7b,direct,4,0.12608160078525543,,,,
r1_7b,direct,5,0.13192550837993622,,,,
r1_7b,direct,6,0.12728694081306458,,,,
r1_7b,direct,7,0.12675358355045319,,,,
r1_7b,direct,8,0.12421814352273941,,,,
r1_7b,direct,9,0.1209564357995987,,,,
r1_7b,direct,10,0.12147201597690582,39.098058902275774,0.3,0.22083333333333333,0.6521084337349398
r1_7b,direct,11,0.12011846154928207,,,,
r1_7b,direct,12,0.13130436837673187,,,,
r1_7b,direct,13,0.12537959218025208,,,,
r1_7b,direct,14,0.1316843181848526,,,,
r1_7b,direct,15,0.1242872104048729,,,,
r1_7b,direct,16,0.12661591172218323,,,,
r1_7b,direct,17,0.11625390499830246,,,,
r1_7b,direct,18,0.11922935396432877,,,,
r1_7b,direct,19,0.11383741348981857,,,,
r1_7b,direct,20,0.12337805330753326,38.05555555555555,0.26666666666666666,0.25,0.625
r1_7b,direct,21,0.11635182797908783,,,,
r1_7b,direct,22,0.11600066721439362,,,,
r1_7b,direct,23,0.11895773559808731,,,,
r1_7b,direct,24,0.12333139777183533,,,,
r1_7b,direct,25,0.11657369136810303,,,,
r1_7b,direct,26,0.12362676113843918,,,,
r1_7b,direct,27,0.12139393389225006,,,,
r1_7b,direct,28,0.1158580407500267,,,,
r1_7b,direct,29,0.1174951121211052,,,,
r1_7b,direct,30,0.11892787367105484,37.24564926372156,0.25833333333333336,0.225,0.6340361445783133
r1_7b,direct,31,0.11667173355817795,,,,
r1_7b,direct,32,0.1210479810833931,,,,
r1_7b,direct,33,0.11606069654226303,,,,
r1_7b,direct,34,0.11658462136983871,,,,
r1_7b,direct,35,0.11417071521282196,,,,
r1_7b,direct,36,0.11814829707145691,,,,
r1_7b,direct,37,0.11553799360990524,,,,
r1_7b,direct,38,0.11121482402086258,,,,
r1_7b,direct,39,0.11253731697797775,,,,
r1_7b,direct,40,0.11915938556194305,41.37048192771085,0.32083333333333336,0.26666666666666666,0.6536144578313253
r1_7b,direct,41,0.10876213759183884,,,,
r1_7b,direct,42,0.10987009108066559,,,,
r1_7b,direct,43,0.11075221002101898,,,,
r1_7b,direct,44,0.109671950340271,,,,
r1_7b,direct,45,0.11616130918264389,,,,
r1_7b,direct,46,0.10427793115377426,,,,
r1_7b,direct,47,0.11092741042375565,,,,
r1_7b,direct,48,0.11313777416944504,,,,
r1_7b,direct,49,0.10779032856225967,,,,
r1_7b,direct,50,0.10664846748113632,40.27443105756358,0.30416666666666664,0.2625,0.641566265060241
r1_7b,direct,51,0.10755342245101929,,,,
r1_7b,direct,52,0.10892582684755325,,,,
r1_7b,direct,53,0.10504425317049026,,,,
r1_7b,direct,54,0.1041569709777832,,,,
r1_7b,direct,55,0.10982684791088104,,,,
r1_7b,direct,56,0.10282883048057556,,,,
r1_7b,direct,57,0.11472805589437485,,,,
r1_7b,direct,58,0.11095431447029114,,,,
r1_7b,direct,59,0.10916449874639511,,,,
r1_7b,direct,60,0.1004742905497551,41.755354752342704,0.3458333333333333,0.2833333333333333,0.6234939759036144
r1_7b,direct,61,0.10702060908079147,,,,
r1_7b,direct,62,0.10301753133535385,,,,
r1_7b,direct,63,0.104655422270298,,,,
r1_7b,direct,64,0.1056320071220398,,,,
r1_7b,direct,65,0.10738755762577057,,,,
r1_7b,direct,66,0.10744202882051468,,,,
r1_7b,direct,67,0.10310550779104233,,,,
r1_7b,direct,68,0.10548108071088791,,,,
r1_7b,direct,69,0.10627735406160355,,,,
r1_7b,direct,70,0.09966155886650085,40.3012048192771,0.31666666666666665,0.25833333333333336,0.6340361445783133
r1_7b,direct,71,0.10897988826036453,,,,
r1_7b,direct,72,0.1067662313580513,,,,
r1_7b,direct,73,0.10872506350278854,,,,
r1_7b,direct,74,0.10504135489463806,,,,
r1_7b,direct,75,0.1090378686785698,,,,
r1_7b,direct,76,0.10871833562850952,,,,
r1_7b,direct,77,0.10229574888944626,,,,
r1_7b,direct,78,0.10906332731246948,,,,
r1_7b,direct,79,0.10657815635204315,,,,
r1_7b,direct,80,0.10516173392534256,40.57898259705488,0.30416666666666664,0.2791666666666667,0.6340361445783133
r1_7b,direct,81,0.10560155659914017,,,,
r1_7b,direct,82,0.11162416636943817,,,,
r1_7b,direct,83,0.10024800151586533,,,,
r1_7b,direct,84,0.10544903576374054,,,,
r1_7b,direct,85,0.10969329625368118,,,,
r1_7b,direct,86,0.11232269555330276,,,,
r1_7b,direct,87,0.11298336833715439,,,,
r1_7b,direct,88,0.1099090501666069,,,,
r1_7b,direct,89,0.10037846118211746,,,,
r1_7b,direct,90,0.10423701256513596,38.74665327978581,0.2791666666666667,0.24166666666666667,0.641566265060241
r1_7b,direct,91,0.10075516253709793,,,,
r1_7b,direct,92,0.10359834879636765,,,,
r1_7b,direct,93,0.10163529962301254,,,,
r1_7b,direct,94,0.1013852208852768,,,,
r1_7b,direct,95,0.09738852083683014,,,,
r1_7b,direct,96,0.09728915244340897,,,,
r1_7b,direct,97,0.10274770110845566,,,,
r1_7b,direct,98,0.10545948147773743,,,,
r1_7b,direct,99,0.09885714203119278,,,,
r1_7b,direct,100,0.10153753310441971,38.989290495314584,0.30416666666666664,0.2375,0.6280120481927711
r1_7b,direct,101,0.0928594172000885,,,,
r1_7b,direct,102,0.09383802115917206,,,,
r1_7b,direct,103,0.09368134289979935,,,,
r1_7b,direct,104,0.09220320731401443,,,,
r1_7b,direct,105,0.0950123518705368,,,,
r1_7b,direct,106,0.09702206403017044,,,,
r1_7b,direct,107,0.09292291849851608,,,,
r1_7b,direct,108,0.09263131767511368,,,,
r1_7b,direct,109,0.08920086920261383,,,,
r1_7b,direct,110,0.09766601026058197,39.375836680053546,0.3,0.22916666666666666,0.6521084337349398
r1_7b,direct,111,0.09087634831666946,,,,
r1_7b,direct,112,0.09703293442726135,,,,
r1_7b,direct,113,0.11151536554098129,,,,
r1_7b,direct,114,0.10866658389568329,,,,
r1_7b,direct,115,0.10529635101556778,,,,
r1_7b,direct,116,0.105862095952034,,,,
r1_7b,direct,117,0.10879795998334885,,,,
r1_7b,direct,118,0.10986361652612686,,,,
r1_7b,direct,119,0.10101336240768433,,,,
r1_7b,direct,120,0.10168751329183578,38.005354752342704,0.25416666666666665,0.2625,0.6234939759036144
r1_7b,direct,121,0.10451411455869675,,,,
r1_7b,direct,122,0.10848764330148697,,,,
r1_7b,direct,123,0.11278487741947174,,,,
r1_7b,direct,124,0.10724025964736938,,,,
r1_7b,direct,125,0.10171520709991455,,,,
r1_7b,direct,126,0.1008719652891159,,,,
r1_7b,direct,127,0.11464250832796097,,,,
r1_7b,direct,128,0.10707871615886688,,,,
r1_7b,direct,129,0.10084518790245056,,,,
r1_7b,direct,130,0.1039033904671669,41.76037483266399,0.31666666666666665,0.275,0.661144578313253
r1_7b,direct,131,0.10172447562217712,,,,
r1_7b,direct,132,0.10170666873455048,,,,
r1_7b,direct,133,0.09266733378171921,,,,
r1_7b,direct,134,0.10114747285842896,,,,
r1_7b,direct,135,0.0982074961066246,,,,
r1_7b,direct,136,0.09811752289533615,,,,
r1_7b,direct,137,0.09299078583717346,,,,
r1_7b,direct,138,0.09194774180650711,,,,
r1_7b,direct,139,0.09722160547971725,,,,
r1_7b,direct,140,0.09436774253845215,38.820281124497996,0.2875,0.225,0.6521084337349398
r1_7b,direct,141,0.09584309905767441,,,,
r1_7b,direct,142,0.10288457572460175,,,,
r1_7b,direct,143,0.096232108771801,,,,
r1_7b,direct,144,0.09667312353849411,,,,
r1_7b,direct,145,0.09805180877447128,,,,
r1_7b,direct,146,0.09447769075632095,,,,
r1_7b,direct,147,0.09530948847532272,,,,
r1_7b,direct,148,0.09705979377031326,,,,
r1_7b,direct,149,0.0953231230378151,,,,
r1_7b,direct,150,0.10096751898527145,40.32463186077644,0.325,0.24166666666666667,0.6430722891566265
r1_7b,direct,151,0.09288574010133743,,,,
r1_7b,direct,152,0.09479091316461563,,,,
r1_7b,direct,153,0.0981997698545456,,,,
r1_7b,direct,154,0.1040336936712265,,,,
r1_7b,direct,155,0.09719427675008774,,,,
r1_7b,direct,156,0.09414513409137726,,,,
r1_7b,direct,157,0.09753043204545975,,,,
r1_7b,direct,158,0.09944073855876923,,,,
r1_7b,direct,159,0.09485866129398346,,,,
r1_7b,direct,160,0.09865692257881165,39.263721552878174,0.3,0.23333333333333334,0.6445783132530121
r1_7b,direct,161,0.10165949910879135,,,,
r1_7b,direct,162,0.09691824018955231,,,,
r1_7b,direct,163,0.09564121067523956,,,,
r1_7b,direct,164,0.10270531475543976,,,,
r1_7b,direct,165,0.0946386307477951,,,,
r1_7b,direct,166,0.09623362123966217,,,,
r1_7b,direct,167,0.09652479737997055,,,,
r1_7b,direct,168,0.09501463919878006,,,,
r1_7b,direct,169,0.09463247656822205,,,,
r1_7b,direct,170,0.09581758826971054,42.17704149933066,0.32916666666666666,0.275,0.661144578313253
r1_7b,direct,171,0.09676840901374817,,,,
r1_7b,direct,172,0.09454428404569626,,,,
r1_7b,direct,173,0.09720736742019653,,,,
r1_7b,direct,174,0.10045384615659714,,,,
r1_7b,direct,175,0.0959114283323288,,,,
r1_7b,direct,176,0.10211177915334702,,,,
r1_7b,direct,177,0.12147143483161926,,,,
r1_7b,direct,178,0.14721554517745972,,,,
r1_7b,direct,179,0.12329015135765076,,,,
r1_7b,direct,180,0.11720169335603714,39.05120481927711,0.30416666666666664,0.23333333333333334,0.6340361445783133
r1_7b,direct,181,0.1316421777009964,,,,
r1_7b,direct,182,0.14196404814720154,,,,
r1_7b,direct,183,0.13808608055114746,,,,
r1_7b,direct,184,0.14326605200767517,,,,
r1_7b,direct,185,0.1272152066230774,,,,
r1_7b,direct,186,0.13196496665477753,,,,
r1_7b,direct,187,0.11270906776189804,,,,
r1_7b,direct,188,0.1262594759464264,,,,
r1_7b,direct,189,0.11995720118284225,,,,
r1_7b,direct,190,0.13160941004753113,39.8309906291834,0.32083333333333336,0.225,0.6490963855421686
r1_7b,direct,191,0.12582829594612122,,,,
r1_7b,direct,192,0.12750937044620514,,,,
r1_7b,direct,193,0.1438891738653183,,,,
r1_7b,direct,194,0.13758514821529388,,,,
r1_7b,direct,195,0.12874984741210938,,,,
r1_7b,direct,196,0.15103593468666077,,,,
r1_7b,direct,197,0.13586343824863434,,,,
r1_7b,direct,198,0.13721351325511932,,,,
r1_7b,direct,199,0.13637606799602509,,,,
r1_7b,direct,200,0.1169317439198494,42.65562248995983,0.29583333333333334,0.31666666666666665,0.6671686746987951
