teacher,step,F_top16,g2_crossfit,X_dot,chi,one_plus_chi,nu_crossfit,mu_crossfit,direct_cosine,num_prompts,num_trajectories
Qwen3-14B,10,0.12282192707061768,3.0816086586963447,0.14318557874386378,0.04646455621150725,1.0464645562115074,12.545027821462217,13.127926971847472,0.9501606916858995,16,128
Qwen3-14B,20,0.12122026085853577,2.188433216536171,2.289727003025928,1.0462859847512658,2.0462859847512656,9.02668100082678,18.471170820812368,0.9015529622688839,16,128
Qwen3-14B,30,0.12021416425704956,2.0343255720906774,1.2724580465820519,0.6254938069103394,1.6254938069103395,8.461255643117635,13.753718646572878,0.9011134862628072,16,128
Qwen3-14B,40,0.12104076147079468,2.1365649596136507,0.46144877109729293,0.2159769442164471,1.2159769442164472,8.82580749485066,10.731978427831121,0.8878808771588738,16,128
Qwen3-14B,50,0.12002824246883392,1.9751902668949688,1.239789729036236,0.6276811656151008,1.6276811656151007,8.228022916126992,13.392597930829343,0.9331979283411308,16,128
Qwen3-14B,60,0.12021736055612564,2.072946151089316,-0.7238682284909217,-0.34919779662898376,0.6508022033710162,8.62165918783312,5.610994796155762,0.9210538088108502,16,128
Qwen3-14B,70,0.12130173295736313,2.1212020459687064,0.6384060417881293,0.3009642777789153,1.3009642777789154,8.743495110393335,11.374974801556343,0.9161265925143686,16,128
Qwen3-14B,80,0.12005344033241272,2.082378572861689,-0.8681682884444661,-0.41691184290827293,0.583088157091727,8.672714701683825,5.056957232387148,0.933300361298634,16,128
Qwen3-14B,90,0.11949609965085983,2.080641435352294,0.19192526415694033,0.09224331540068727,1.0922433154006872,8.705896791788408,9.508957575399178,0.9251187433753061,16,128
Qwen3-14B,100,0.120079904794693,1.9935058164031878,-0.20662016696758428,-0.10364663361774472,0.8963533663822553,8.300746675463856,7.440402226038341,0.9156503981615332,16,128
Qwen3-14B,110,0.12027554214000702,2.032887097208496,1.378977882120494,0.6783347112656025,1.6783347112656024,8.45095805681456,14.18353625020158,0.9330843016094396,16,128
Qwen3-14B,120,0.11964685469865799,1.8970504256915313,-2.2483743154672107,-1.185194808223198,-0.185194808223198,7.92770700978005,-1.468170179325919,0.9106375242752659,16,128
Qwen3-14B,130,0.11976027488708496,1.988653187989076,0.47457012604309445,0.23863895872310406,1.2386389587231041,8.302640640284565,10.2839741573342,0.9236988395795088,16,128
Qwen3-14B,140,0.12104624509811401,2.122264320137395,-1.391187515940905,-0.6555203811044799,0.34447961889552015,8.766336639973126,3.019824304847777,0.9009715264028482,16,128
Qwen3-14B,150,0.1224314272403717,2.1297380908353776,0.5140642010720149,0.2413743752267567,1.2413743752267568,8.697677295068543,10.79707371808966,0.9184062835590106,16,128
Qwen3-14B,160,0.1215844377875328,2.086856663070634,2.9001833897794915,1.3897377050861346,2.3897377050861346,8.581923410768205,20.508545956874183,0.9136705712065262,16,128
Qwen3-14B,170,0.12151830643415451,2.2167923334313544,-0.8375086071985757,-0.37780201355270976,0.6221979864472902,9.121227700985358,5.675209509480336,0.9161792908881655,16,128
Qwen3-14B,180,0.12162875384092331,2.151103554640714,0.21512685268501058,0.10000766918956719,1.1000076691895673,8.842906898837109,9.727265406650153,0.9239118786570515,16,128
Qwen3-14B,190,0.12197057902812958,2.0446252053900182,-1.2329712542280546e-05,-6.030304483079391e-06,0.9999939696955169,8.381632066412733,8.381581522619307,0.9088644879147795,16,128
Qwen3-14B,200,0.12245604395866394,2.196868951201164,-0.6974742692174725,-0.31748560551876354,0.6825143944812364,8.970031273994792,6.1221754634483085,0.9163057396774531,16,128
