teacher,step,opd_loss,remaining_loss_fraction,grad_norm_preclip,grad_norm_clip1,nu_train,nu_train_clip1,was_clipped
RL-Code,1,0.11997062712907791,1.0,12.843954086303711,1,687.5314421487001,4.167686807722058,1
RL-Code,2,0.16582177579402924,1.382186454819641,14.47055721282959,1,631.3918212704192,3.015285523302203,1
RL-Code,3,0.15207141637802124,1.2675720717405743,13.023502349853516,1,557.6709203359333,3.287928868611923,1
RL-Code,4,0.1497877836227417,1.2485371395248532,12.63579273223877,1,532.9648857553997,3.33805593424968,1
RL-Code,5,0.1015283614397049,0.8462768251637899,8.727495193481445,1,375.11278263599604,4.924732290660844,1
RL-Code,6,0.09168774634599686,0.7642516217519548,7.875814914703369,1,338.2592715093615,5.453291414898326,1
RL-Code,7,0.07609311491250992,0.6342645423586923,6.435134410858154,1,272.10710807031666,6.570896730602871,1
RL-Code,8,0.07895231246948242,0.6580970222364232,6.677605152130127,1,282.38824914083693,6.3329367356183,1
RL-Code,9,0.03470146656036377,0.28924968878447244,3.3112380504608154,1,157.98031774459685,14.408612936581276,1
RL-Code,10,0.029363948851823807,0.2447594845047427,2.9571921825408936,1,148.90683893726063,17.02768256827776,1
RL-Code,11,0.02271871641278267,0.18936898936386584,2.4060733318328857,1,127.4101224068302,22.008285631783114,1
RL-Code,12,0.02593841403722763,0.21620637199237247,2.770036458969116,1,147.91000662194463,19.27642913257473,1
RL-Code,13,0.017032578587532043,0.141972906161493,1.975520372390747,1,114.56517642571346,29.35550817690066,1
RL-Code,14,0.015980346128344536,0.13320215548386757,1.9202035665512085,1,115.36614123945607,31.2884336787389,1
RL-Code,15,0.01221870444715023,0.1018474666636857,1.4505327939987183,1,86.0993649353903,40.92086867005078,1
RL-Code,16,0.00922314915806055,0.07687839414340351,1.0059573650360107,1,54.85925701341402,54.21141861974834,1
RL-Code,17,0.010654998943209648,0.08881339706381464,1.5174983739852905,1,108.06201517812251,46.926330322974486,1
RL-Code,18,0.014021630398929119,0.11687552807274293,1.793620228767395,1,114.71824008744737,35.65919124770161,1
RL-Code,19,0.015130853280425072,0.12612131521281117,1.9041906595230103,1,119.81948409035175,33.04506300691282,1
RL-Code,20,0.014023149386048317,0.11688818939789848,1.794486165046692,1,114.81659746660593,35.65532864517951,1
RL-Code,21,0.01304381713271141,0.1087250891726806,1.7238913774490356,1,113.9160972208979,38.33233745251574,1
RL-Code,22,0.011674120090901852,0.09730815258922935,1.5785925388336182,1,106.72985990624066,42.82978041228749,1
RL-Code,23,0.010671081952750683,0.08894745495719991,1.4387379884719849,1,96.98955591559478,46.85560491559294,1
RL-Code,24,0.008539198897778988,0.07117741318957645,1.1261283159255981,1,74.25550096152864,58.5535020305064,1
RL-Code,25,0.007275891490280628,0.06064727395691951,0.987280547618866,0.987280547618866,66.98305499804898,66.98305499804898,0
RL-Code,26,0.0065703196451067924,0.0547660690148573,0.7604808211326599,0.7604808211326599,44.010878507357965,44.010878507357965,0
RL-Code,27,0.005529291462153196,0.04608871016573217,0.6706773638725281,0.6706773638725281,40.67502405053548,40.67502405053548,0
RL-Code,28,0.0050500198267400265,0.04209380202127848,0.5651349425315857,0.5651349425315857,31.6214108288312,31.6214108288312,0
RL-Code,29,0.004795336630195379,0.03997092242450326,0.5751747488975525,0.5751747488975525,34.49455348830052,34.49455348830052,0
RL-Code,30,0.005114398431032896,0.04263042174090038,0.6438145637512207,0.6438145637512207,40.52257543947973,40.52257543947973,0
RL-Code,31,0.005071392748504877,0.04227195330944217,0.6838927865028381,0.6838927865028381,46.11251451275434,46.11251451275434,0
RL-Code,32,0.00460952240973711,0.03842209147392109,0.6632213592529297,0.6632213592529297,47.71238018499945,47.71238018499945,0
RL-Code,33,0.004715621471405029,0.039306466793171235,0.6496984362602234,0.6496984362602234,44.756355088994404,44.756355088994404,0
RL-Code,34,0.004500246606767178,0.03751123682903904,0.5386999845504761,0.5386999845504761,32.24241899525048,32.24241899525048,0
RL-Code,35,0.003866038750857115,0.03222487740017892,0.5632573962211609,0.5632573962211609,41.03152022564497,41.03152022564497,0
RL-Code,36,0.003725726157426834,0.03105531951098562,0.4879736602306366,0.4879736602306366,31.955957445264943,31.955957445264943,0
RL-Code,37,0.003649578196927905,0.030420597810172968,0.44623708724975586,0.44623708724975586,27.280897584927107,27.280897584927107,0
RL-Code,38,0.003117853309959173,0.025988472216658794,0.37034520506858826,0.37034520506858826,21.99519305144774,21.99519305144774,0
RL-Code,39,0.0027868987526744604,0.023229842331956813,0.3409793972969055,0.3409793972969055,20.859557468563366,20.859557468563366,0
RL-Code,40,0.002948044566437602,0.024573052896237374,0.3150501549243927,0.3150501549243927,16.834311334347444,16.834311334347444,0
RL-Code,41,0.002587344963103533,0.021566486939505414,0.31272387504577637,0.31272387504577637,18.898953061585438,18.898953061585438,0
RL-Code,42,0.0025623065885156393,0.021357782732591882,0.364178866147995,0.364178866147995,25.880245389696025,25.880245389696025,0
RL-Code,43,0.0023518980015069246,0.019603948547976563,0.3358970582485199,0.3358970582485199,23.986336496675953,23.986336496675953,0
RL-Code,44,0.0022524346131831408,0.018774884045239824,0.37595072388648987,0.37595072388648987,31.37470583242271,31.37470583242271,0
RL-Code,45,0.002451130421832204,0.020431087846152555,0.3325728476047516,0.3325728476047516,22.561977522447997,22.561977522447997,0
RL-Code,46,0.002020501531660557,0.016841635156967828,0.2966305613517761,0.2966305613517761,21.77422005108681,21.77422005108681,0
RL-Code,47,0.0020159438718110323,0.01680364535930993,0.27121299505233765,0.27121299505233765,18.24368468631508,18.24368468631508,0
RL-Code,48,0.0017073247581720352,0.014231189742261686,0.2622945308685303,0.2622945308685303,20.14801829418854,20.14801829418854,0
RL-Code,49,0.002052596304565668,0.017109157080234763,0.24120889604091644,0.24120889604091644,14.172716622324076,14.172716622324076,0
RL-Code,50,0.001739412546157837,0.014498653443616503,0.1892033964395523,0.1892033964395523,10.29023428149231,10.29023428149231,0
RL-Code,51,0.0019279499538242817,0.01607018317700362,0.17159485816955566,0.17159485816955566,7.636296598836299,7.636296598836299,0
RL-Code,52,0.0017825406976044178,0.014858142699267211,0.17506840825080872,0.17506840825080872,8.596983959093162,8.596983959093162,0
RL-Code,53,0.0015795114450156689,0.013165818024075614,0.17707610130310059,0.17707610130310059,9.925836799617139,9.925836799617139,0
RL-Code,54,0.001995296450331807,0.016631541387085044,0.1997736096382141,0.1997736096382141,10.000893626920655,10.000893626920655,0
RL-Code,55,0.0017615389078855515,0.014683084935367467,0.21662203967571259,0.21662203967571259,13.31935044500157,13.31935044500157,0
RL-Code,56,0.0018017806578427553,0.015018514956200043,0.2280057966709137,0.2280057966709137,14.4264628131209,14.4264628131209,0
RL-Code,57,0.001815191120840609,0.015130296175643243,0.23901095986366272,0.23901095986366272,15.735598934754158,15.735598934754158,0
RL-Code,58,0.0015881754225119948,0.013238035513503292,0.1951872557401657,0.1951872557401657,11.994287363771717,11.994287363771717,0
RL-Code,59,0.0016141487285494804,0.013454532723354005,0.17156758904457092,0.17156758904457092,9.117944675710982,9.117944675710982,0
RL-Code,60,0.0014366669347509742,0.011975155662104242,0.1742698699235916,0.1742698699235916,10.569599267783575,10.569599267783575,0
RL-Code,61,0.001374430488795042,0.011456391632564152,0.1251925677061081,0.1251925677061081,5.7016994080905015,5.7016994080905015,0
RL-Code,62,0.0013273537624627352,0.011063989529992359,0.1190873384475708,0.1190873384475708,5.342130553129171,5.342130553129171,0
RL-Code,63,0.0014581236755475402,0.012154005613213363,0.13556410372257233,0.13556410372257233,6.301806398967963,6.301806398967963,0
RL-Code,64,0.001345488941296935,0.011215153021158308,0.108193539083004,0.108193539083004,4.350032742752272,4.350032742752272,0
RL-Code,65,0.0014003150863572955,0.011672149424130949,0.15587109327316284,0.15587109327316284,8.6751181769286,8.6751181769286,0
RL-Code,66,0.0012997782323509455,0.010834137183866662,0.14560119807720184,0.14560119807720184,8.15512537210754,8.15512537210754,0
RL-Code,67,0.001417522318661213,0.01181557813427184,0.1608731597661972,0.1608731597661972,9.12866527477433,9.12866527477433,0
RL-Code,68,0.0012636773753911257,0.010533223053268858,0.14012829959392548,0.14012829959392548,7.769364526688364,7.769364526688364,0
RL-Code,69,0.0013381384778767824,0.011153884162304681,0.15436245501041412,0.15436245501041412,8.903326490786485,8.903326490786485,0
RL-Code,70,0.0012192386202514172,0.01016280942617415,0.11982930451631546,0.11982930451631546,5.888536494153582,5.888536494153582,0
RL-Code,71,0.0012189665576443076,0.0101605416826971,0.10244905203580856,0.10244905203580856,4.305207635605401,4.305207635605401,0
RL-Code,72,0.0012619653716683388,0.010518952862608398,0.08187682181596756,0.08187682181596756,2.6561005956213957,2.6561005956213957,0
RL-Code,73,0.0012024542083963752,0.010022905082446885,0.07834074646234512,0.07834074646234512,2.5519776609465525,2.5519776609465525,0
RL-Code,74,0.0011460556415840983,0.009552801956690971,0.1006244644522667,0.1006244644522667,4.417448193139269,4.417448193139269,0
RL-Code,75,0.0010951119475066662,0.009128167233204686,0.11510533839464188,0.11510533839464188,6.04926234122031,6.04926234122031,0
RL-Code,76,0.0011987515026703477,0.009992041646832402,0.12119323760271072,0.12119323760271072,6.126290898450781,6.126290898450781,0
RL-Code,77,0.0010648890165612102,0.008876247812020543,0.11621203273534775,0.11621203273534775,6.341147454076146,6.341147454076146,0
RL-Code,78,0.0011622697347775102,0.009687952481293689,0.07831113785505295,0.07831113785505295,2.6382147485441747,2.6382147485441747,0
RL-Code,79,0.0011927655432373285,0.009942146438511296,0.09925610572099686,0.09925610572099686,4.129803454985229,4.129803454985229,0
RL-Code,80,0.0010641871485859156,0.008870397480217746,0.09270857274532318,0.09270857274532318,4.038236823239078,4.038236823239078,0
RL-Code,81,0.0010645753936842084,0.008873633648166382,0.07447709143161774,0.07447709143161774,2.605187561642506,2.605187561642506,0
RL-Code,82,0.0010618146043270826,0.008850621437401198,0.06350954622030258,0.06350954622030258,1.8993251951290158,1.8993251951290158,0
RL-Code,83,0.0010917673353105783,0.009100288640951523,0.07830356061458588,0.07830356061458588,2.8080376681987342,2.8080376681987342,0
RL-Code,84,0.0010399466846138239,0.00866834415639865,0.09281212091445923,0.09281212091445923,4.141601639818187,4.141601639818187,0
RL-Code,85,0.0010650495532900095,0.008877585945634087,0.08820059895515442,0.08820059895515442,3.6521050274219946,3.6521050274219946,0
RL-Code,86,0.0010545158293098211,0.008789783420697254,0.08310829102993011,0.08310829102993011,3.274957021003741,3.274957021003741,0
RL-Code,87,0.0010588656878098845,0.008826041116469598,0.07617206871509552,0.07617206871509552,2.7398111578902133,2.7398111578902133,0
RL-Code,88,0.0009341879631392658,0.0077868056998165154,0.07300272583961487,0.07300272583961487,2.852422740550492,2.852422740550492,0
RL-Code,89,0.0010440554469823837,0.008702592225837674,0.08412175625562668,0.08412175625562668,3.3889339383191146,3.3889339383191146,0
RL-Code,90,0.0009749265154823661,0.008126376754148583,0.06272874027490616,0.06272874027490616,2.0180468958369437,2.0180468958369437,0
RL-Code,91,0.0010030014673247933,0.008360391966990816,0.0734548419713974,0.0734548419713974,2.6897337565388377,2.6897337565388377,0
RL-Code,92,0.000977290328592062,0.008146080019574984,0.0724957287311554,0.0724957287311554,2.688878898368318,2.688878898368318,0
RL-Code,93,0.0009344532736577094,0.00778901716211185,0.07157314568758011,0.07157314568758011,2.741022653580012,2.741022653580012,0
RL-Code,94,0.0009522929321974516,0.00793771738121255,0.07595137506723404,0.07595137506723404,3.0288008970582054,3.0288008970582054,0
RL-Code,95,0.0009244377142749727,0.007705533732689073,0.1054033562541008,0.1054033562541008,6.008986510433669,6.008986510433669,0
RL-Code,96,0.000970476190559566,0.008089281633206921,0.08286644518375397,0.08286644518375397,3.5378754286762826,3.5378754286762826,0
RL-Code,97,0.0010035793529823422,0.008365208859853491,0.07328066974878311,0.07328066974878311,2.6754518927038453,2.6754518927038453,0
RL-Code,98,0.0008739837212488055,0.007284980850424958,0.4868250787258148,0.4868250787258148,135.58528123255917,135.58528123255917,0
RL-Code,99,0.0010689698392525315,0.008910262993811088,0.0769803449511528,0.0769803449511528,2.771815111707064,2.771815111707064,0
RL-Code,100,0.0009752667974680662,0.008129213131633999,0.05786890909075737,0.05786890909075737,1.716868988080153,1.716868988080153,0
RL-Code,101,0.0009505587513558567,0.007923262335981111,0.07153798639774323,0.07153798639774323,2.69193434416544,2.69193434416544,0
RL-Code,102,0.0009130550315603614,0.00761065481951673,0.09743554145097733,0.09743554145097733,5.198856810208323,5.198856810208323,0
RL-Code,103,0.0008835814660415053,0.007364981639137794,0.054473474621772766,0.054473474621772766,1.6791657314083661,1.6791657314083661,0
RL-Code,104,0.0009406120516359806,0.007840352877575311,0.06581392139196396,0.06581392139196396,2.302475415583928,2.302475415583928,0
RL-Code,105,0.0009052524692378938,0.007545617547401176,0.0692150816321373,0.0692150816321373,2.646072608548976,2.646072608548976,0
RL-Code,106,0.0008884260314516723,0.0074053629018359934,0.06695423275232315,0.06695423275232315,2.5229276972711694,2.5229276972711694,0
RL-Code,107,0.0008428659639321268,0.007025602717115721,0.05877254903316498,0.05877254903316498,2.0490876768479516,2.0490876768479516,0
RL-Code,108,0.0009364240104332566,0.0078054439894337324,0.07891029119491577,0.07891029119491577,3.3247941034667745,3.3247941034667745,0
RL-Code,109,0.0008343835361301899,0.0069548985122205465,0.04909570515155792,0.04909570515155792,1.444412647154998,1.444412647154998,0
RL-Code,110,0.0009223695960827172,0.007688295194875726,0.07069197297096252,0.07069197297096252,2.708976457892232,2.708976457892232,0
RL-Code,111,0.0009176595485769212,0.007649035189168427,0.07091781497001648,0.07091781497001648,2.740306297646462,2.740306297646462,0
RL-Code,112,0.0008327680407091975,0.006941432754312536,0.07763629406690598,0.07763629406690598,3.6188913729866976,3.6188913729866976,0
RL-Code,113,0.0008806906407698989,0.0073408855304419865,0.08159876614809036,0.08159876614809036,3.780191550048725,3.780191550048725,0
RL-Code,114,0.0008641259628348053,0.007202812751033478,0.07809176295995712,0.07809176295995712,3.528607925509088,3.528607925509088,0
RL-Code,115,0.0008444777340628207,0.007039037423337268,0.06611546128988266,0.06611546128988266,2.5881406017324284,2.5881406017324284,0
RL-Code,116,0.0008262406336143613,0.006887024377436975,0.11088673770427704,0.11088673770427704,7.44085203417634,7.44085203417634,0
RL-Code,117,0.0009058882715180516,0.007550917196951842,0.11304645240306854,0.11304645240306854,7.053574266671905,7.053574266671905,0
RL-Code,118,0.0008591617224738002,0.007161433952907633,0.07043639570474625,0.07043639570474625,2.887282865436832,2.887282865436832,0
RL-Code,119,0.0008791302680037916,0.0073278792404571184,0.05937441065907478,0.05937441065907478,2.0050047014745993,2.0050047014745993,0
RL-Code,120,0.0008361907093785703,0.006969961976433633,0.05880085751414299,0.05880085751414299,2.067435577565839,2.067435577565839,0
RL-Code,121,0.000749251979868859,0.006245295184318153,0.06875300407409668,0.06875300407409668,3.1544631820927007,3.1544631820927007,0
RL-Code,122,0.0008651659591123462,0.007211481508565452,0.06354660540819168,0.06354660540819168,2.333755169382502,2.333755169382502,0
RL-Code,123,0.0008620932349003851,0.007185869204241536,0.180111363530159,0.180111363530159,18.814730216762193,18.814730216762193,0
RL-Code,124,0.000836223247461021,0.0069702331935075895,0.05817766487598419,0.05817766487598419,2.0237662016087956,2.0237662016087956,0
RL-Code,125,0.0008575049578212202,0.007147624200535517,0.0629173070192337,0.0629173070192337,2.3082009535027286,2.3082009535027286,0
RL-Code,126,0.000819577369838953,0.006831483584370693,0.05397513881325722,0.05397513881325722,1.7773279967959903,1.7773279967959903,0
RL-Code,127,0.0007902352954261005,0.006586906431487404,0.06853941082954407,0.06853941082954407,2.972311452077078,2.972311452077078,0
RL-Code,128,0.0008679604507051408,0.007234774640056614,0.08275540918111801,0.08275540918111801,3.9451438963437258,3.9451438963437258,0
RL-Code,129,0.000829489843454212,0.006914107755407108,0.06161515787243843,0.06161515787243843,2.2884111900853403,2.2884111900853403,0
RL-Code,130,0.0008530270424671471,0.007110299103040985,0.0937313586473465,0.0937313586473465,5.149641896737323,5.149641896737323,0
RL-Code,131,0.0008226286736316979,0.006856917341497443,0.07043464481830597,0.07043464481830597,3.0153575663605188,3.0153575663605188,0
RL-Code,132,0.0008470216416753829,0.007060241843731146,0.5683887600898743,0.5683887600898743,190.70692335410135,190.70692335410135,0
RL-Code,133,0.0008320893975906074,0.006935776010367537,0.07959858328104019,0.07959858328104019,3.8072438362362155,3.8072438362362155,0
RL-Code,134,0.0007849916582927108,0.006543198756876784,0.05068933963775635,0.05068933963775635,1.636583730392792,1.636583730392792,0
RL-Code,135,0.0007647573947906494,0.006374538610753758,0.049938831478357315,0.049938831478357315,1.6305085157800059,1.6305085157800059,0
RL-Code,136,0.0008398866630159318,0.007000769130866401,0.08052343875169754,0.08052343875169754,3.8600590257708314,3.8600590257708314,0
RL-Code,137,0.0008494973881170154,0.007080878115299259,0.06885196268558502,0.06885196268558502,2.790233867678585,2.790233867678585,0
RL-Code,138,0.0008071227348409593,0.006727669548418429,0.050052739679813385,0.050052739679813385,1.5519800405255721,1.5519800405255721,0
RL-Code,139,0.0008071209886111319,0.006727654992940399,0.06654052436351776,0.06654052436351776,2.7428610115757524,2.7428610115757524,0
RL-Code,140,0.0007811254472471774,0.006510972443336106,0.05978204682469368,0.05978204682469368,2.2876563138129042,2.2876563138129042,0
RL-Code,141,0.0008063126006163657,0.006720916776977783,0.05825217440724373,0.05825217440724373,2.10421852553092,2.10421852553092,0
RL-Code,142,0.0008351469878107309,0.006961262167215195,0.09962891042232513,0.09962891042232513,5.942618447298521,5.942618447298521,0
RL-Code,143,0.0007688062032684684,0.006408286942113757,0.06163278594613075,0.06163278594613075,2.470453728997225,2.470453728997225,0
RL-Code,144,0.0008180285803973675,0.006818573845723422,0.06918414682149887,0.06918414682149887,2.925598375238697,2.925598375238697,0
RL-Code,145,0.0007318350835703313,0.006100118846448479,0.04334518313407898,0.04334518313407898,1.2836258763114399,1.2836258763114399,0
RL-Code,146,0.0007117583882063627,0.005932772089626346,0.05034714937210083,0.05034714937210083,1.7806853364134143,1.7806853364134143,0
RL-Code,147,0.000775698630604893,0.006465737899080156,0.08003062754869461,0.08003062754869461,4.128472768376108,4.128472768376108,0
RL-Code,148,0.0007475439342670143,0.0062310579860745605,0.07614929229021072,0.07614929229021072,3.8785109814219365,3.8785109814219365,0
RL-Code,149,0.0007622662815265357,0.006353774250978982,0.05388287082314491,0.05388287082314491,1.9044288318311575,1.9044288318311575,0
RL-Code,150,0.0007758410647511482,0.0064669251409047905,0.047160107642412186,0.047160107642412186,1.433332066250759,1.433332066250759,0
RL-Code,151,0.0007815624703653157,0.006514615194304375,0.05840684100985527,0.05840684100985527,2.1823969331306197,2.1823969331306197,0
RL-Code,152,0.0008179984870366752,0.006818323006318708,0.06545589864253998,0.06545589864253998,2.618876889750513,2.618876889750513,0
RL-Code,153,0.0008033875492401421,0.0066965353809125905,0.05751820281147957,0.05751820281147957,2.0589960958391655,2.0589960958391655,0
RL-Code,154,0.0007407801458612084,0.00617467928265636,0.07212664932012558,0.07212664932012558,3.511334348803578,3.511334348803578,0
RL-Code,155,0.0007868970278650522,0.006559080724137749,0.11420555412769318,0.11420555412769318,8.287557413325388,8.287557413325388,0
RL-Code,156,0.0008322279900312424,0.006936931230140506,0.07300923764705658,0.07300923764705658,3.2024570464184214,3.2024570464184214,0
RL-Code,157,0.0007284640450961888,0.006072019981294464,0.04792492836713791,0.04792492836713791,1.576466796444307,1.576466796444307,0
RL-Code,158,0.0007140609668567777,0.005951964942956499,0.0809810608625412,0.0809810608625412,4.591997408351516,4.591997408351516,0
RL-Code,159,0.0007074052118696272,0.005896486738445745,0.04982712119817734,0.04982712119817734,1.7548230951932933,1.7548230951932933,0
RL-Code,160,0.0007594464113935828,0.006330269579873787,0.05634774640202522,0.05634774640202522,2.0903835194643303,2.0903835194643303,0
RL-Code,161,0.0007299561984837055,0.006084457637270967,0.0495704710483551,0.0495704710483551,1.683136334111603,1.683136334111603,0
RL-Code,162,0.0007652359781786799,0.006378527782099137,0.05135561525821686,0.05135561525821686,1.7232587683783553,1.7232587683783553,0
RL-Code,163,0.0007882731733843684,0.006570551411190469,0.06688784807920456,0.06688784807920456,2.83783869077909,2.83783869077909,0
RL-Code,164,0.000720530457329005,0.00600589056314407,0.0713600292801857,0.0713600292801857,3.533683917919212,3.533683917919212,0
RL-Code,165,0.0007141701644286513,0.005952875145515965,0.042393434792757034,0.042393434792757034,1.2582458656513162,1.2582458656513162,0
RL-Code,166,0.0007509015849791467,0.006259045259230347,0.07974472641944885,0.07974472641944885,4.234390710394722,4.234390710394722,0
RL-Code,167,0.0007314190734177828,0.006096651246399169,0.09587126225233078,0.09587126225233078,6.283196090926359,6.283196090926359,0
RL-Code,168,0.0007125910487957299,0.005939712626733577,0.0755254477262497,0.0755254477262497,4.0023610062814585,4.0023610062814585,0
RL-Code,169,0.0007369833765551448,0.006143031791958669,0.054068442434072495,0.054068442434072495,1.9833530580508745,1.9833530580508745,0
RL-Code,170,0.0007292386144399643,0.006078476306165903,0.05936063081026077,0.05936063081026077,2.416002403341035,2.416002403341035,0
RL-Code,171,0.0007419685134664178,0.00618458477063827,0.06754561513662338,0.06754561513662338,3.0745308199600205,3.0745308199600205,0
RL-Code,172,0.0007244233274832368,0.006038339090316004,0.05808606743812561,0.05808606743812561,2.3287428099176934,2.3287428099176934,0
RL-Code,173,0.0007293543894775212,0.006079441334359281,0.07464509457349777,0.07464509457349777,3.819741283711129,3.819741283711129,0
RL-Code,174,0.0006802405696362257,0.005670059296300471,0.045127689838409424,0.045127689838409424,1.4969030671316406,1.4969030671316406,0
RL-Code,175,0.0006786283338442445,0.005656620708618116,0.05606262385845184,0.05606262385845184,2.3157136514547774,2.3157136514547774,0
RL-Code,176,0.0006720868987031281,0.005602095402735716,0.07472331821918488,0.07472331821918488,4.1539079964657395,4.1539079964657395,0
RL-Code,177,0.0006650894647464156,0.005543769176357122,0.04050949215888977,0.04050949215888977,1.2336828667078925,1.2336828667078925,0
RL-Code,178,0.0006921442109160125,0.005769280593751718,0.058158989995718,0.058158989995718,2.443470640927219,2.443470640927219,0
RL-Code,179,0.0007107871933840215,0.005924676817928747,0.045538272708654404,0.045538272708654404,1.458758894778925,1.458758894778925,0
RL-Code,180,0.0007298655691556633,0.0060837022079612176,0.04716815799474716,0.04716815799474716,1.524140350387542,1.524140350387542,0
RL-Code,181,0.0007354696281254292,0.006130414133237197,0.04984806850552559,0.04984806850552559,1.6892811332433444,1.6892811332433444,0
RL-Code,182,0.0007277531549334526,0.006066094446188514,0.06464865803718567,0.06464865803718567,2.871474316309319,2.871474316309319,0
RL-Code,183,0.000672999070957303,0.005609698699275906,0.057903461158275604,0.057903461158275604,2.4909475798671967,2.4909475798671967,0
RL-Code,184,0.0007542994571849704,0.00628736779356342,0.11444327980279922,0.11444327980279922,8.681740499257753,8.681740499257753,0
RL-Code,185,0.0006847616168670356,0.005707743914102341,0.07078339904546738,0.07078339904546738,3.6584188256296137,3.6584188256296137,0
RL-Code,186,0.0007150787860155106,0.005960448845917495,0.07659489661455154,0.07659489661455154,4.10219006781344,4.10219006781344,0
RL-Code,187,0.0006724292761646211,0.0056049492467947675,0.0690111368894577,0.0690111368894577,3.5412921355386726,3.5412921355386726,0
RL-Code,188,0.0006569562247022986,0.005475975581885315,0.06924325972795486,0.06924325972795486,3.6491236687236763,3.6491236687236763,0
RL-Code,189,0.0006587671232409775,0.005491070097784866,0.03498140349984169,0.03498140349984169,0.9287793422343472,0.9287793422343472,0
RL-Code,190,0.0006942547624930739,0.005786872829681189,0.04932186007499695,0.04932186007499695,1.7519835748205232,1.7519835748205232,0
RL-Code,191,0.0007145738927647471,0.005956240372036466,0.05256594717502594,0.05256594717502594,1.9334451135043877,1.9334451135043877,0
RL-Code,192,0.0007132271421141922,0.0059450147021972485,0.058972276747226715,0.058972276747226715,2.438023751060984,2.438023751060984,0
RL-Code,193,0.000713670626282692,0.0059487113084342284,0.052290819585323334,0.052290819585323334,1.9156805059689674,1.9156805059689674,0
RL-Code,194,0.0006915771518833935,0.005764553944852826,0.04125327244400978,0.04125327244400978,1.2303995893336293,1.2303995893336293,0
RL-Code,195,0.0006748027517460287,0.005624733052532933,0.045398637652397156,0.045398637652397156,1.527139816309872,1.527139816309872,0
RL-Code,196,0.0006513047846965492,0.005428868717972126,0.051551856100559235,0.051551856100559235,2.0402075417356036,2.0402075417356036,0
RL-Code,197,0.0006752982153557241,0.0056288629268326,0.08285710215568542,0.08285710215568542,5.08316120309994,5.08316120309994,0
RL-Code,198,0.0006461328011937439,0.005385758303143331,0.07226738333702087,0.07226738333702087,4.04140966433766,4.04140966433766,0
RL-Code,199,0.0006638476043008268,0.005533417805564897,0.05492574721574783,0.05492574721574783,2.2722366456271277,2.2722366456271277,0
RL-Code,200,0.0006960757891647518,0.005802051767353313,0.05327480286359787,0.05327480286359787,2.0387180996202203,2.0387180996202203,0
Qwen3-14B,1,0.1357598453760147,1.0,8.372228622436523,1,258.15517066996165,3.6829741416922475,1
Qwen3-14B,2,0.19287583231925964,1.4207134059784063,8.055559158325195,1,168.22230284887053,2.5923413731398446,1
Qwen3-14B,3,0.17490413784980774,1.2883348339516363,7.6404571533203125,1,166.88165937461181,2.8587088112767,1
Qwen3-14B,4,0.17798681557178497,1.3110416786260621,6.815566062927246,1,130.49264522458625,2.809196840753308,1
Qwen3-14B,5,0.16371749341487885,1.2059345895793392,5.770137310028076,1,101.68273372047669,3.054041382938492,1
Qwen3-14B,6,0.1685497909784317,1.2415290435223945,5.882203102111816,1,102.64122290997521,2.966482468459317,1
Qwen3-14B,7,0.16297855973243713,1.2004916422896226,5.009084224700928,1,76.97615198999063,3.0678881984283883,1
Qwen3-14B,8,0.15718267858028412,1.1577994814662207,4.367476463317871,1,60.677330447364554,3.181012084258478,1
Qwen3-14B,9,0.15160058438777924,1.1166820643312487,2.1463699340820312,1,15.194215485829858,3.2981403206273248,1
Qwen3-14B,10,0.13983485102653503,1.0300162808762323,2.148642063140869,1,16.507554023932823,3.575646531100606,1
Qwen3-14B,11,0.13407418131828308,0.9875834857275888,1.839057445526123,1,12.612914189332676,3.7292787849513966,1
Qwen3-14B,12,0.14377017319202423,1.0590036604256825,2.0294718742370605,1,14.324097957432866,3.477772815451668,1
Qwen3-14B,13,0.1429259479045868,1.0527851406188928,1.9659037590026855,1,13.520209753098515,3.498315087850846,1
Qwen3-14B,14,0.14286336302757263,1.0523241436514845,1.953981637954712,1,13.362573022753553,3.4998476124596056,1
Qwen3-14B,15,0.12968182563781738,0.9552296209430483,1.3285020589828491,1,6.804799793807769,3.8555903847037736,1
Qwen3-14B,16,0.12962530553340912,0.9548132967770055,1.3570903539657593,1,7.103914707272334,3.8572715253591587,1
Qwen3-14B,17,0.1362602859735489,1.0036862195603429,1.552609920501709,1,8.845561815818709,3.66944775161459,1
Qwen3-14B,18,0.12633906304836273,0.930607004585493,1.342097520828247,1,7.1285385214698636,3.957604148200778,1
Qwen3-14B,19,0.12465275079011917,0.9181857157016335,1.3503639698028564,1,7.3142503449922724,4.011142929704471,1
Qwen3-14B,20,0.1296420842409134,0.9549368878687441,1.227562427520752,1,5.8118068769256945,3.856772304515345,1
Qwen3-14B,21,0.12091909348964691,0.8906837891184739,1.1574980020523071,1,5.540074714791823,4.134996265439336,1
Qwen3-14B,22,0.14047309756278992,1.034717571854335,1.459251880645752,1,7.5794443495358195,3.559400402461443,1
Qwen3-14B,23,0.12749779224395752,0.9391421439146919,1.4136464595794678,1,7.836983988153228,3.921636533464731,1
Qwen3-14B,24,0.12060443311929703,0.888366017103646,1.1579561233520508,1,5.558926603809758,4.14578458741579,1
Qwen3-14B,25,0.11803712695837021,0.8694553726946447,1.110729694366455,1,5.225984763177572,4.235955354761743,1
Qwen3-14B,26,0.11524154990911484,0.8488632967276131,0.9045913815498352,0.9045913815498352,3.550306153551301,3.550306153551301,0
Qwen3-14B,27,0.1133938878774643,0.835253513757302,1.1002987623214722,1,5.338283169523317,4.4094087376235835,1
Qwen3-14B,28,0.1156308725476265,0.8517310271484407,1.0033048391342163,1,4.35273287337482,4.324104704771281,1
Qwen3-14B,29,0.10742678493261337,0.7913001420638988,1.0361709594726562,1,4.997125521013982,4.654332718917724,1
Qwen3-14B,30,0.10275562107563019,0.7568925906701458,1.068283200263977,1,5.553121980189664,4.865913852362295,1
Qwen3-14B,31,0.11478891223669052,0.845529191041424,1.0901035070419312,1,5.176134318682426,4.355821396486608,1
Qwen3-14B,32,0.11183523386716843,0.8237725489257728,1.046507477760315,1,4.896390266009756,4.470862917798087,1
Qwen3-14B,33,0.11080238223075867,0.8161646171875695,0.9116957783699036,0.9116957783699036,3.750773113191996,3.750773113191996,0
Qwen3-14B,34,0.11831360310316086,0.8714918816787621,1.0643373727798462,1,4.78733642364088,4.226056741455472,1
Qwen3-14B,35,0.10710076242685318,0.7888986771472498,0.8443580865859985,0.8443580865859985,3.328363693349462,3.328363693349462,0
Qwen3-14B,36,0.10746102780103683,0.7915523732617807,0.8874785304069519,0.8874785304069519,3.6646687550371806,3.6646687550371806,0
Qwen3-14B,37,0.1132710725069046,0.8343488620893545,0.9526495337486267,0.9526495337486267,4.006058714135312,4.006058714135312,0
Qwen3-14B,38,0.10716576874256134,0.7893775103068494,1.0456979274749756,1,5.1018350745576155,4.665668952565661,1
Qwen3-14B,39,0.10640522092580795,0.7837753544216031,1.0701746940612793,1,5.38166203615002,4.699017544906276,1
Qwen3-14B,40,0.10544972121715546,0.7767371929828798,0.8795588612556458,0.8795588612556458,3.66821164382305,3.66821164382305,0
Qwen3-14B,41,0.11799399554729462,0.8691376689512725,0.9601289629936218,0.9601289629936218,3.906332781186779,3.906332781186779,0
Qwen3-14B,42,0.10847620666027069,0.7990301282372826,0.9113585352897644,0.9113585352897644,3.828371241108774,3.828371241108774,0
Qwen3-14B,43,0.10990854352712631,0.8095806475229261,0.8401262164115906,0.8401262164115906,3.2109062537429343,3.2109062537429343,0
Qwen3-14B,44,0.11012928187847137,0.8112065948030934,0.8023229241371155,0.8023229241371155,2.9225745579013425,2.9225745579013425,0
Qwen3-14B,45,0.09827328473329544,0.7238759329837733,0.8406317234039307,0.8406317234039307,3.5953906308864956,3.5953906308864956,0
Qwen3-14B,46,0.10219692438840866,0.7527772597659738,0.790772557258606,0.790772557258606,3.059393621948569,3.059393621948569,0
Qwen3-14B,47,0.11215164512395859,0.8261032178795699,0.9301403164863586,0.9301403164863586,3.857103511041239,3.857103511041239,0
Qwen3-14B,48,0.10711075365543365,0.788972272020261,0.7168809175491333,0.7168809175491333,2.3990039860951744,2.3990039860951744,0
Qwen3-14B,49,0.10369881242513657,0.7638400893719454,0.9225476384162903,0.9225476384162903,4.10368318230214,4.10368318230214,0
Qwen3-14B,50,0.11253959685564041,0.8289608502715876,0.8571117520332336,0.8571117520332336,3.263920326708811,3.263920326708811,0
Qwen3-14B,51,0.11175914853811264,0.8232121083268236,0.8169950842857361,0.8169950842857361,2.986247553234666,2.986247553234666,0
Qwen3-14B,52,0.10972654819488525,0.808240079317821,0.9213895797729492,0.9213895797729492,3.8685202974139714,3.8685202974139714,0
Qwen3-14B,53,0.11663114279508591,0.859098966060635,1.1458463668823242,1,5.628702013167369,4.287019641730431,1
Qwen3-14B,54,0.10106978565454483,0.7444748141441333,0.8125552535057068,0.8125552535057068,3.2662879203901527,3.2662879203901527,0
Qwen3-14B,55,0.1040734276175499,0.7665994855054321,0.7569267153739929,0.7569267153739929,2.7525664598666837,2.7525664598666837,0
Qwen3-14B,56,0.11568527668714523,0.8521317652265378,0.8838843703269958,0.8838843703269958,3.3766249365558263,3.3766249365558263,0
Qwen3-14B,57,0.11241204291582108,0.8280212945475364,1.007804274559021,1,4.517618528559307,4.447922011117806,1
Qwen3-14B,58,0.10761968046426773,0.7927210005741607,0.8454809188842773,0.8454809188842773,3.3211303969386203,3.3211303969386203,0
Qwen3-14B,59,0.1028890535235405,0.7578754471807785,0.834838330745697,0.834838330745697,3.386925113091851,3.386925113091851,0
Qwen3-14B,60,0.10459037870168686,0.7704073204562245,0.8847965002059937,0.8847965002059937,3.7425280245406967,3.7425280245406967,0
Qwen3-14B,61,0.10567692667245865,0.778410776616346,1.0654464960098267,1,5.370974874099293,4.731401789812924,1
Qwen3-14B,62,0.10518353432416916,0.7747764740954279,0.9927740693092346,0.9927740693092346,4.685145631517085,4.685145631517085,0
Qwen3-14B,63,0.11247869580984116,0.8285122563178262,0.9445812106132507,0.9445812106132507,3.966234036674924,3.966234036674924,0
Qwen3-14B,64,0.10725389420986176,0.7900266379414335,0.8170269727706909,0.8170269727706909,3.1119293110639386,3.1119293110639386,0
Qwen3-14B,65,0.1114668995141983,0.821059417130801,1.0957682132720947,1,5.3859396038219245,4.485636562774508,1
Qwen3-14B,66,0.10221518576145172,0.7529117720953926,0.9098359942436218,0.9098359942436218,4.049307988116319,4.049307988116319,0
Qwen3-14B,67,0.10674107074737549,0.7862492068382534,0.7945971488952637,0.7945971488952637,2.957552442615,2.957552442615,0
Qwen3-14B,68,0.11329582333564758,0.8345311754138464,0.9852831959724426,0.9852831959724426,4.284284043682932,4.284284043682932,0
Qwen3-14B,69,0.11661925911903381,0.8590114315174188,1.018862247467041,1,4.450724036301828,4.287456495411686,1
Qwen3-14B,70,0.09632725268602371,0.7095415615657609,0.7184129357337952,0.7184129357337952,2.6789778169627714,2.6789778169627714,0
Qwen3-14B,71,0.10799018293619156,0.7954501026212177,0.7888792753219604,0.7888792753219604,2.8814216908967527,2.8814216908967527,0
Qwen3-14B,72,0.11238589137792587,0.8278286636718694,0.8284401297569275,0.8284401297569275,3.0533772530387036,3.0533772530387036,0
Qwen3-14B,73,0.1100265309214592,0.8104497365676734,0.8037935495376587,0.8037935495376587,2.9360376305036193,2.9360376305036193,0
Qwen3-14B,74,0.11132825165987015,0.8200381442062176,0.8733962774276733,0.8733962774276733,3.425999447809019,3.425999447809019,0
Qwen3-14B,75,0.10379880666732788,0.7645766417885629,0.839933454990387,0.839933454990387,3.3983445063735527,3.3983445063735527,0
Qwen3-14B,76,0.10272563993930817,0.7566717511705207,0.8169664740562439,0.8169664740562439,3.2486252708000722,3.2486252708000722,0
Qwen3-14B,77,0.11517941951751709,0.8484056474762776,0.8700486421585083,0.8700486421585083,3.286110673646596,3.286110673646596,0
Qwen3-14B,78,0.1135430559515953,0.8363522780768831,0.8618810176849365,0.8618810176849365,3.271177098502186,3.271177098502186,0
Qwen3-14B,79,0.10279396176338196,0.7571750061932747,1.1469453573226929,1,6.398642634827852,4.864098935606097,1
Qwen3-14B,80,0.1083599179983139,0.798173551967365,0.9245391488075256,0.9245391488075256,3.9441366026644853,3.9441366026644853,0
Qwen3-14B,81,0.10996537655591965,0.8099992766738059,0.8297132849693298,0.8297132849693298,3.130185867660438,3.130185867660438,0
Qwen3-14B,82,0.10745038837194443,0.7914740037773214,0.8324173092842102,0.8324173092842102,3.224365157236078,3.224365157236078,0
Qwen3-14B,83,0.10880627483129501,0.8014613933150391,0.8909575343132019,0.8909575343132019,3.6477920468293843,3.6477920468293843,0
Qwen3-14B,84,0.10166538506746292,0.7488619686173021,0.7784306406974792,0.7784306406974792,2.980140497056053,2.980140497056053,0
Qwen3-14B,85,0.10489439964294434,0.772646722986593,0.8728972673416138,0.8728972673416138,3.631984366782678,3.631984366782678,0
Qwen3-14B,86,0.10442174971103668,0.769165208032016,0.7750838398933411,0.7750838398933411,2.876579642297981,2.876579642297981,0
Qwen3-14B,87,0.10186745971441269,0.7503504400161173,0.8179616928100586,0.8179616928100586,3.2839796573921767,3.2839796573921767,0
Qwen3-14B,88,0.10548053681850433,0.776964179108737,0.7879734039306641,0.7879734039306641,2.9432068892976724,2.9432068892976724,0
Qwen3-14B,89,0.10951027274131775,0.8066470055118773,0.7902213931083679,0.7902213931083679,2.8511017025826817,2.8511017025826817,0
Qwen3-14B,90,0.10209232568740845,0.752006791143897,0.6991597414016724,0.6991597414016724,2.3940307986202654,2.3940307986202654,0
Qwen3-14B,91,0.0975932627916336,0.7188669265299255,0.7746472358703613,0.7746472358703613,3.074384044945745,3.074384044945745,0
Qwen3-14B,92,0.10389381647109985,0.7652764790895618,0.830057680606842,0.830057680606842,3.315865065588712,3.315865065588712,0
Qwen3-14B,93,0.10349354147911072,0.7623280741994376,0.8340628743171692,0.8340628743171692,3.360890295046243,3.360890295046243,0
Qwen3-14B,94,0.09772580862045288,0.7198432522501865,0.6774531602859497,0.6774531602859497,2.3481145403659993,2.3481145403659993,0
Qwen3-14B,95,0.0991801917552948,0.7305561632056587,0.7692024111747742,0.7692024111747742,2.9828151109896375,2.9828151109896375,0
Qwen3-14B,96,0.10036271065473557,0.7392665362630642,0.8927353024482727,0.8927353024482727,3.9704802462895814,3.9704802462895814,0
Qwen3-14B,97,0.10094500333070755,0.7435556740000674,0.7852355241775513,0.7852355241775513,3.0541126756435752,3.0541126756435752,0
Qwen3-14B,98,0.0973205715417862,0.7168582968862179,0.8891919255256653,0.8891919255256653,4.062153909980668,4.062153909980668,0
Qwen3-14B,99,0.10313373059034348,0.7596777258009795,0.8749732971191406,0.8749732971191406,3.7115804222795266,3.7115804222795266,0
Qwen3-14B,100,0.10593269765377045,0.7802947724370791,0.9081238508224487,0.9081238508224487,3.89251358031115,3.89251358031115,0
Qwen3-14B,101,0.09330441057682037,0.6872754629205321,0.8267612457275391,0.8267612457275391,3.6629252208510423,3.6629252208510423,0
Qwen3-14B,102,0.10761148482561111,0.7926606319236668,0.9094754457473755,0.9094754457473755,3.8432031105128375,3.8432031105128375,0
Qwen3-14B,103,0.10306031256914139,0.7591369324537365,0.757577657699585,0.757577657699585,2.7844079507354196,2.7844079507354196,0
Qwen3-14B,104,0.10375485569238663,0.7642529011801412,0.9044647812843323,0.9044647812843323,3.9422566545179185,3.9422566545179185,0
Qwen3-14B,105,0.10350584238767624,0.7624186820557699,0.9002330303192139,0.9002330303192139,3.914849105050161,3.914849105050161,0
Qwen3-14B,106,0.1056521013379097,0.7782279144859406,0.7740450501441956,0.7740450501441956,2.835465324709765,2.835465324709765,0
Qwen3-14B,107,0.10102122277021408,0.744117102449661,0.7948675751686096,0.7948675751686096,3.127137272390622,3.127137272390622,0
Qwen3-14B,108,0.1018165796995163,0.7499756604577327,0.7382999062538147,0.7382999062538147,2.6768074177263936,2.6768074177263936,0
Qwen3-14B,109,0.10679784417152405,0.7866673969444024,0.8205180764198303,0.8205180764198303,3.1519826966282993,3.1519826966282993,0
Qwen3-14B,110,0.11018076539039612,0.811585819689378,1.1202815771102905,1,5.695326255748239,4.537997156113261,1
Qwen3-14B,111,0.09777671843767166,0.7202182513309366,0.913814902305603,0.913814902305603,4.270227560398804,4.270227560398804,0
Qwen3-14B,112,0.10466758906841278,0.7709760480244688,0.8083713054656982,0.8083713054656982,3.121616602218669,3.121616602218669,0
Qwen3-14B,113,0.10222041606903076,0.752950298270526,0.8029026985168457,0.8029026985168457,3.153248480471311,3.153248480471311,0
Qwen3-14B,114,0.10930173844099045,0.8051109526403546,0.8120390772819519,0.8120390772819519,3.0164545982446707,3.0164545982446707,0
Qwen3-14B,115,0.10701895505189896,0.7882960882541376,0.9188365936279297,0.9188365936279297,3.9444446331042573,3.9444446331042573,0
Qwen3-14B,116,0.09758266806602478,0.7187888863290142,0.7429645657539368,0.7429645657539368,2.828352395491242,2.828352395491242,0
Qwen3-14B,117,0.10282502323389053,0.7574038033786468,1.0121500492095947,1,4.98150980128995,4.862629584460944,1
Qwen3-14B,118,0.10049927979707718,0.7402724975026587,0.9570085406303406,0.9570085406303406,4.5565766674581205,4.5565766674581205,0
Qwen3-14B,119,0.10685944557189941,0.7871211496737514,0.8437923789024353,0.8437923789024353,3.3314115326135485,3.3314115326135485,0
Qwen3-14B,120,0.10476366430521011,0.7716837332500319,0.8109468221664429,0.8109468221664429,3.138658583313541,3.138658583313541,0
Qwen3-14B,121,0.10426246374845505,0.7679919158693705,0.8297677040100098,0.8297677040100098,3.3018327874888986,3.3018327874888986,0
Qwen3-14B,122,0.10228458046913147,0.7534229299233022,0.871084988117218,0.871084988117218,3.709205498243058,3.709205498243058,0
Qwen3-14B,123,0.1052221953868866,0.7750612494839852,0.7552005052566528,0.7552005052566528,2.710111688141898,2.710111688141898,0
Qwen3-14B,124,0.11415594816207886,0.8408668104025941,1.1986896991729736,1,6.2933952108362385,4.379973256322123,1
Qwen3-14B,125,0.09895509481430054,0.7288981107795469,0.6887635588645935,0.6887635588645935,2.3970228158038354,2.3970228158038354,0
Qwen3-14B,126,0.09641418606042862,0.7101819083057275,0.7735700011253357,0.7735700011253357,3.1033324611898485,3.1033324611898485,0
Qwen3-14B,127,0.10689772665500641,0.7874031261521495,0.900730311870575,0.900730311870575,3.794819216973808,3.794819216973808,0
Qwen3-14B,128,0.10610441863536835,0.7815596603067013,1.0204914808273315,1,4.907443421465691,4.712339094173523,1
Qwen3-14B,129,0.10348576307296753,0.7622707788620597,1.0288649797439575,1,5.114535154933071,4.831582482002393,1
Qwen3-14B,130,0.1113428846001625,0.8201459296876449,0.9445012807846069,0.9445012807846069,4.006015618363371,4.006015618363371,0
Qwen3-14B,131,0.10281053185462952,0.7572970606284553,1.1917047500610352,1,6.90668643425603,4.863314983206025,1
Qwen3-14B,132,0.10178626328706741,0.7497523513314964,1.0068318843841553,1,4.979603389867969,4.912254206541131,1
Qwen3-14B,133,0.1115545853972435,0.8217053068104948,1.0837398767471313,1,5.264203691267132,4.482110692442723,1
Qwen3-14B,134,0.09790626913309097,0.7211725150534718,0.7887277007102966,0.7887277007102966,3.176974219199886,3.176974219199886,0
Qwen3-14B,135,0.09681538492441177,0.71313711838918,0.7103757858276367,0.7103757858276367,2.606165112519168,2.606165112519168,0
Qwen3-14B,136,0.10251487046480179,0.7551192341215905,1.0612891912460327,1,5.4935188541372755,4.87734118702002,1
Qwen3-14B,137,0.1061551570892334,0.7819333971338501,0.7779037356376648,0.7779037356376648,2.85023468718699,2.85023468718699,0
Qwen3-14B,138,0.10479556024074554,0.7719186770616361,0.9303926229476929,0.9303926229476929,4.130091154848954,4.130091154848954,0
Qwen3-14B,139,0.10358565300703049,0.7630065629503981,0.8678232431411743,0.8678232431411743,3.6352388553507056,3.6352388553507056,0
Qwen3-14B,140,0.10512399673461914,0.7743379232898852,0.852950930595398,0.852950930595398,3.460319777605872,3.460319777605872,0
Qwen3-14B,141,0.10334973782300949,0.7612688239056343,0.7334677577018738,0.7334677577018738,2.6026914190605783,2.6026914190605783,0
Qwen3-14B,142,0.11863166838884354,0.8738347341238407,1.102678656578064,1,5.124686503132542,4.214726192344619,1
Qwen3-14B,143,0.10195495933294296,0.7509949576810272,0.7269615530967712,0.7269615530967712,2.5916988400490357,2.5916988400490357,0
Qwen3-14B,144,0.11752592772245407,0.8656899055603808,1.0781461000442505,1,4.945287544488548,4.25438037111935,1
Qwen3-14B,145,0.09989268332719803,0.7358043392766452,0.8047037720680237,0.8047037720680237,3.2412191724766504,3.2412191724766504,0
Qwen3-14B,146,0.10138529539108276,0.7467988425463761,1.0724009275436401,1,5.671649645840113,4.931681641517188,1
Qwen3-14B,147,0.11351685225963593,0.8361592630370765,0.8550708293914795,0.8550708293914795,3.2204298688795303,3.2204298688795303,0
Qwen3-14B,148,0.1010763868689537,0.7445234383480767,0.8191414475440979,0.8191414475440979,3.3192357377919888,3.3192357377919888,0
Qwen3-14B,149,0.10161877423524857,0.7485186356377657,0.8981053233146667,0.8981053233146667,3.968721222216626,3.968721222216626,0
Qwen3-14B,150,0.10795172303915024,0.7951668090086271,0.8637889623641968,0.8637889623641968,3.455856703795365,3.455856703795365,0
Qwen3-14B,151,0.10888337343931198,0.802029297674413,1.0177419185638428,1,4.7564590445911,4.59206933259359,1
Qwen3-14B,152,0.10458461195230484,0.7703648428785134,0.8869432210922241,0.8869432210922241,3.7609178958382765,3.7609178958382765,0
Qwen3-14B,153,0.1035599410533905,0.7628171700296212,0.7435646653175354,0.7435646653175354,2.6694125444882975,2.6694125444882975,0
Qwen3-14B,154,0.08075140416622162,0.5948106668990677,0.6838128566741943,0.6838128566741943,2.895305832641606,2.895305832641606,0
Qwen3-14B,155,0.1179773211479187,0.869014846187813,1.064795970916748,1,4.805120376733278,4.23810267206445,1
Qwen3-14B,156,0.11608245968818665,0.8550573946712482,0.9403641223907471,0.9403641223907471,3.808864341154682,3.808864341154682,0
Qwen3-14B,157,0.1002635508775711,0.7385361304726789,0.7969650030136108,0.7969650030136108,3.167418321360131,3.167418321360131,0
Qwen3-14B,158,0.10693848133087158,0.7877033229868784,0.9448444247245789,0.9448444247245789,4.174039951862501,4.174039951862501,0
Qwen3-14B,159,0.09611397236585617,0.707970549757543,0.8329281806945801,0.8329281806945801,3.6090972889683615,3.6090972889683615,0
Qwen3-14B,160,0.10812801867723465,0.7964653935613432,1.0264456272125244,1,4.871959361285959,4.6241483578138505,1
Qwen3-14B,161,0.10283676534891129,0.7574902951906272,0.7134484052658081,0.7134484052658081,2.474837793902439,2.474837793902439,0
Qwen3-14B,162,0.09799788892269135,0.7218473816854027,0.8665618300437927,0.8665618300437927,3.8313550095004643,3.8313550095004643,0
Qwen3-14B,163,0.1021219938993454,0.752225325658685,0.7655484676361084,0.7655484676361084,2.8694330864594995,2.8694330864594995,0
Qwen3-14B,164,0.10229342430830002,0.7534880731852442,0.8675719499588013,0.8675719499588013,3.679029680768272,3.679029680768272,0
Qwen3-14B,165,0.08136476576328278,0.5993286567020343,0.9114091396331787,0.9114091396331787,5.104584349345865,5.104584349345865,0
Qwen3-14B,166,0.10505003482103348,0.773793123659473,1.0927578210830688,1,5.68357572452287,4.7596366898099145,1
Qwen3-14B,167,0.10786529630422592,0.7945301941488728,1.0969204902648926,1,5.5774869359712325,4.635411176081951,1
Qwen3-14B,168,0.10961257666349411,0.8074005709118158,1.1139966249465942,1,5.6607942179946384,4.561520358516692,1
Qwen3-14B,169,0.10569165647029877,0.778519275545461,0.8997806906700134,0.8997806906700134,3.8300340743080312,3.8300340743080312,0
Qwen3-14B,170,0.10149650275707245,0.7476179902529875,0.8711979985237122,0.8711979985237122,3.738975885939255,3.738975885939255,0
Qwen3-14B,171,0.10280486941337585,0.757255351379023,1.0080735683441162,1,4.942432809811152,4.863582852184874,1
Qwen3-14B,172,0.10947274416685104,0.8063705719732064,0.9558560848236084,0.9558560848236084,4.173006084061328,4.173006084061328,0
Qwen3-14B,173,0.10699022561311722,0.7880844686938606,0.8450648188591003,0.8450648188591003,3.337382195340514,3.337382195340514,0
Qwen3-14B,174,0.10266721248626709,0.7562413775730903,0.9086430072784424,0.9086430072784424,4.020914246534399,4.020914246534399,0
Qwen3-14B,175,0.10189331322908401,0.75054087566813,0.8248161673545837,0.8248161673545837,3.3384021402854747,3.3384021402854747,0
Qwen3-14B,176,0.10032188147306442,0.7389657906224216,0.8739428520202637,0.8739428520202637,3.8066277136278583,3.8066277136278583,0
Qwen3-14B,177,0.10359644144773483,0.7630860300466847,0.783230185508728,0.783230185508728,2.960765422630498,2.960765422630498,0
Qwen3-14B,178,0.1056821271777153,0.7784490832691139,0.8914393782615662,0.8914393782615662,3.7596904336485326,3.7596904336485326,0
Qwen3-14B,179,0.09685522317886353,0.713430564911172,0.7018676996231079,0.7018676996231079,2.5430650594057798,2.5430650594057798,0
Qwen3-14B,180,0.10172197222709656,0.7492787867086671,0.8688420653343201,0.8688420653343201,3.710538234596484,3.710538234596484,0
Qwen3-14B,181,0.103251151740551,0.7605426439207836,1.0206164121627808,1,5.0442917256434106,4.842560993957701,1
Qwen3-14B,182,0.10106221586465836,0.7444190554633134,0.8550429940223694,0.8550429940223694,3.6170715008159844,3.6170715008159844,0
Qwen3-14B,183,0.09596241265535355,0.706854168768136,0.7947561740875244,0.7947561740875244,3.291066568525889,3.291066568525889,0
Qwen3-14B,184,0.10036703199148178,0.7392983670060519,0.8099937438964844,0.8099937438964844,3.2684530574099586,3.2684530574099586,0
Qwen3-14B,185,0.10366441309452057,0.7635867056816449,0.9674458503723145,0.9674458503723145,4.514333537726277,4.514333537726277,0
Qwen3-14B,186,0.10787741094827652,0.7946194299904211,0.9773446321487427,0.9773446321487427,4.427259245440863,4.427259245440863,0
Qwen3-14B,187,0.11072791367769241,0.815616085676945,0.9465334415435791,0.9465334415435791,4.045617433776448,4.045617433776448,0
Qwen3-14B,188,0.102948859333992,0.7583159736876103,0.7672487497329712,0.7672487497329712,2.8590440330038613,2.8590440330038613,0
Qwen3-14B,189,0.10657073557376862,0.7849945267586238,1.3777803182601929,1,8.90619078101025,4.691719516695072,1
Qwen3-14B,190,0.10656120628118515,0.7849243344822768,1.0986154079437256,1,5.663204540808878,4.692139076209781,1
Qwen3-14B,191,0.10843013226985931,0.7986907466603239,1.0649923086166382,1,5.230135727353883,4.611264318626923,1
Qwen3-14B,192,0.10493533313274384,0.7729482369555145,0.886220395565033,0.886220395565033,3.7422408928836424,3.7422408928836424,0
Qwen3-14B,193,0.10933315753936768,0.8053423840941119,0.9050584435462952,0.9050584435462952,3.7460309601846875,3.7460309601846875,0
Qwen3-14B,194,0.11376521736383438,0.8379887075499998,0.8504875302314758,0.8504875302314758,3.1790430143773434,3.1790430143773434,0
Qwen3-14B,195,0.10493817180395126,0.772969146460822,0.7423733472824097,0.7423733472824097,2.6259185636705453,2.6259185636705453,0
Qwen3-14B,196,0.09602717310190201,0.7073311908682208,1.015788197517395,1,5.37257126751345,5.206859515372909,1
Qwen3-14B,197,0.10058039426803589,0.7408699825007746,0.9093136787414551,0.9093136787414551,4.1104003039739965,4.1104003039739965,0
Qwen3-14B,198,0.09646353870630264,0.7105454373428838,0.6998396515846252,0.6998396515846252,2.5386562866062947,2.5386562866062947,0
Qwen3-14B,199,0.10676610469818115,0.7864336056252167,0.9839268922805786,0.9839268922805786,4.533799055841222,4.533799055841222,0
Qwen3-14B,200,0.10064544528722763,0.7413491449439225,0.801267683506012,0.801267683506012,3.189562621531603,3.189562621531603,0
