run,step,signed_pg_loss,pg_loss_magnitude,HumanEval+,MBPP+,LiveCodeBench,Macro,pg_loss_ema5,AIME 2024,AIME 2025,AMC 2023
code14,1,-0.5,0.5,,,,,-0.5,,,
code14,2,-1.0,1.0,,,,,-0.6666666666666667,,,
code14,3,-0.5,0.5,,,,,-0.6111111111111112,,,
code14,4,-0.5,0.5,,,,,-0.5740740740740742,,,
code14,5,-0.5,0.5,,,,,-0.5493827160493828,,,
code14,6,-0.5,0.5,,,,,-0.5329218106995885,,,
code14,7,-0.5,0.5,,,,,-0.5219478737997257,,,
code14,8,-0.5,0.5,,,,,-0.5146319158664838,,,
code14,9,-0.3333333333333333,0.3333333333333333,,,,,-0.45419905502210034,,,
code14,10,-0.5,0.5,78.5060975609756,64.48412698412699,13.549618320610687,52.179947621904425,-0.46946603668140025,,,
code14,11,-0.3333333333333333,0.3333333333333333,,,,,-0.4240884688987113,,,
code14,12,-0.5,0.5,,,,,-0.4493923125991409,,,
code14,13,-0.5,0.5,,,,,-0.46626154173276063,,,
code14,14,-0.3333333333333333,0.3333333333333333,,,,,-0.4219521389329516,,,
code14,15,-0.3333333333333333,0.3333333333333333,,,,,-0.3924125370664122,,,
code14,16,-0.3333333333333333,0.3333333333333333,,,,,-0.37271946915538595,,,
code14,17,-0.3333333333333333,0.3333333333333333,,,,,-0.35959075721470174,,,
code14,18,-0.25,0.25,,,,,-0.3230605048098012,,,
code14,19,-0.2,0.2,,,,,-0.2820403365398675,,,
code14,20,-0.16666666666666666,0.16666666666666666,73.32317073170732,63.49206349206349,14.31297709923664,50.37607044100249,-0.2435824465821339,,,
code14,21,-0.14285714285714285,0.14285714285714285,,,,,-0.21000734534047025,,,
code14,22,-0.2,0.2,,,,,-0.20667156356031352,,,
code14,23,-0.16666666666666666,0.16666666666666666,,,,,-0.1933365979290979,,,
code14,24,-0.16666666666666666,0.16666666666666666,,,,,-0.18444662084162083,,,
code14,25,-0.25,0.25,,,,,-0.20629774722774724,,,
code14,26,-0.25,0.25,,,,,-0.22086516481849816,,,
code14,27,-0.25,0.25,,,,,-0.23057677654566544,,,
code14,28,-0.25,0.25,,,,,-0.23705118436377698,,,
code14,29,-0.3333333333333333,0.3333333333333333,,,,,-0.2691452340202958,,,
code14,30,-0.3333333333333333,0.3333333333333333,76.21951219512195,61.30952380952381,14.50381679389313,50.67761759951296,-0.2905412671246416,,,
code14,31,-0.3333333333333333,0.3333333333333333,,,,,-0.3048052891942055,,,
code14,32,-0.3333333333333333,0.3333333333333333,,,,,-0.31431463724058145,,,
code14,33,-0.3333333333333333,0.3333333333333333,,,,,-0.3206542026048321,,,
code14,34,-0.5,0.5,,,,,-0.38043613506988805,,,
code14,35,-0.3333333333333333,0.3333333333333333,,,,,-0.3647352011577032,,,
code14,36,-0.5,0.5,,,,,-0.4098234674384688,,,
code14,37,-0.5,0.5,,,,,-0.4398823116256459,,,
code14,38,-0.5,0.5,,,,,-0.45992154108376393,,,
code14,39,-0.3333333333333333,0.3333333333333333,,,,,-0.4177254718336204,,,
code14,40,-0.3333333333333333,0.3333333333333333,78.20121951219512,60.912698412698404,12.404580152671755,50.506166025855094,-0.3895947590001914,,,
code14,41,-0.3333333333333333,0.3333333333333333,,,,,-0.3708409504445721,,,
code14,42,-0.3333333333333333,0.3333333333333333,,,,,-0.3583384114074925,,,
code14,43,-0.5,0.5,,,,,-0.40555894093832834,,,
code14,44,-0.3333333333333333,0.3333333333333333,,,,,-0.38148373840333005,,,
code14,45,-0.5,0.5,,,,,-0.4209891589355534,,,
code14,46,-0.3333333333333333,0.3333333333333333,,,,,-0.39177055040148007,,,
code14,47,-0.5,0.5,,,,,-0.42784703360098675,,,
code14,48,-0.3333333333333333,0.3333333333333333,,,,,-0.3963424668451023,,,
code14,49,-0.5,0.5,,,,,-0.4308949778967349,,,
code14,50,-0.3333333333333333,0.3333333333333333,73.47560975609755,62.235449735449734,14.31297709923664,50.00801219692798,-0.39837442970893444,,,
code14,51,-0.5,0.5,,,,,-0.43224961980595633,,,
code14,52,-0.5,0.5,,,,,-0.4548330798706376,,,
code14,53,-0.5,0.5,,,,,-0.4698887199137584,,,
code14,54,-0.5,0.5,,,,,-0.47992581327583894,,,
code14,55,-0.3333333333333333,0.3333333333333333,,,,,-0.4310616532950038,,,
code14,56,-0.5,0.5,,,,,-0.4540411021966692,,,
code14,57,-0.3333333333333333,0.3333333333333333,,,,,-0.41380517924222393,,,
code14,58,-0.3333333333333333,0.3333333333333333,,,,,-0.3869812306059271,,,
code14,59,-0.5,0.5,,,,,-0.42465415373728477,,,
code14,60,-0.5,0.5,75.3048780487805,62.83068783068783,14.50381679389313,50.87979422445381,-0.4497694358248565,,,
code14,61,-0.3333333333333333,0.3333333333333333,,,,,-0.41095740166101546,,,
code14,62,-0.3333333333333333,0.3333333333333333,,,,,-0.3850827122184548,,,
code14,63,-0.5,0.5,,,,,-0.42338847481230324,,,
code14,64,-0.5,0.5,,,,,-0.4489256498748688,,,
code14,65,-0.3333333333333333,0.3333333333333333,,,,,-0.410394877694357,,,
code14,66,-0.3333333333333333,0.3333333333333333,,,,,-0.38470769624068246,,,
code14,67,-0.5,0.5,,,,,-0.423138464160455,,,
code14,68,-0.3333333333333333,0.3333333333333333,,,,,-0.39320342055141444,,,
code14,69,-0.5,0.5,,,,,-0.42880228036760965,,,
code14,70,-0.3333333333333333,0.3333333333333333,74.6951219512195,62.89682539682539,12.786259541984732,50.126068963343215,-0.3969792980228509,,,
code14,71,-0.3333333333333333,0.3333333333333333,,,,,-0.3757639764596784,,,
code14,72,-0.3333333333333333,0.3333333333333333,,,,,-0.3616204287508967,,,
code14,73,-0.3333333333333333,0.3333333333333333,,,,,-0.35219139694504226,,,
code14,74,-0.3333333333333333,0.3333333333333333,,,,,-0.3459053757411393,,,
code14,75,-0.3333333333333333,0.3333333333333333,,,,,-0.3417146949385373,,,
code14,76,-0.3333333333333333,0.3333333333333333,,,,,-0.33892090773680267,,,
code14,77,-0.3333333333333333,0.3333333333333333,,,,,-0.3370583829356462,,,
code14,78,-0.3333333333333333,0.3333333333333333,,,,,-0.33581669973487527,,,
code14,79,-0.3333333333333333,0.3333333333333333,,,,,-0.3349889109343613,,,
code14,80,-0.5,0.5,76.67682926829268,62.83068783068783,13.931297709923665,51.146271602968056,-0.3899926072895742,,,
code14,81,-0.3333333333333333,0.3333333333333333,,,,,-0.37110618263749395,,,
code14,82,-0.3333333333333333,0.3333333333333333,,,,,-0.3585152328694404,,,
code14,83,-0.3333333333333333,0.3333333333333333,,,,,-0.35012126635740476,,,
code14,84,-0.5,0.5,,,,,-0.40008084423826984,,,
code14,85,-0.3333333333333333,0.3333333333333333,,,,,-0.37783167393662437,,,
code14,86,-0.5,0.5,,,,,-0.41855444929108293,,,
code14,87,-0.3333333333333333,0.3333333333333333,,,,,-0.3901474106384998,,,
code14,88,-0.3333333333333333,0.3333333333333333,,,,,-0.371209384870111,,,
code14,89,-0.3333333333333333,0.3333333333333333,,,,,-0.3585840343578518,,,
code14,90,-0.3333333333333333,0.3333333333333333,76.98170731707317,61.70634920634921,14.122137404580155,50.93673130933417,-0.35016713401634564,,,
code14,91,-0.3333333333333333,0.3333333333333333,,,,,-0.3445558671220082,,,
code14,92,-0.5,0.5,,,,,-0.3963705780813388,,,
code14,93,-0.3333333333333333,0.3333333333333333,,,,,-0.375358163165337,,,
code14,94,-0.3333333333333333,0.3333333333333333,,,,,-0.36134988655466915,,,
code14,95,-0.3333333333333333,0.3333333333333333,,,,,-0.3520110354808906,,,
code14,96,-0.5,0.5,,,,,-0.4013406903205937,,,
code14,97,-0.5,0.5,,,,,-0.43422712688039583,,,
code14,98,-0.3333333333333333,0.3333333333333333,,,,,-0.40059586236470834,,,
code14,99,-0.5,0.5,,,,,-0.4337305749098056,,,
code14,100,-0.3333333333333333,0.3333333333333333,76.0670731707317,63.29365079365079,13.740458015267176,51.033727326549894,-0.4002648277176482,,,
code14,101,-0.3333333333333333,0.3333333333333333,,,,,-0.3779543295895433,,,
code14,102,-0.3333333333333333,0.3333333333333333,,,,,-0.36308066417080664,,,
code14,103,-0.3333333333333333,0.3333333333333333,,,,,-0.35316488722498224,,,
code14,104,-0.3333333333333333,0.3333333333333333,,,,,-0.3465543692610993,,,
code14,105,-0.25,0.25,,,,,-0.3143695795073995,,,
code14,106,-0.5,0.5,,,,,-0.37624638633826635,,,
code14,107,-0.3333333333333333,0.3333333333333333,,,,,-0.36194203533662206,,,
code14,108,-0.5,0.5,,,,,-0.4079613568910814,,,
code14,109,-0.5,0.5,,,,,-0.43864090459405425,,,
code14,110,-0.5,0.5,75.15243902439023,61.904761904761905,11.450381679389313,49.50252753618049,-0.4590939363960362,,,
code14,111,-0.5,0.5,,,,,-0.4727292909306908,,,
code14,112,-0.3333333333333333,0.3333333333333333,,,,,-0.4262639717315717,,,
code14,113,-0.3333333333333333,0.3333333333333333,,,,,-0.3952870922654923,,,
code14,114,-0.5,0.5,,,,,-0.43019139484366153,,,
code14,115,-0.5,0.5,,,,,-0.45346092989577436,,,
code14,116,-0.3333333333333333,0.3333333333333333,,,,,-0.413418397708294,,,
code14,117,-0.3333333333333333,0.3333333333333333,,,,,-0.3867233762499738,,,
code14,118,-0.5,0.5,,,,,-0.4244822508333159,,,
code14,119,-0.3333333333333333,0.3333333333333333,,,,,-0.39409927833332176,,,
code14,120,-0.3333333333333333,0.3333333333333333,77.59146341463415,62.5,13.16793893129771,51.08646744864395,-0.37384396333332565,,,
code14,121,-0.3333333333333333,0.3333333333333333,,,,,-0.3603404199999949,,,
code14,122,-0.5,0.5,,,,,-0.40689361333332996,,,
code14,123,-0.3333333333333333,0.3333333333333333,,,,,-0.3823735199999978,,,
code14,124,-0.3333333333333333,0.3333333333333333,,,,,-0.3660267911111097,,,
code14,125,-0.5,0.5,,,,,-0.41068452740740646,,,
code14,126,-0.3333333333333333,0.3333333333333333,,,,,-0.3849007960493821,,,
code14,127,-0.3333333333333333,0.3333333333333333,,,,,-0.3677116418106992,,,
code14,128,-0.5,0.5,,,,,-0.4118077612071328,,,
code14,129,-0.5,0.5,,,,,-0.4412051741380886,,,
code14,130,-0.5,0.5,75.91463414634147,62.43386243386243,14.31297709923664,50.88715789314685,-0.4608034494253924,,,
code14,131,-0.5,0.5,,,,,-0.473868966283595,,,
code14,132,-0.5,0.5,,,,,-0.48257931085573,,,
code14,133,-0.5,0.5,,,,,-0.48838620723715337,,,
code14,134,-0.3333333333333333,0.3333333333333333,,,,,-0.43670191593588004,,,
code14,135,-0.5,0.5,,,,,-0.45780127729058673,,,
code14,136,-0.5,0.5,,,,,-0.4718675181937245,,,
code14,137,-0.5,0.5,,,,,-0.4812450121291497,,,
code14,138,-0.3333333333333333,0.3333333333333333,,,,,-0.43194111919721095,,,
code14,139,-0.5,0.5,,,,,-0.4546274127981407,,,
code14,140,-0.3333333333333333,0.3333333333333333,76.67682926829268,61.772486772486765,13.931297709923665,50.793537916901045,-0.4141960529765383,,,
code14,141,-0.5,0.5,,,,,-0.44279736865102554,,,
code14,142,-0.5,0.5,,,,,-0.46186491243401706,,,
code14,143,-0.3333333333333333,0.3333333333333333,,,,,-0.4190210527337892,,,
code14,144,-0.5,0.5,,,,,-0.44601403515585947,,,
code14,145,-0.3333333333333333,0.3333333333333333,,,,,-0.40845380121501745,,,
code14,146,-0.5,0.5,,,,,-0.4389692008100117,,,
code14,147,-0.3333333333333333,0.3333333333333333,,,,,-0.40375724498445226,,,
code14,148,-0.5,0.5,,,,,-0.4358381633229682,,,
code14,149,-0.3333333333333333,0.3333333333333333,,,,,-0.4016698866597566,,,
code14,150,-0.5,0.5,74.84756097560977,63.35978835978836,14.50381679389313,50.90372204309708,-0.4344465911065044,,,
code14,151,-0.5,0.5,,,,,-0.4562977274043363,,,
code14,152,-0.5,0.5,,,,,-0.4708651516028909,,,
code14,153,-0.5,0.5,,,,,-0.4805767677352606,,,
code14,154,-0.5,0.5,,,,,-0.48705117849017376,,,
code14,155,-0.5,0.5,,,,,-0.49136745232678253,,,
code14,156,-0.5,0.5,,,,,-0.494244968217855,,,
code14,157,-0.3333333333333333,0.3333333333333333,,,,,-0.44060775658968115,,,
code14,158,-0.5,0.5,,,,,-0.46040517105978745,,,
code14,159,-0.5,0.5,,,,,-0.47360344737319165,,,
code14,160,-0.5,0.5,76.82926829268293,63.35978835978836,12.977099236641221,51.05538529637084,-0.48240229824879444,,,
code14,161,-0.3333333333333333,0.3333333333333333,,,,,-0.4327126432769741,,,
code14,162,-0.5,0.5,,,,,-0.4551417621846494,,,
code14,163,-0.5,0.5,,,,,-0.4700945081230996,,,
code14,164,-0.3333333333333333,0.3333333333333333,,,,,-0.42450744985984423,,,
code14,165,-0.3333333333333333,0.3333333333333333,,,,,-0.39411607768434065,,,
code14,166,-0.5,0.5,,,,,-0.42941071845622714,,,
code14,167,-0.3333333333333333,0.3333333333333333,,,,,-0.39738492341526255,,,
code14,168,-0.3333333333333333,0.3333333333333333,,,,,-0.37603439338795286,,,
code14,169,-0.3333333333333333,0.3333333333333333,,,,,-0.36180070670307973,,,
code14,170,-0.5,0.5,75.91463414634147,62.96296296296296,13.358778625954198,50.745458578419544,-0.4078671378020532,,,
code14,171,-0.5,0.5,,,,,-0.4385780918680355,,,
code14,172,-0.5,0.5,,,,,-0.459052061245357,,,
code14,173,-0.5,0.5,,,,,-0.4727013741635714,,,
code14,174,-0.5,0.5,,,,,-0.48180091610904763,,,
code14,175,-0.5,0.5,,,,,-0.48786727740603175,,,
code14,176,-0.3333333333333333,0.3333333333333333,,,,,-0.43635596271513233,,,
code14,177,-0.3333333333333333,0.3333333333333333,,,,,-0.4020150862545327,,,
code14,178,-0.5,0.5,,,,,-0.4346767241696885,,,
code14,179,-0.5,0.5,,,,,-0.45645114944645904,,,
code14,180,-0.3333333333333333,0.3333333333333333,74.6951219512195,63.29365079365079,13.931297709923665,50.64002348493133,-0.4154118774087505,,,
code14,181,-0.3333333333333333,0.3333333333333333,,,,,-0.3880523627169448,,,
code14,182,-0.5,0.5,,,,,-0.42536824181129657,,,
code14,183,-0.3333333333333333,0.3333333333333333,,,,,-0.39468993898530885,,,
code14,184,-0.5,0.5,,,,,-0.4297932926568726,,,
code14,185,-0.5,0.5,,,,,-0.4531955284379151,,,
code14,186,-0.5,0.5,,,,,-0.4687970189586101,,,
code14,187,-0.5,0.5,,,,,-0.4791980126390734,,,
code14,188,-0.3333333333333333,0.3333333333333333,,,,,-0.4305764528704934,,,
code14,189,-0.5,0.5,,,,,-0.4537176352469956,,,
code14,190,-0.5,0.5,74.39024390243902,62.56613756613757,12.977099236641221,49.97782690173927,-0.46914509016466377,,,
code14,191,-0.5,0.5,,,,,-0.47943006010977585,,,
code14,192,-0.5,0.5,,,,,-0.4862867067398506,,,
code14,193,-0.5,0.5,,,,,-0.49085780449323374,,,
code14,194,-0.5,0.5,,,,,-0.4939052029954892,,,
code14,195,-0.3333333333333333,0.3333333333333333,,,,,-0.4403812464414373,,,
code14,196,-0.5,0.5,,,,,-0.46025416429429156,,,
code14,197,-0.5,0.5,,,,,-0.4735027761961944,,,
code14,198,-0.5,0.5,,,,,-0.4823351841307963,,,
code14,199,-0.5,0.5,,,,,-0.4882234560871975,,,
code14,200,-0.3333333333333333,0.3333333333333333,75.15243902439023,61.904761904761905,13.16793893129771,50.07504662014995,-0.4365934151692428,,,
r1_7b,1,-0.16666666666666666,0.16666666666666666,,,,,-0.16666666666666666,,,
r1_7b,2,-0.2,0.2,,,,,-0.17777777777777778,,,
r1_7b,3,-0.2,0.2,,,,,-0.1851851851851852,,,
r1_7b,4,-0.2,0.2,,,,,-0.1901234567901235,,,
r1_7b,5,-0.2,0.2,,,,,-0.19341563786008234,,,
r1_7b,6,-0.16666666666666666,0.16666666666666666,,,,,-0.1844993141289438,,,
r1_7b,7,-0.2,0.2,,,,,-0.18966620941929588,,,
r1_7b,8,-0.2,0.2,,,,,-0.1931108062795306,,,
r1_7b,9,-0.16666666666666666,0.16666666666666666,,,,,-0.18429609307524264,,,
r1_7b,10,-0.2,0.2,,,,39.31726907630522,-0.18953072871682844,31.666666666666664,23.333333333333332,62.951807228915655
r1_7b,11,-0.2,0.2,,,,,-0.19302048581121897,,,
r1_7b,12,-0.2,0.2,,,,,-0.19534699054081267,,,
r1_7b,13,-0.2,0.2,,,,,-0.19689799369387512,,,
r1_7b,14,-0.2,0.2,,,,,-0.19793199579591675,,,
r1_7b,15,-0.2,0.2,,,,,-0.19862133053061118,,,
r1_7b,16,-0.2,0.2,,,,,-0.19908088702040747,,,
r1_7b,17,-0.2,0.2,,,,,-0.199387258013605,,,
r1_7b,18,-0.2,0.2,,,,,-0.19959150534240333,,,
r1_7b,19,-0.16666666666666666,0.16666666666666666,,,,,-0.1886165591171578,,,
r1_7b,20,-0.16666666666666666,0.16666666666666666,,,,40.70281124497992,-0.18129992830032743,32.916666666666664,24.583333333333332,64.60843373493977
r1_7b,21,-0.2,0.2,,,,,-0.18753328553355164,,,
r1_7b,22,-0.2,0.2,,,,,-0.19168885702236776,,,
r1_7b,23,-0.2,0.2,,,,,-0.19445923801491186,,,
r1_7b,24,-0.2,0.2,,,,,-0.19630615867660792,,,
r1_7b,25,-0.2,0.2,,,,,-0.19753743911773863,,,
r1_7b,26,-0.2,0.2,,,,,-0.1983582927451591,,,
r1_7b,27,-0.16666666666666666,0.16666666666666666,,,,,-0.18779441738566163,,,
r1_7b,28,-0.2,0.2,,,,,-0.19186294492377443,,,
r1_7b,29,-0.16666666666666666,0.16666666666666666,,,,,-0.18346418550473853,,,
r1_7b,30,-0.2,0.2,,,,39.954819277108435,-0.1889761236698257,30.833333333333336,22.916666666666664,66.1144578313253
r1_7b,31,-0.2,0.2,,,,,-0.19265074911321714,,,
r1_7b,32,-0.16666666666666666,0.16666666666666666,,,,,-0.18398938829770034,,,
r1_7b,33,-0.16666666666666666,0.16666666666666666,,,,,-0.17821514775402245,,,
r1_7b,34,-0.16666666666666666,0.16666666666666666,,,,,-0.1743656540582372,,,
r1_7b,35,-0.16666666666666666,0.16666666666666666,,,,,-0.1717993249277137,,,
r1_7b,36,-0.2,0.2,,,,,-0.18119954995180915,,,
r1_7b,37,-0.16666666666666666,0.16666666666666666,,,,,-0.17635525552342832,,,
r1_7b,38,-0.16666666666666666,0.16666666666666666,,,,,-0.17312572590450778,,,
r1_7b,39,-0.2,0.2,,,,,-0.18208381726967188,,,
r1_7b,40,-0.16666666666666666,0.16666666666666666,,,,39.97322623828648,-0.17694476706867016,33.33333333333333,23.333333333333332,63.25301204819277
r1_7b,41,-0.2,0.2,,,,,-0.18462984471244678,,,
r1_7b,42,-0.16666666666666666,0.16666666666666666,,,,,-0.17864211869718674,,,
r1_7b,43,-0.16666666666666666,0.16666666666666666,,,,,-0.17465030135368007,,,
r1_7b,44,-0.16666666666666666,0.16666666666666666,,,,,-0.17198908979134228,,,
r1_7b,45,-0.14285714285714285,0.14285714285714285,,,,,-0.1622784408132758,,,
r1_7b,46,-0.16666666666666666,0.16666666666666666,,,,,-0.1637411827644061,,,
r1_7b,47,-0.16666666666666666,0.16666666666666666,,,,,-0.16471634406515964,,,
r1_7b,48,-0.16666666666666666,0.16666666666666666,,,,,-0.16536645159899532,,,
r1_7b,49,-0.2,0.2,,,,,-0.17691096773266357,,,
r1_7b,50,-0.16666666666666666,0.16666666666666666,,,,39.45281124497992,-0.1734962007106646,29.583333333333332,24.166666666666668,64.60843373493977
r1_7b,51,-0.16666666666666666,0.16666666666666666,,,,,-0.1712196893626653,,,
r1_7b,52,-0.16666666666666666,0.16666666666666666,,,,,-0.16970201513066577,,,
r1_7b,53,-0.16666666666666666,0.16666666666666666,,,,,-0.16869023230933275,,,
r1_7b,54,-0.2,0.2,,,,,-0.17912682153955517,,,
r1_7b,55,-0.16666666666666666,0.16666666666666666,,,,,-0.17497343658192568,,,
r1_7b,56,-0.16666666666666666,0.16666666666666666,,,,,-0.17220451327683936,,,
r1_7b,57,-0.16666666666666666,0.16666666666666666,,,,,-0.1703585644067818,,,
r1_7b,58,-0.16666666666666666,0.16666666666666666,,,,,-0.16912793182674343,,,
r1_7b,59,-0.16666666666666666,0.16666666666666666,,,,,-0.16830751010671785,,,
r1_7b,60,-0.16666666666666666,0.16666666666666666,,,,37.83969210174029,-0.16776056229336747,30.0,20.416666666666668,63.102409638554214
r1_7b,61,-0.2,0.2,,,,,-0.17850704152891167,,,
r1_7b,62,-0.16666666666666666,0.16666666666666666,,,,,-0.17456024990816335,,,
r1_7b,63,-0.16666666666666666,0.16666666666666666,,,,,-0.17192905549433113,,,
r1_7b,64,-0.16666666666666666,0.16666666666666666,,,,,-0.17017492588510966,,,
r1_7b,65,-0.2,0.2,,,,,-0.18011661725673977,,,
r1_7b,66,-0.16666666666666666,0.16666666666666666,,,,,-0.17563330039338207,,,
r1_7b,67,-0.16666666666666666,0.16666666666666666,,,,,-0.17264442248447695,,,
r1_7b,68,-0.16666666666666666,0.16666666666666666,,,,,-0.17065183721187352,,,
r1_7b,69,-0.16666666666666666,0.16666666666666666,,,,,-0.1693234470301379,,,
r1_7b,70,-0.2,0.2,,,,38.28313253012049,-0.17954896468675863,27.916666666666668,24.583333333333332,62.34939759036144
r1_7b,71,-0.16666666666666666,0.16666666666666666,,,,,-0.175254865346728,,,
r1_7b,72,-0.16666666666666666,0.16666666666666666,,,,,-0.17239213245337423,,,
r1_7b,73,-0.16666666666666666,0.16666666666666666,,,,,-0.17048364385780504,,,
r1_7b,74,-0.2,0.2,,,,,-0.1803224292385367,,,
r1_7b,75,-0.16666666666666666,0.16666666666666666,,,,,-0.1757705083812467,,,
r1_7b,76,-0.16666666666666666,0.16666666666666666,,,,,-0.17273589447638668,,,
r1_7b,77,-0.16666666666666666,0.16666666666666666,,,,,-0.17071281853981335,,,
r1_7b,78,-0.16666666666666666,0.16666666666666666,,,,,-0.16936410124876447,,,
r1_7b,79,-0.16666666666666666,0.16666666666666666,,,,,-0.16846495638806522,,,
r1_7b,80,-0.16666666666666666,0.16666666666666666,,,,37.600401606425706,-0.16786552648093236,26.666666666666668,23.333333333333332,62.80120481927711
r1_7b,81,-0.2,0.2,,,,,-0.17857701765395492,,,
r1_7b,82,-0.16666666666666666,0.16666666666666666,,,,,-0.17460690065819218,,,
r1_7b,83,-0.16666666666666666,0.16666666666666666,,,,,-0.17196015599435036,,,
r1_7b,84,-0.16666666666666666,0.16666666666666666,,,,,-0.17019565955178914,,,
r1_7b,85,-0.2,0.2,,,,,-0.18013043970119277,,,
r1_7b,86,-0.16666666666666666,0.16666666666666666,,,,,-0.17564251535635075,,,
r1_7b,87,-0.16666666666666666,0.16666666666666666,,,,,-0.17265056579312274,,,
r1_7b,88,-0.2,0.2,,,,,-0.18176704386208184,,,
r1_7b,89,-0.2,0.2,,,,,-0.18784469590805458,,,
r1_7b,90,-0.14285714285714285,0.14285714285714285,,,,41.84906291834003,-0.172848844891084,33.75,25.833333333333336,65.96385542168674
r1_7b,91,-0.16666666666666666,0.16666666666666666,,,,,-0.17078811881627823,,,
r1_7b,92,-0.14285714285714285,0.14285714285714285,,,,,-0.16147779349656644,,,
r1_7b,93,-0.16666666666666666,0.16666666666666666,,,,,-0.16320741788659984,,,
r1_7b,94,-0.16666666666666666,0.16666666666666666,,,,,-0.1643605008132888,,,
r1_7b,95,-0.14285714285714285,0.14285714285714285,,,,,-0.1571927148279068,,,
r1_7b,96,-0.14285714285714285,0.14285714285714285,,,,,-0.15241419083765217,,,
r1_7b,97,-0.14285714285714285,0.14285714285714285,,,,,-0.1492285081774824,,,
r1_7b,98,-0.14285714285714285,0.14285714285714285,,,,,-0.14710471973736922,,,
r1_7b,99,-0.14285714285714285,0.14285714285714285,,,,,-0.14568886077729376,,,
r1_7b,100,-0.16666666666666666,0.16666666666666666,,,,39.08634538152611,-0.15268146274041808,28.749999999999996,23.75,64.7590361445783
r1_7b,101,-0.25,0.25,,,,,-0.18512097516027873,,,
r1_7b,102,-0.2,0.2,,,,,-0.1900806501068525,,,
r1_7b,103,-0.25,0.25,,,,,-0.21005376673790166,,,
r1_7b,104,-0.2,0.2,,,,,-0.2067025111586011,,,
r1_7b,105,-0.25,0.25,,,,,-0.22113500743906742,,,
r1_7b,106,-0.2,0.2,,,,,-0.2140900049593783,,,
r1_7b,107,-0.2,0.2,,,,,-0.20939333663958554,,,
r1_7b,108,-0.2,0.2,,,,,-0.20626222442639036,,,
r1_7b,109,-0.2,0.2,,,,,-0.20417481628426026,,,
r1_7b,110,-0.2,0.2,,,,39.9698795180723,-0.2027832108561735,32.5,22.5,64.90963855421687
r1_7b,111,-0.2,0.2,,,,,-0.20185547390411568,,,
r1_7b,112,-0.16666666666666666,0.16666666666666666,,,,,-0.19012587149163268,,,
r1_7b,113,-0.2,0.2,,,,,-0.19341724766108848,,,
r1_7b,114,-0.16666666666666666,0.16666666666666666,,,,,-0.18450038732961455,,,
r1_7b,115,-0.16666666666666666,0.16666666666666666,,,,,-0.17855581377529858,,,
r1_7b,116,-0.14285714285714285,0.14285714285714285,,,,,-0.16665625680258,,,
r1_7b,117,-0.14285714285714285,0.14285714285714285,,,,,-0.15872321882076762,,,
r1_7b,118,-0.14285714285714285,0.14285714285714285,,,,,-0.15343452683289271,,,
r1_7b,119,-0.16666666666666666,0.16666666666666666,,,,,-0.15784524011081738,,,
r1_7b,120,-0.14285714285714285,0.14285714285714285,,,,39.313922356091034,-0.15284920769292587,28.749999999999996,24.583333333333332,64.60843373493977
r1_7b,121,-0.14285714285714285,0.14285714285714285,,,,,-0.14951851941433153,,,
r1_7b,122,-0.14285714285714285,0.14285714285714285,,,,,-0.1472980605619353,,,
r1_7b,123,-0.14285714285714285,0.14285714285714285,,,,,-0.14581775466033783,,,
r1_7b,124,-0.14285714285714285,0.14285714285714285,,,,,-0.14483088405927286,,,
r1_7b,125,-0.125,0.125,,,,,-0.1382205893728486,,,
r1_7b,126,-0.2,0.2,,,,,-0.15881372624856574,,,
r1_7b,127,-0.2,0.2,,,,,-0.1725424841657105,,,
r1_7b,128,-0.16666666666666666,0.16666666666666666,,,,,-0.1705838783326959,,,
r1_7b,129,-0.16666666666666666,0.16666666666666666,,,,,-0.16927814111068615,,,
r1_7b,130,-0.16666666666666666,0.16666666666666666,,,,40.65261044176707,-0.16840764962934632,32.5,25.0,64.45783132530121
r1_7b,131,-0.16666666666666666,0.16666666666666666,,,,,-0.16782732197511976,,,
r1_7b,132,-0.16666666666666666,0.16666666666666666,,,,,-0.16744043687230206,,,
r1_7b,133,-0.16666666666666666,0.16666666666666666,,,,,-0.1671825134704236,,,
r1_7b,134,-0.16666666666666666,0.16666666666666666,,,,,-0.16701056453583796,,,
r1_7b,135,-0.25,0.25,,,,,-0.19467370969055864,,,
r1_7b,136,-0.2,0.2,,,,,-0.19644913979370576,,,
r1_7b,137,-0.2,0.2,,,,,-0.19763275986247053,,,
r1_7b,138,-0.25,0.25,,,,,-0.21508850657498035,,,
r1_7b,139,-0.25,0.25,,,,,-0.22672567104998692,,,
r1_7b,140,-0.25,0.25,,,,39.28714859437751,-0.2344837806999913,30.0,22.5,65.36144578313254
r1_7b,141,-0.2,0.2,,,,,-0.22298918713332755,,,
r1_7b,142,-0.25,0.25,,,,,-0.23199279142221838,,,
r1_7b,143,-0.25,0.25,,,,,-0.23799519428147892,,,
r1_7b,144,-0.2,0.2,,,,,-0.22533012952098597,,,
r1_7b,145,-0.25,0.25,,,,,-0.23355341968065732,,,
r1_7b,146,-0.25,0.25,,,,,-0.23903561312043822,,,
r1_7b,147,-0.25,0.25,,,,,-0.24269040874695882,,,
r1_7b,148,-0.25,0.25,,,,,-0.24512693916463923,,,
r1_7b,149,-0.25,0.25,,,,,-0.24675129277642616,,,
r1_7b,150,-0.2,0.2,,,,38.54250334672022,-0.23116752851761746,28.749999999999996,21.666666666666668,65.21084337349397
r1_7b,151,-0.25,0.25,,,,,-0.23744501901174497,,,
r1_7b,152,-0.25,0.25,,,,,-0.24163001267449666,,,
r1_7b,153,-0.25,0.25,,,,,-0.24442000844966444,,,
r1_7b,154,-0.25,0.25,,,,,-0.24628000563310964,,,
r1_7b,155,-0.2,0.2,,,,,-0.23085333708873979,,,
r1_7b,156,-0.25,0.25,,,,,-0.23723555805915986,,,
r1_7b,157,-0.2,0.2,,,,,-0.22482370537277324,,,
r1_7b,158,-0.25,0.25,,,,,-0.23321580358184885,,,
r1_7b,159,-0.2,0.2,,,,,-0.2221438690545659,,,
r1_7b,160,-0.2,0.2,,,,38.770080321285135,-0.2147625793697106,30.0,21.25,65.06024096385542
r1_7b,161,-0.2,0.2,,,,,-0.20984171957980707,,,
r1_7b,162,-0.2,0.2,,,,,-0.20656114638653805,,,
r1_7b,163,-0.2,0.2,,,,,-0.20437409759102537,,,
r1_7b,164,-0.25,0.25,,,,,-0.21958273172735027,,,
r1_7b,165,-0.25,0.25,,,,,-0.22972182115156686,,,
r1_7b,166,-0.25,0.25,,,,,-0.23648121410104458,,,
r1_7b,167,-0.25,0.25,,,,,-0.24098747606736307,,,
r1_7b,168,-0.2,0.2,,,,,-0.22732498404490872,,,
r1_7b,169,-0.25,0.25,,,,,-0.23488332269660583,,,
r1_7b,170,-0.2,0.2,,,,39.05120481927711,-0.2232555484644039,28.333333333333332,25.416666666666664,63.403614457831324
r1_7b,171,-0.2,0.2,,,,,-0.21550369897626928,,,
r1_7b,172,-0.2,0.2,,,,,-0.21033579931751287,,,
r1_7b,173,-0.25,0.25,,,,,-0.22355719954500858,,,
r1_7b,174,-0.25,0.25,,,,,-0.23237146636333905,,,
r1_7b,175,-0.25,0.25,,,,,-0.23824764424222605,,,
r1_7b,176,-0.2,0.2,,,,,-0.22549842949481738,,,
r1_7b,177,-0.16666666666666666,0.16666666666666666,,,,,-0.20588784188543383,,,
r1_7b,178,-0.2,0.2,,,,,-0.20392522792362255,,,
r1_7b,179,-0.2,0.2,,,,,-0.20261681861574837,,,
r1_7b,180,-0.16666666666666666,0.16666666666666666,,,,40.599062918340024,-0.19063343463272114,31.666666666666664,24.166666666666668,65.96385542168674
r1_7b,181,-0.2,0.2,,,,,-0.19375562308848077,,,
r1_7b,182,-0.16666666666666666,0.16666666666666666,,,,,-0.18472597094787607,,,
r1_7b,183,-0.16666666666666666,0.16666666666666666,,,,,-0.1787062028541396,,,
r1_7b,184,-0.16666666666666666,0.16666666666666666,,,,,-0.17469302412498197,,,
r1_7b,185,-0.2,0.2,,,,,-0.183128682749988,,,
r1_7b,186,-0.2,0.2,,,,,-0.18875245516665867,,,
r1_7b,187,-0.2,0.2,,,,,-0.19250163677777246,,,
r1_7b,188,-0.16666666666666666,0.16666666666666666,,,,,-0.18388998007407054,,,
r1_7b,189,-0.16666666666666666,0.16666666666666666,,,,,-0.17814887560493592,,,
r1_7b,190,-0.16666666666666666,0.16666666666666666,,,,37.916666666666664,-0.17432147262551284,30.0,21.25,62.5
r1_7b,191,-0.2,0.2,,,,,-0.1828809817503419,,,
r1_7b,192,-0.2,0.2,,,,,-0.1885873211668946,,,
r1_7b,193,-0.2,0.2,,,,,-0.1923915474445964,,,
