step,pg_loss,pg_loss_ema10,grad_norm,nu_raw,nu_raw_ema10,nu_clip1,nu_clip1_ema10,AIME 2024,AIME 2025,AMC 2023,Macro
1,0.07624767386975388,0.07624767386975388,2.7058520317077637,48.01218742753933,48.01218742753933,17.743833315688388,17.743833315688388,,,,
2,0.0873718754388392,0.07827025597322394,2.445430278778076,34.22227815488946,45.50493119614844,13.994379006376548,17.06211435035896,,,,
3,0.0847224342636764,0.07944337929876075,2.3536791801452637,32.69385335298609,43.175644315573464,13.890530888312613,16.48546281180508,,,,
4,0.07391943992115557,0.0784390266846507,2.55537486076355,44.169305706234645,43.356310022966404,17.284863518238097,16.6308083947929,,,,
5,0.08425821661949158,0.07949706121825813,2.5094988346099854,37.3707434928788,42.26802519931411,14.891715818902458,16.314609744631,,,,
6,0.07383905684885879,0.07846833315109461,2.719510793685913,50.08012881389132,43.68840767469178,18.41512412091396,16.69652144940972,,,,
7,0.08862887993454933,0.08031570529354091,2.6079463958740234,38.37002345496747,42.721428725650995,14.712734707918795,16.335832950956824,,,,
8,0.07980147367343307,0.08022220863533948,2.257063865661621,31.91881715444655,40.757317530886546,14.141743014033,15.936907507879765,,,,
9,0.07935645049437881,0.08006479806425572,2.3693437576293945,35.37072164168325,39.777936460122305,14.92848875465534,15.753558643657142,,,,
10,0.08972512260079384,0.08182122070726265,2.649807929992676,39.127737373467504,39.65971844436688,14.766254161514134,15.574048737812957,0.29583333333333334,0.24583333333333332,0.6551204819277109,0.3989290495314592
11,0.08393299840390682,0.08220518028847068,2.565676689147949,39.21399806045043,39.578678374563886,15.28407621518097,15.521326460970776,,,,
12,0.0797421888448298,0.08175736366235416,2.3682799339294434,35.16802038358206,38.776740558021736,14.84960450821005,15.399195196832462,,,,
13,0.07921198727563024,0.08129456795567708,2.373654842376709,35.564297175964086,38.192659943102164,14.982926978698396,15.323510066262632,,,,
14,0.08310255212709308,0.08162329235047998,2.627103567123413,41.52503729270234,38.79854673393856,15.806395230230994,15.411307368802333,,,,
15,0.07884401297196746,0.08111796882711406,2.370915651321411,35.647862239580775,38.225695007691684,15.035483113755111,15.342975686066474,,,,
16,0.08101079650223256,0.08109848294986287,2.4238457679748535,36.26077362890574,37.86843657518514,14.960016890514433,15.27334681414792,,,,
17,0.08328180685639382,0.08149545093286849,2.6141369342803955,41.027639583712144,38.44283712219005,15.694525809148555,15.349924813238944,,,,
18,0.08274037726223468,0.08172180117457142,2.4342856407165527,35.80927943933545,37.96400845258012,14.710385190784217,15.233644881883539,,,,
19,0.07564792195335031,0.08061745949798577,2.247076988220215,33.37404954826525,37.12947046997741,14.852205653487191,15.164292294902383,,,,
20,0.07567090569064021,0.07971808607846839,2.360690116882324,36.82298881639521,37.07374653296247,15.598400041182009,15.243220976044132,0.30833333333333335,0.2375,0.6536144578313253,0.3998159303882196
21,0.0998511629877612,0.08337864551652163,2.4550137519836426,30.18038219127976,35.82040756174743,12.293365838335577,14.706883678278938,,,,
22,0.08690468780696392,0.08401974411478386,2.0127387046813965,23.307816848275465,33.54539106838889,11.580150366296524,14.138386712463953,,,,
23,0.0966902794316411,0.0863234778087579,2.1408841609954834,23.701374211260475,31.755569821638264,11.070834491222376,13.580649944965485,,,,
24,0.08936505997553468,0.08687649274817186,2.252544403076172,28.388926775290454,31.14345290412048,12.603048684199658,13.402904261189878,,,,
25,0.0782371623441577,0.08530570540198747,2.225463628768921,31.651763781941227,31.23587306372425,14.22254822445708,13.551930436329368,,,,
26,0.08912717527709901,0.0860005181065532,2.1020748615264893,24.788840831787176,30.063685385190233,11.792558526572153,13.232044634555328,,,,
27,0.0761960775591433,0.08421789255247866,2.2552742958068848,33.37614160899089,30.665950153153986,14.799149562891499,13.516972803343721,,,,
28,0.08885184011887759,0.08506042847364209,2.0103282928466797,22.742465657507523,29.225316608490992,11.312811812096406,13.116216259480572,,,,
29,0.06738625364378095,0.08184694214094006,2.0170650482177734,30.188289070416765,29.400402510659312,14.966442999490948,13.45262112130064,,,,
30,0.08282191515900195,0.08202420996240585,1.9485254287719727,22.92117574969123,28.222361281392384,11.763344430222261,13.145479904740933,0.31666666666666665,0.26666666666666666,0.6852409638554217,0.4228580990629183
31,0.07906609307974577,0.08148637052919493,1.887048602104187,22.518833851520924,27.185356294143027,11.933361878655854,12.9250948090891,,,,
32,0.08141729119233787,0.08147381064976636,1.7684686183929443,19.206492923305305,25.734653863081622,10.860522331891177,12.549717995053113,,,,
33,0.0695870405761525,0.07931257972729111,1.5190602540969849,16.58027153096084,24.070220711786934,10.914821506416866,12.25246408802834,,,,
34,0.06333285075379536,0.07640717445938279,1.3845921754837036,15.13507973818634,22.445649625677735,10.931074150335235,12.012211372084138,,,,
35,0.0659226609277539,0.0745008992718139,1.4132838249206543,15.149351844059495,21.11905002901987,10.719256512335745,11.777128670311702,,,,
36,0.09048461681231856,0.07740702973372383,1.3479524850845337,10.040247536298386,19.10472230307051,7.448517397605996,10.990108438910664,,,,
37,0.07799561655459304,0.07751404551933641,1.2848968505859375,10.583671170097562,17.55544027889361,8.23698117500343,10.489539845472985,,,,
38,0.07784519569637875,0.07757425464243502,1.2894330024719238,10.679127035331636,16.305201507336886,8.282033277307995,10.088175014897532,,,,
39,0.07421548486066361,0.07696356922756749,1.4252426624298096,13.685261577309117,15.828848792786381,9.602057206158806,9.999789958763218,,,,
40,0.056354425905738026,0.07321645225996212,1.3623721599578857,16.467720790314452,15.945007337791484,12.087534723862465,10.37937991605399,0.3416666666666667,0.2875,0.6957831325301205,0.4416499330655957
41,0.07406861769656341,0.07337139143025326,1.2558656930923462,10.646875074323798,14.98171056261554,8.47771790636924,10.033623187020398,,,,
42,0.07780014343249302,0.07417661906702412,1.1791374683380127,8.935492326212703,13.88239815599684,7.577990324408253,9.587144484727279,,,,
43,0.06083517771912739,0.07175090245831563,1.3197035789489746,14.314230693396535,13.960913162796784,10.8465498781147,9.816127283524992,,,,
44,0.05153181008063257,0.06807470384419143,1.2659233808517456,15.549250100855781,14.249701696989328,12.282931444392668,10.264637130955478,,,,
45,0.06171593221370131,0.06691856354773867,1.2632249593734741,12.928082269409941,14.009407255611258,10.234188434514408,10.259101004329828,,,,
46,0.05487218115013093,0.06472831220271907,1.143909215927124,11.923421548551707,13.630137127054976,10.423398450276427,10.28897326722921,,,,
47,0.0622085922708114,0.06427018130600859,1.3218899965286255,14.044628717167866,13.705499234348228,10.624657690163351,10.35000679867178,,,,
48,0.05533021374139935,0.06264473265789781,1.0771324634552002,10.484455647068728,13.119854945751955,9.733673436447118,10.237946187358204,,,,
49,0.06588083691895008,0.0632331152508164,1.208771824836731,11.089183083061585,12.750641879808251,9.173925843745906,10.044487943065059,,,,
50,0.054015589237678796,0.06155720143024592,1.0745420455932617,10.688031215091579,12.375621758950674,9.946591907616464,10.026688663892587,0.3375,0.2708333333333333,0.7063253012048193,0.4382195448460509
51,0.0479077409254387,0.059075481338462785,1.1060857772827148,12.76856018541125,12.447065109216233,11.543914990733683,10.302547996045513,,,,
52,0.049627398897428066,0.05735764816736556,1.1390199661254883,13.071070739713344,12.560520678397525,11.475716957075075,10.515851443505433,,,,
53,0.046692600823007524,0.05541854865020955,1.092477798461914,12.780480409051192,12.60051335669819,11.698617973788274,10.730899903556857,,,,
54,0.05605598050169647,0.0555344453504799,1.0437384843826294,9.716983041161676,12.076235117509732,9.309787065013,10.472515751094337,,,,
55,0.05966223838428656,0.05628495317480838,1.039380431175232,9.05356310763674,11.526658388441914,8.710538351583008,10.152156223910458,,,,
56,0.049883513789003096,0.05512105510466196,1.045274257659912,10.951496704381572,11.42208353679458,10.47715145008835,10.21124626503371,,,,
57,0.04339294432429597,0.0529886713264136,0.9717574119567871,10.880944844807715,11.323694683706059,10.880944844807715,10.333009643174437,,,,
58,0.03735199285438284,0.05014563887695346,0.9162003993988037,11.236658444584576,11.307869912956697,11.236658444584576,10.497309425249007,,,,
59,0.03376328165177256,0.04716702847237511,0.8174490332603455,9.895704583313096,11.051112580294223,9.895704583313096,10.387926726715204,,,,
60,0.03636860166443512,0.04520367814365875,0.7111964821815491,6.95380648580219,10.306147835841125,6.95380648580219,9.763541228367382,0.3458333333333333,0.2916666666666667,0.713855421686747,0.45045180722891565
61,0.04878566658589989,0.04585494876952077,0.7308681607246399,5.474643535109595,9.427692508435392,5.474643535109595,8.983741647775057,,,,
62,0.033512049121782184,0.04361078519720466,0.6863077878952026,7.027597417483099,8.991311582807702,7.027597417483099,8.628079060449245,,,,
63,0.03040987835265696,0.0412106203163778,0.6570613384246826,7.09850919898064,8.647165694839146,7.09850919898064,8.349975449273135,,,,
64,0.030283898959169164,0.03922394370597623,0.722453773021698,8.617441480322626,8.641761292199778,8.617441480322626,8.398605636736677,,,,
65,0.03578186822899928,0.03859811180107133,0.740627110004425,7.664894864669948,8.464149214467081,7.664894864669948,8.26520367817909,,,,
66,0.029388097376795486,0.03692356372393027,0.5681036114692688,5.491027697819921,7.923581665985779,5.491027697819921,7.760808045386513,,,,
67,0.026904944330453873,0.03510199656148001,0.5350772738456726,5.320726284908969,7.450335233062722,5.320726284908969,7.317156816208778,,,,
68,0.032067744177766144,0.03455031430989567,0.7095890045166016,7.8508259349276255,7.523151724310886,7.8508259349276255,7.41418756506675,,,,
69,0.0299194020141537,0.0337083302561244,0.7338134050369263,8.998878272318965,7.791465642130537,8.998878272318965,7.702313148203516,,,,
70,0.02657328825443983,0.03241104989218175,0.6431785821914673,7.78373162983902,7.7900594580775335,7.78373162983902,7.71711650850088,0.37916666666666665,0.32916666666666666,0.713855421686747,0.47406291834002673
71,0.02872997336089611,0.03174176325012981,0.6453796029090881,7.248785556098073,7.6916460213539946,7.248785556098073,7.6319654262458245,,,,
72,0.023173514055088162,0.030183899760122236,0.46711626648902893,4.7079093377885926,7.149148442523921,4.7079093377885926,7.100318864708146,,,,
73,0.030856722383759916,0.030306231146238177,0.5412447452545166,4.7468728308585,6.712371058584753,4.7468728308585,6.6724195858263915,,,,
74,0.02692160881512488,0.02969084526785394,0.5092623233795166,4.816727629371809,6.367708616909672,4.816727629371809,6.335021048289194,,,,
75,0.0417880272337546,0.031890332898017695,0.5461347103118896,3.568762891569661,5.858809394120579,3.568762891569661,5.832065019794733,,,,
76,0.030605724547058344,0.031656767743297815,0.45409509539604187,3.36868933368479,5.406060292223162,3.36868933368479,5.384178531411107,,,,
77,0.024631823374268908,0.030379505130747102,0.46001121401786804,4.2954659467728815,5.204134047595838,4.2954659467728815,5.186230788749611,,,,
78,0.020060410155565478,0.028503306044350443,0.4295637607574463,4.599233593060077,5.094152146771154,4.599233593060077,5.079504025896968,,,,
79,0.028948704712092876,0.02858428762030361,0.4005407392978668,2.770985531699167,4.6717582167580645,2.770985531699167,4.659773390588277,,,,
80,0.019124342303257436,0.02686429756265885,0.3889924883842468,3.9560878387330214,4.54163632984442,3.9560878387330214,4.5318305629782305,0.3458333333333333,0.30833333333333335,0.7289156626506024,0.46102744310575633
81,0.025525183281085145,0.026620822238736356,0.40282300114631653,3.1785544586621857,4.29380326235674,3.1785544586621857,4.285780362193495,,,,
82,0.021520965616218746,0.02569357558009679,0.43288135528564453,4.353574813871673,4.304670817177637,4.353574813871673,4.298106626134982,,,,
83,0.022856046096421778,0.025177661128519515,0.3659500479698181,2.9296282708774792,4.054663081486699,2.9296282708774792,4.049292379724527,,,,
84,0.020792511815670878,0.024380361253456124,0.372551828622818,3.33761659583617,3.9242909931866023,3.33761659583617,3.9198967826539164,,,,
85,0.022811164206359535,0.02409505269943856,0.36186960339546204,2.870296506503633,3.7326556319715167,2.870296506503633,3.72906036880841,,,,
86,0.020767286594491452,0.023490004316720905,0.3732464909553528,3.354144085617742,3.6638353508162846,3.354144085617742,3.660893771864652,,,,
87,0.022987948866405834,0.023398721507572707,0.43567463755607605,4.128519488900695,3.7483233759225407,4.128519488900695,3.7459166295075685,,,,
88,0.028323423233814538,0.024294121821434856,0.5304746031761169,4.967678205629101,3.970024254051006,4.967678205629101,3.9680550978933016,,,,
89,0.02082894410705194,0.02366408950972887,0.3280393183231354,2.5831792963877245,3.7178706253849545,2.5831792963877245,3.71625949761956,,,,
90,0.01483473542612046,0.022058752403618247,0.3723408877849579,4.672740454554462,3.891483321597592,4.672740454554462,3.890165126153178,0.375,0.2916666666666667,0.7424698795180723,0.46971218206157966
91,0.020230590210606653,0.02172635927761614,0.39384540915489197,3.8336549922072902,3.8809690798902645,3.8336549922072902,3.8798905563448347,,,,
92,0.017423760960809886,0.020944068674560456,0.393606036901474,4.445817198529889,3.9836687378247415,4.445817198529889,3.98278630946939,,,,
93,0.017433277185773477,0.02030574294932646,0.3707755208015442,3.942875609694405,3.9762518054374074,3.942875609694405,3.9755298186012107,,,,
94,0.017378482763888314,0.01977351382470134,0.3182821273803711,2.9146247686328177,3.7832287078365727,2.9146247686328177,3.78263799133423,,,,
95,0.016618604990071617,0.019199894036586847,0.3252888321876526,3.183565179183876,3.674198975354264,3.183565179183876,3.673715661852347,,,,
96,0.018029313388979062,0.018987061191567248,0.3861134946346283,4.134478876774553,3.7578862301579528,4.134478876774553,3.757490791838203,,,,
97,0.01693838063511066,0.01861457381766605,0.3541174829006195,3.7016286974900448,3.7476575878546967,3.7016286974900448,3.7473340474112646,,,,
98,0.01577768666902557,0.01809877615427687,0.301809161901474,2.886632626140743,3.591107594815796,2.886632626140743,3.5908428799075334,,,,
99,0.014903002273058519,0.017517726357691714,0.295712947845459,2.9338433263724086,3.4716050005533616,2.9338433263724086,3.4713884156284194,,,,
100,0.01512599244597368,0.01708286564647025,0.2894780933856964,2.7699857331518,3.3440378610258046,2.7699857331518,3.343860655178125,0.4125,0.30416666666666664,0.7620481927710844,0.4929049531459169
101,0.02124326260915647,0.017839301457867746,0.3686491549015045,3.198712973378572,3.317615154180853,3.198712973378572,3.317470167578206,,,,
102,0.016531710997999955,0.017601557737891783,0.3426944315433502,3.551945513232963,3.360220674008509,3.551945513232963,3.3601020486063433,,,,
103,0.015968507699047525,0.017304639549011007,0.34948790073394775,3.824458586280643,3.444627567148897,3.824458586280643,3.4445305100016705,,,,
104,0.01500802650116384,0.01688707354031152,0.3148649036884308,3.302896205808162,3.4188582287233085,3.302896205808162,3.4187788183301233,,,,
105,0.013568276209601512,0.01628365584381879,0.30121704936027527,3.3435238722920726,3.405161073008538,3.3435238722920726,3.4050961008686595,,,,
106,0.01595432780838261,0.01622377801919403,0.25018078088760376,1.9615499906127472,3.1426863307547577,1.9615499906127472,3.142633171731221,,,,
107,0.014610914920922369,0.015930530183144637,0.29552218317985535,2.988634223936564,3.1146768567878134,2.988634223936564,3.1146333630412832,,,,
108,0.01642484774735446,0.01602040610391006,0.26559558510780334,2.147387175632067,2.9388060056685865,2.147387175632067,2.9387704198759708,,,,
109,0.014259113076453408,0.01570017100800885,0.27517396211624146,2.6551689793312265,2.8872356372436117,2.6551689793312265,2.887206521595108,,,,
110,0.012956889637280256,0.015201392576967286,0.28229954838752747,3.0753150351186482,2.921431891402709,3.0753150351186482,2.921408069508479,0.4125,0.3,0.7484939759036144,0.48699799196787147
111,0.013243156659882516,0.014845349682951873,0.2614581286907196,2.580968979455512,2.859529543775946,2.580968979455512,2.859510053135212,,,,
112,0.017274110636208206,0.015286942583543933,0.2652101516723633,2.0358913414229844,2.7097771433481346,2.0358913414229844,2.7097611964602613,,,,
113,0.019360824682128925,0.016027648419650296,0.33287426829338074,2.8615846770755797,2.7373785131167607,2.8615846770755797,2.7373654656630464,,,,
114,0.018703232305900503,0.016514118217150334,0.3220466673374176,2.772623850435135,2.743786756265556,2.772623850435135,2.7437760810761533,,,,
115,0.013400097450357862,0.015947932623188065,0.27704304456710815,2.863891431661302,2.7656239699738734,2.863891431661302,2.7656152357279984,,,,
116,0.012091906581190415,0.015246836979188492,0.2984369993209839,3.68282048681461,2.9323869730358254,3.68282048681461,2.932379826834655,,,,
117,0.014567549020284787,0.015123330077569636,0.30630648136138916,3.220296715437476,2.9847341989270344,3.220296715437476,2.9847283520351677,,,,
118,0.013920376033638604,0.014904611160491264,0.29382994771003723,3.101067024434257,3.005885621746529,3.101067024434257,3.005880837925911,,,,
119,0.014240395656088367,0.014783844705145282,0.27333498001098633,2.6232421170708053,2.9363140754418517,2.6232421170708053,2.936310161406801,,,,
120,0.012764803090249188,0.014416746229709627,0.2589229643344879,2.626013930092272,2.8798958671964736,2.626013930092272,2.879892664804159,0.42083333333333334,0.3416666666666667,0.7424698795180723,0.501656626506024
121,0.0139968452276662,0.014340400592974457,0.2523491680622101,2.274801985229475,2.7698787977479284,2.274801985229475,2.769876177608762,,,,
122,0.013424081880657468,0.014173797190735004,0.26820069551467896,2.6792004739706847,2.7533918297884292,2.6792004739706847,2.753389686038202,,,,
123,0.012607144366484135,0.013888951222689391,0.2542940080165863,2.5646348067946128,2.7190723710622806,2.5646348067946128,2.7190706170848222,,,,
124,0.013367837847908959,0.013794203336365675,0.2454834133386612,2.253996005562948,2.6345130318805836,2.253996005562948,2.634511596808118,,,,
125,0.01435973467596341,0.013897027216292535,0.30341967940330505,3.205612914398357,2.738349374156542,3.205612914398357,2.738348200006343,,,,
126,0.012759172745669881,0.013690144585270233,0.22686965763568878,2.016974085298834,2.6071902307278676,2.016974085298834,2.6071892700595227,,,,
127,0.01628985947657687,0.014162820020053257,0.2532845437526703,1.9691102982270599,2.4911756975459025,1.9691102982270599,2.491174911544529,,,,
128,0.012901352514745668,0.013933462291815513,0.2206072211265564,1.8861412381979537,2.3811694322099117,1.8861412381979537,2.3811687891178788,,,,
129,0.013906098300746331,0.013928487020712026,0.21999430656433105,1.7401536316668857,2.264621104838452,1.7401536316668857,2.2646205786722433,,,,
130,0.012188028340460733,0.013612039987939063,0.2652605473995209,2.88656852614578,2.377702454167057,2.88656852614578,2.3777020236674318,0.42083333333333334,0.31666666666666665,0.7680722891566265,0.5018574297188755
131,0.012703917804174125,0.013446926863618164,0.33065712451934814,4.303165987089423,2.7277867328802143,4.303165987089423,2.7277863806532485,,,,
132,0.014360510695648069,0.013613033014896329,0.21361851692199707,1.588831753239198,2.5207040093091204,1.588831753239198,2.520703721123421,,,,
133,0.02609101379251418,0.01588175679264503,0.18853336572647095,0.681169966694615,2.186243274288301,0.681169966694615,2.1862430385000016,,,,
134,0.014618623652495444,0.01565209622170874,0.1932372897863388,1.277160252962505,2.020955452229065,1.277160252962505,2.0209552593113655,,,,
135,0.010257930669467896,0.01467133884857404,0.23288242518901825,2.643526541047091,2.134150195650524,2.643526541047091,2.13415003780877,,,,
136,0.013065051830684146,0.01437928666350315,0.22004105150699615,1.8529610511988739,2.083024896659315,1.8529610511988739,2.0830247675160614,,,,
137,0.00923239360175406,0.013443487925003314,0.22122913599014282,2.6505764768113096,2.1862160930505863,2.6505764768113096,2.1862159873879246,,,,
138,0.008547800544571752,0.01255336294674303,0.20146946609020233,2.374291816650289,2.220411679159623,2.374291816650289,2.2204115927083543,,,,
139,0.011564478336367756,0.012373565744856615,0.17594945430755615,1.3385044085287439,2.0600649026812814,1.3385044085287439,2.060064831948425,,,,
140,0.008066714537562802,0.011590501888985012,0.18760468065738678,2.1815273145387453,2.0821489775644566,2.1815273145387453,2.0821489196921195,0.4375,0.2916666666666667,0.7710843373493976,0.5000836680053548
141,0.011359605715066815,0.01154852076645443,0.1991584151983261,1.7458385149627333,2.0210016207277794,1.7458385149627333,2.0210015733776854,,,,
142,0.010258019513761004,0.011313884175055626,0.18114237487316132,1.5993613548244505,1.9443397541999012,1.5993613548244505,1.9443397154589153,,,,
143,0.009576346909549708,0.010997968308600004,0.17140422761440277,1.5339570256583077,1.8697247126468841,1.5339570256583077,1.869724680949714,,,,
144,0.010164629483673101,0.010846452158613294,0.16363175213336945,1.317084422469322,1.7692446598873273,1.317084422469322,1.7692446339532788,,,,
145,0.008206319704186171,0.01036642807599018,0.18968360126018524,2.192204903294168,1.8461465223249347,2.192204903294168,1.8461465011061677,,,,
146,0.010365632110430548,0.010366283354979336,0.19475917518138885,1.8296586215502588,1.8431487221840845,1.8296586215502588,1.843148704823275,,,,
147,0.008039042411837727,0.009943148638044498,0.1620563417673111,1.6334195393926265,1.8050161434947285,1.6334195393926265,1.8050161292904299,,,,
148,0.012357252611157795,0.010382076633156006,0.18883761763572693,1.4428630277469066,1.7391701224496698,1.4428630277469066,1.739170110827971,,,,
149,0.009959521053436523,0.01030524834593428,0.15635733306407928,1.227348959439962,1.6461117291751775,1.227348959439962,1.6461117196665147,,,,
150,0.009094549566119289,0.010085121295058827,0.16756966710090637,1.5437594313035534,1.6275022204712457,1.5437594313035534,1.6275022126914307,0.425,0.35833333333333334,0.7786144578313253,0.5206492637215528
151,0.006627220767162119,0.009456412108168517,0.19724516570568085,2.935291939197124,1.8652821693304962,2.935291939197124,1.865282162965193,,,,
152,0.009442325128475204,0.009453850839133368,0.1442529261112213,1.1018952645941036,1.7264845502875157,1.1018952645941036,1.7264845450795403,,,,
153,0.010164415376493707,0.009583044391380703,0.15858528017997742,1.2371243282679274,1.6375099644657722,1.2371243282679274,1.6375099602047014,,,,
154,0.008351148183767995,0.009359063262723847,0.15319328010082245,1.4050870941114304,1.5952512607649827,1.4050870941114304,1.5952512572786521,,,,
155,0.011024157371139154,0.009661807646072084,0.15819403529167175,1.1350233836183325,1.511573464920137,1.1350233836183325,1.5115734620676848,,,,
156,0.008177091192919761,0.009391859200044388,0.14377295970916748,1.2639374721314014,1.4665487389585488,1.2639374721314014,1.466548736624724,,,,
157,0.009889859240502119,0.009482404661945793,0.16406619548797607,1.3608746013119262,1.4473352593864355,1.3608746013119262,1.4473352574769425,,,,
158,0.009562458484045541,0.009496959902327564,0.1403183490037918,1.0295071659657598,1.3713665151281307,1.0295071659657598,1.3713665135658182,,,,
159,0.009019651556930816,0.009410176566800882,0.2586502432823181,3.708566119641039,1.7963118977668413,3.708566119641039,1.7963118964885856,,,,
160,0.007630392491895084,0.009086579462272554,0.15892669558525085,1.6550717801525563,1.7706318763824258,1.6550717801525563,1.7706318753365802,0.42916666666666664,0.32916666666666666,0.7846385542168675,0.5143239625167336
161,0.009407531101411829,0.009144934305752422,0.1651928871870041,1.4503640584872968,1.7124013640378568,1.4503640584872968,1.7124013631821648,,,,
162,0.008206784608773887,0.008974361633574506,0.1740669310092926,1.845990720811705,1.7366903379967382,1.845990720811705,1.7366903372966267,,,,
163,0.007693908837003012,0.00874155203419787,0.15064094960689545,1.474718259548981,1.6890590510062369,1.474718259548981,1.6890590504334182,,,,
164,0.008077367024573808,0.008620791123357131,0.13776366412639618,1.1748152025153202,1.5955601694624337,1.1748152025153202,1.595560168993764,,,,
165,0.0073426549837070825,0.008388402734329848,0.14510241150856018,1.4337259392085488,1.5661357639617273,1.4337259392085488,1.5661357635782702,,,,
166,0.00683745788410306,0.00810641276156134,0.13705453276634216,1.3736058978493029,1.5311303337594682,1.3736058978493029,1.5311303334457307,,,,
167,0.00725351076592536,0.007951339671445706,0.1397273689508438,1.3458129631268638,1.4974362663717218,1.3458129631268638,1.4974362661150276,,,,
168,0.007473643898265436,0.007864485894503838,0.13197675347328186,1.1652858829271984,1.4370452875636266,1.1652858829271984,1.437045287353604,,,,
169,0.006143034566775896,0.007551494744007848,0.12974326312541962,1.3701139187359848,1.4248759477767825,1.3701139187359848,1.4248759476049457,,,,
170,0.009518842542699227,0.007909194343769917,0.14727874100208282,1.139373167160707,1.3729663513011323,1.139373167160707,1.3729663511605386,0.4791666666666667,0.3458333333333333,0.7680722891566265,0.5310240963855422
171,0.007978217530762777,0.007921744014132254,0.1339849829673767,1.1250618068226503,1.32789279775959,1.1250618068226503,1.3278927976445587,,,,
172,0.006771147872010867,0.007712544715564729,0.14489957690238953,1.5503935066371712,1.3683474721009683,1.5503935066371712,1.3683474720068518,,,,
173,0.007345410437361958,0.00764579302861877,0.12929697334766388,1.1379695838256334,1.3264605833236347,1.1379695838256334,1.3264605832466303,,,,
174,0.005589390503397833,0.007271901660396781,0.15240244567394257,2.0777315016082207,1.463055295739014,2.0777315016082207,1.4630552956760103,,,,
175,0.008061146339362798,0.007415400692936057,0.13891226053237915,1.196890325138354,1.414661664720712,1.196890325138354,1.4146616646691637,,,,
176,0.007132955419365317,0.007364047006832285,0.13664938509464264,1.308928301728083,1.3954374169038704,1.308928301728083,1.3954374168616943,,,,
177,0.011993438696663361,0.008205754586801572,0.23728039860725403,2.347199539148054,1.5684850754937218,2.347199539148054,1.5684850754592141,,,,
178,0.010013544611865655,0.008534443682267768,0.548105001449585,15.000636850314962,4.010694489097584,15.000636850314962,4.01069448906935,,,,
179,0.007727687963779317,0.008387760824360777,0.2717004120349884,4.7764036440130395,4.149914335445848,4.7764036440130395,4.149914335422748,,,,
180,0.00874461024068296,0.008452642536419355,0.20474979281425476,2.3970466666680204,3.831211122940788,2.3970466666680204,3.8312111229218884,0.42916666666666664,0.35833333333333334,0.7560240963855421,0.514508032128514
181,0.01035474837408401,0.008798479961449291,0.27187904715538025,3.569290803199085,3.7835892466241146,3.569290803199085,3.7835892466086514,,,,
182,0.008269545010989532,0.008702309970456608,0.22635944187641144,3.098029991886415,3.658942109399078,3.098029991886415,3.6589421093864263,,,,
183,0.007237380486913025,0.008435959155266865,0.24724198877811432,4.223116438709616,3.761519260182812,4.223116438709616,3.7615192601724607,,,,
184,0.013391497363045346,0.009336966102135679,0.31203433871269226,3.6353450960813762,3.7385785030734597,3.6353450960813762,3.7385785030649905,,,,
185,0.008502525830408558,0.009185249689094383,0.23655585944652557,3.2907088878432416,3.657147663940693,3.2907088878432416,3.6571476639337632,,,,
186,0.014016491991545385,0.01006365738044911,0.19503077864646912,1.3568660632914282,3.2389146456408264,1.3568660632914282,3.2389146456351567,,,,
187,0.009966676239855587,0.010046024445795741,0.1690981090068817,1.43448877948691,2.910837215431023,1.43448877948691,2.910837215426384,,,,
188,0.009274277443182655,0.009905706808956997,0.20860153436660767,2.3459833074160272,2.808136504882842,2.3459833074160272,2.8081365048790463,,,,
189,0.006917538681591395,0.009362403513072342,0.2006288468837738,2.9094115735868,2.826550153738107,2.9094115735868,2.8265501537350013,,,,
190,0.009963070842786692,0.009471615754838587,0.2408720850944519,2.911720808437047,2.842035727319732,2.911720808437047,2.8420357273171915,0.4,0.3416666666666667,0.7816265060240963,0.507764390896921
191,0.007347590544668492,0.009085429352989479,0.22180277109146118,3.3477960540104355,2.9339921503544053,3.3477960540104355,2.9339921503523265,,,,
192,0.012021167950782305,0.009619200007133628,0.2593230903148651,2.797085335043312,2.9091000021160247,2.797085335043312,2.909100002114324,,,,
193,0.008658888769180825,0.009444597963869482,0.207969531416893,2.4975101973653047,2.834265492161348,2.4975101973653047,2.8342654921599566,,,,
194,0.00865467300900491,0.009300975244803195,0.22844892740249634,3.0150713017724735,2.867139275727007,3.0150713017724735,2.8671392757258687,,,,
195,0.008788508443103638,0.009207799462676003,0.25921741127967834,3.8228140045348047,3.0408983173284243,3.8228140045348047,3.040898317327493,,,,
196,0.009690213249996305,0.009295511060370602,0.20481102168560028,2.164428868679202,2.881540235755838,2.164428868679202,2.881540235755076,,,,
197,0.006706878892146051,0.008824850666147957,0.2119007706642151,3.347453959595852,2.9662518219085676,3.347453959595852,2.966251821907944,,,,
198,0.007508605718612671,0.008585533402959722,0.19817383587360382,2.6151905358079133,2.902422497162994,2.6151905358079133,2.9024224971624837,,,,
199,0.007052385772112757,0.008306779288260274,0.1970125287771225,2.751830213871626,2.875042082019109,2.751830213871626,2.8750420820186915,,,,
200,0.008064337729592808,0.00826269900486619,0.2405509352684021,3.5876940177097927,3.0046151612355967,3.5876940177097927,3.004615161235255,0.44166666666666665,0.31666666666666665,0.7981927710843374,0.5188420348058903
