teacher,teacher_label,step,opd_loss,humanevalplus_mean_at_4,mbppplus_mean_at_4,livecodebench_mean_at_4,macro_val_accuracy_percent
rl,RL teacher (4B),1,0.16793787106871605,,,,
rl,RL teacher (4B),2,0.17064683139324188,,,,
rl,RL teacher (4B),3,0.14240263774991035,,,,
rl,RL teacher (4B),4,0.15289928764104843,,,,
rl,RL teacher (4B),5,0.09746316820383072,,,,
rl,RL teacher (4B),6,0.09008804522454739,,,,
rl,RL teacher (4B),7,0.0806498508900404,,,,
rl,RL teacher (4B),8,0.08107306621968746,,,,
rl,RL teacher (4B),9,0.01703354022174608,,,,
rl,RL teacher (4B),10,0.014139980732579716,0.7972560975609756,0.6712962962962963,0.16412213740458015,54.42248437539507
rl,RL teacher (4B),11,0.012091635609976947,,,,
rl,RL teacher (4B),12,0.011612347443588078,,,,
rl,RL teacher (4B),13,0.00910514363204129,,,,
rl,RL teacher (4B),14,0.007288893641089089,,,,
rl,RL teacher (4B),15,0.006144046608824283,,,,
rl,RL teacher (4B),16,0.00439150862803217,,,,
rl,RL teacher (4B),17,0.0026782921740959864,,,,
rl,RL teacher (4B),18,0.002753338625188917,,,,
rl,RL teacher (4B),19,0.0028294780786382034,,,,
rl,RL teacher (4B),20,0.002834038352011703,0.8567073170731707,0.7103174603174603,0.26145038167938933,60.94917196900068
rl,RL teacher (4B),21,0.0025564649811713027,,,,
rl,RL teacher (4B),22,0.002244390538544394,,,,
rl,RL teacher (4B),23,0.0025096117879002122,,,,
rl,RL teacher (4B),24,0.002014085534028709,,,,
rl,RL teacher (4B),25,0.002411686560662929,,,,
rl,RL teacher (4B),26,0.0021856273354690834,,,,
rl,RL teacher (4B),27,0.0019035717098934886,,,,
rl,RL teacher (4B),28,0.0025661333711468615,,,,
rl,RL teacher (4B),29,0.0024789248418528587,,,,
rl,RL teacher (4B),30,0.002509824375010794,0.8399390243902439,0.7003968253968254,0.22900763358778625,58.97811611249518
rl,RL teacher (4B),31,0.002505373537132982,,,,
rl,RL teacher (4B),32,0.002357827605010243,,,,
rl,RL teacher (4B),33,0.0025377037927682977,,,,
rl,RL teacher (4B),34,0.0022546557265741285,,,,
rl,RL teacher (4B),35,0.0018316577588848304,,,,
rl,RL teacher (4B),36,0.001866606187832076,,,,
rl,RL teacher (4B),37,0.0011258978920523077,,,,
rl,RL teacher (4B),38,0.0016748040379752638,,,,
rl,RL teacher (4B),39,0.0009405324611482987,,,,
rl,RL teacher (4B),40,0.0009925726323369115,0.8414634146341463,0.6951058201058201,0.2366412213740458,59.10701520380041
rl,RL teacher (4B),41,0.0008239866814013416,,,,
rl,RL teacher (4B),42,0.0008566245208688391,,,,
rl,RL teacher (4B),43,0.0007711926773481537,,,,
rl,RL teacher (4B),44,0.0007484271530605232,,,,
rl,RL teacher (4B),45,0.0007902139101740128,,,,
rl,RL teacher (4B),46,0.0006851856166273743,,,,
rl,RL teacher (4B),47,0.0006477142190609205,,,,
rl,RL teacher (4B),48,0.0005342395246164718,,,,
rl,RL teacher (4B),49,0.0006632265334095185,,,,
rl,RL teacher (4B),50,0.0006120528717777537,0.8536585365853658,0.701058201058201,0.22519083969465647,59.330252577940776
rl,RL teacher (4B),51,0.0006596482283687995,,,,
rl,RL teacher (4B),52,0.000573418947775887,,,,
rl,RL teacher (4B),53,0.0005536036090537285,,,,
rl,RL teacher (4B),54,0.000983059115242213,,,,
rl,RL teacher (4B),55,0.000594867945740892,,,,
rl,RL teacher (4B),56,0.0005744244778422095,,,,
rl,RL teacher (4B),57,0.0009254804726879229,,,,
rl,RL teacher (4B),58,0.0005432017733255634,,,,
rl,RL teacher (4B),59,0.0008386450263060397,,,,
rl,RL teacher (4B),60,0.0004702276783064008,0.8597560975609756,0.6977513227513228,0.24045801526717558,59.93218118598247
rl,RL teacher (4B),61,0.000679795582072984,,,,
rl,RL teacher (4B),62,0.00046057919098529965,,,,
rl,RL teacher (4B),63,0.0007218926466521225,,,,
rl,RL teacher (4B),64,0.00044641333382363274,,,,
rl,RL teacher (4B),65,0.0004584047352788427,,,,
rl,RL teacher (4B),66,0.00042290273571173503,,,,
rl,RL teacher (4B),67,0.0004599510242163281,,,,
rl,RL teacher (4B),68,0.00038880308966326993,,,,
rl,RL teacher (4B),69,0.0004231480603872721,,,,
rl,RL teacher (4B),70,0.0004069569246591224,0.8551829268292683,0.6990740740740741,0.25,60.14190003011142
rl,RL teacher (4B),71,0.000389912008055641,,,,
rl,RL teacher (4B),72,0.00042801784608551924,,,,
rl,RL teacher (4B),73,0.00041526417711186997,,,,
rl,RL teacher (4B),74,0.0003667501562934679,,,,
rl,RL teacher (4B),75,0.0003503944086939252,,,,
rl,RL teacher (4B),76,0.0005818478439323371,,,,
rl,RL teacher (4B),77,0.00034854306795750745,,,,
rl,RL teacher (4B),78,0.0005573145481321262,,,,
rl,RL teacher (4B),79,0.0003545620038494235,,,,
rl,RL teacher (4B),80,0.00035410326290730154,0.8490853658536586,0.6951058201058201,0.2385496183206107,59.42469347600297
rl,RL teacher (4B),81,0.00035873095293936785,,,,
rl,RL teacher (4B),82,0.0003610469175328035,,,,
rl,RL teacher (4B),83,0.0003758312965752945,,,,
rl,RL teacher (4B),84,0.0003481518854944928,,,,
rl,RL teacher (4B),85,0.00034366193024955766,,,,
rl,RL teacher (4B),86,0.0003429342186791473,,,,
rl,RL teacher (4B),87,0.0003549977751996873,,,,
rl,RL teacher (4B),88,0.0003319402518779195,,,,
rl,RL teacher (4B),89,0.00034435506677255034,,,,
rl,RL teacher (4B),90,0.00034608235000632703,0.8597560975609756,0.7043650793650794,0.24427480916030533,60.27986620287868
rl,RL teacher (4B),91,0.000343082976542064,,,,
rl,RL teacher (4B),92,0.0003315825430642387,,,,
rl,RL teacher (4B),93,0.0003133227828584495,,,,
rl,RL teacher (4B),94,0.0003164560242415367,,,,
rl,RL teacher (4B),95,0.00030264686635443166,,,,
rl,RL teacher (4B),96,0.0003118050108241732,,,,
rl,RL teacher (4B),97,0.0005617545148197678,,,,
rl,RL teacher (4B),98,0.0003087766329675408,,,,
rl,RL teacher (4B),99,0.0005540532902159612,,,,
rl,RL teacher (4B),100,0.00032526069298910443,0.8673780487804879,0.7063492063492064,0.24045801526717558,60.472842346562324
rl,RL teacher (4B),101,0.0004892921624559676,,,,
rl,RL teacher (4B),102,0.0002994599432592319,,,,
rl,RL teacher (4B),103,0.0002888121237750359,,,,
rl,RL teacher (4B),104,0.00045970042583576287,,,,
rl,RL teacher (4B),105,0.0003057993265732269,,,,
rl,RL teacher (4B),106,0.0004758382619911572,,,,
rl,RL teacher (4B),107,0.0002897465901696705,,,,
rl,RL teacher (4B),108,0.0004702732057921821,,,,
rl,RL teacher (4B),109,0.00028919847469902987,,,,
rl,RL teacher (4B),110,0.0003193811571691185,0.8582317073170732,0.707010582010582,0.25763358778625955,60.76252923713049
rl,RL teacher (4B),111,0.00046414203598033055,,,,
rl,RL teacher (4B),112,0.000269375784228032,,,,
rl,RL teacher (4B),113,0.0004469599630283483,,,,
rl,RL teacher (4B),114,0.00046226651738834335,,,,
rl,RL teacher (4B),115,0.00045000982026977,,,,
rl,RL teacher (4B),116,0.00027919531263857306,,,,
rl,RL teacher (4B),117,0.00030081857433591114,,,,
rl,RL teacher (4B),118,0.0002771050003502751,,,,
rl,RL teacher (4B),119,0.00030347627277175587,,,,
rl,RL teacher (4B),120,0.00027681366585359984,0.8521341463414634,0.7037037037037037,0.25763358778625955,60.44904792771422
rl,RL teacher (4B),121,0.00025835913371944724,,,,
rl,RL teacher (4B),122,0.0002802595906056619,,,,
rl,RL teacher (4B),123,0.0002854355622427344,,,,
rl,RL teacher (4B),124,0.0002811766228963582,,,,
rl,RL teacher (4B),125,0.00028353532555532485,,,,
rl,RL teacher (4B),126,0.00025869755942646105,,,,
rl,RL teacher (4B),127,0.0002670254513456409,,,,
rl,RL teacher (4B),128,0.0004409236776155012,,,,
rl,RL teacher (4B),129,0.00039743963270666427,,,,
rl,RL teacher (4B),130,0.0004335292692303483,0.8612804878048781,0.6904761904761905,0.24427480916030533,59.8677162480458
rl,RL teacher (4B),131,0.0004128617902097176,,,,
rl,RL teacher (4B),132,0.00031518194009549916,,,,
rl,RL teacher (4B),133,0.0002823340525234623,,,,
rl,RL teacher (4B),134,0.0002652332004799973,,,,
rl,RL teacher (4B),135,0.00025867627179347136,,,,
rl,RL teacher (4B),136,0.0004114674716220179,,,,
rl,RL teacher (4B),137,0.0002716675762712839,,,,
rl,RL teacher (4B),138,0.00028200569371013745,,,,
rl,RL teacher (4B),139,0.00040072922774925246,,,,
rl,RL teacher (4B),140,0.00025677746210324887,0.8628048780487805,0.6964285714285714,0.24236641221374045,60.05332872303641
large,Large teacher (14B),1,0.09108674216258805,,,,
large,Large teacher (14B),2,0.1931828111410141,,,,
large,Large teacher (14B),3,0.17497733235359192,,,,
large,Large teacher (14B),4,0.1782768853008747,,,,
large,Large teacher (14B),5,0.16361532732844353,,,,
large,Large teacher (14B),6,0.16850217431783676,,,,
large,Large teacher (14B),7,0.164173886179924,,,,
large,Large teacher (14B),8,0.1577647216618061,,,,
large,Large teacher (14B),9,0.1518319882452488,,,,
large,Large teacher (14B),10,0.1399397887289524,0.7789634146341463,0.6501322751322751,0.15076335877862596,52.66196828483492
large,Large teacher (14B),11,0.13413022086024284,,,,
large,Large teacher (14B),12,0.143800750374794,,,,
large,Large teacher (14B),13,0.14316227659583092,,,,
large,Large teacher (14B),14,0.14292461052536964,,,,
large,Large teacher (14B),15,0.12974340841174126,,,,
large,Large teacher (14B),16,0.1295416709035635,,,,
large,Large teacher (14B),17,0.13620244711637497,,,,
large,Large teacher (14B),18,0.12631360441446304,,,,
large,Large teacher (14B),19,0.12485604919493198,,,,
large,Large teacher (14B),20,0.1295788437128067,0.774390243902439,0.6369047619047619,0.14694656488549618,51.94138568975657
large,Large teacher (14B),21,0.12099606543779373,,,,
large,Large teacher (14B),22,0.14080686308443546,,,,
large,Large teacher (14B),23,0.12748218141496181,,,,
large,Large teacher (14B),24,0.12088998593389988,,,,
large,Large teacher (14B),25,0.11802421882748604,,,,
large,Large teacher (14B),26,0.11542478762567043,,,,
large,Large teacher (14B),27,0.11338787525892258,,,,
large,Large teacher (14B),28,0.11567829549312592,,,,
large,Large teacher (14B),29,0.10752849653363228,,,,
large,Large teacher (14B),30,0.10284923203289509,0.7759146341463414,0.6395502645502645,0.15076335877862596,52.20760858250773
large,Large teacher (14B),31,0.11530164442956448,,,,
large,Large teacher (14B),32,0.11195561848580837,,,,
large,Large teacher (14B),33,0.11091961525380611,,,,
large,Large teacher (14B),34,0.11835708655416965,,,,
large,Large teacher (14B),35,0.1075955405831337,,,,
large,Large teacher (14B),36,0.1074555516242981,,,,
large,Large teacher (14B),37,0.11320044659078121,,,,
large,Large teacher (14B),38,0.10719543881714344,,,,
large,Large teacher (14B),39,0.10663607344031334,,,,
large,Large teacher (14B),40,0.10529433190822601,0.774390243902439,0.6428571428571429,0.15076335877862596,52.26702485127359
large,Large teacher (14B),41,0.11795221082866192,,,,
large,Large teacher (14B),42,0.10857044532895088,,,,
large,Large teacher (14B),43,0.11002279445528984,,,,
large,Large teacher (14B),44,0.11024836637079716,,,,
large,Large teacher (14B),45,0.09837469086050987,,,,
large,Large teacher (14B),46,0.102212680503726,,,,
large,Large teacher (14B),47,0.11215867474675179,,,,
large,Large teacher (14B),48,0.10714512877166271,,,,
large,Large teacher (14B),49,0.10390124469995499,,,,
large,Large teacher (14B),50,0.11292818188667297,0.7804878048780488,0.6369047619047619,0.16030534351145037,52.589930343142036
large,Large teacher (14B),51,0.11179250851273537,,,,
large,Large teacher (14B),52,0.10981672257184982,,,,
large,Large teacher (14B),53,0.11668509803712368,,,,
large,Large teacher (14B),54,0.10081980377435684,,,,
large,Large teacher (14B),55,0.10408016294240952,,,,
large,Large teacher (14B),56,0.11575654521584511,,,,
large,Large teacher (14B),57,0.113024041056633,,,,
large,Large teacher (14B),58,0.10798504948616028,,,,
large,Large teacher (14B),59,0.10342169925570488,,,,
large,Large teacher (14B),60,0.10453810356557369,0.7926829268292683,0.6541005291005291,0.15267175572519084,53.31517372183294
large,Large teacher (14B),61,0.10564705543220043,,,,
large,Large teacher (14B),62,0.10556378588080406,,,,
large,Large teacher (14B),63,0.11236285977065563,,,,
large,Large teacher (14B),64,0.10727912001311779,,,,
large,Large teacher (14B),65,0.11158668249845505,,,,
large,Large teacher (14B),66,0.10238017141819,,,,
large,Large teacher (14B),67,0.1067125741392374,,,,
large,Large teacher (14B),68,0.11319810710847378,,,,
large,Large teacher (14B),69,0.11672728881239891,,,,
large,Large teacher (14B),70,0.0963670089840889,0.7774390243902439,0.6408730158730159,0.15076335877862596,52.302513301396196
large,Large teacher (14B),71,0.10825549252331257,,,,
large,Large teacher (14B),72,0.11250808648765087,,,,
large,Large teacher (14B),73,0.11012881807982922,,,,
large,Large teacher (14B),74,0.1115468479692936,,,,
large,Large teacher (14B),75,0.10390543006360531,,,,
large,Large teacher (14B),76,0.1027101818472147,,,,
large,Large teacher (14B),77,0.11534340307116508,,,,
large,Large teacher (14B),78,0.11376801691949368,,,,
large,Large teacher (14B),79,0.10305270925164223,,,,
large,Large teacher (14B),80,0.10838126391172409,0.7926829268292683,0.6507936507936508,0.16221374045801526,53.523010602697816
large,Large teacher (14B),81,0.10980405285954475,,,,
large,Large teacher (14B),82,0.10770568624138832,,,,
large,Large teacher (14B),83,0.10876857861876488,,,,
large,Large teacher (14B),84,0.10187076032161713,,,,
large,Large teacher (14B),85,0.10491919331252575,,,,
large,Large teacher (14B),86,0.10452425293624401,,,,
large,Large teacher (14B),87,0.10191701352596283,,,,
large,Large teacher (14B),88,0.1053871288895607,,,,
large,Large teacher (14B),89,0.10951470211148262,,,,
large,Large teacher (14B),90,0.10215095058083534,0.7667682926829268,0.6461640211640212,0.16793893129770993,52.695708171488604
large,Large teacher (14B),91,0.09760414250195026,,,,
large,Large teacher (14B),92,0.10401766933500767,,,,
large,Large teacher (14B),93,0.10379634983837605,,,,
large,Large teacher (14B),94,0.09766939654946327,,,,
large,Large teacher (14B),95,0.0991121232509613,,,,
large,Large teacher (14B),96,0.10045532882213593,,,,
large,Large teacher (14B),97,0.10105142928659916,,,,
large,Large teacher (14B),98,0.09750748053193092,,,,
large,Large teacher (14B),99,0.10300837829709053,,,,
large,Large teacher (14B),100,0.10600440762937069,0.788109756097561,0.6567460317460317,0.16221374045801526,53.568984276720265
large,Large teacher (14B),101,0.09336938709020615,,,,
large,Large teacher (14B),102,0.10759150795638561,,,,
large,Large teacher (14B),103,0.10354495607316494,,,,
large,Large teacher (14B),104,0.10420341603457928,,,,
large,Large teacher (14B),105,0.10398268140852451,,,,
large,Large teacher (14B),106,0.10584006644785404,,,,
large,Large teacher (14B),107,0.10082050785422325,,,,
large,Large teacher (14B),108,0.10221733339130878,,,,
large,Large teacher (14B),109,0.10670574195683002,,,,
large,Large teacher (14B),110,0.11038287729024887,0.7713414634146342,0.6421957671957672,0.15648854961832062,52.334192674290726
large,Large teacher (14B),111,0.09816703759133816,,,,
large,Large teacher (14B),112,0.10466441139578819,,,,
large,Large teacher (14B),113,0.10255090706050396,,,,
large,Large teacher (14B),114,0.1092671025544405,,,,
large,Large teacher (14B),115,0.10699255391955376,,,,
large,Large teacher (14B),116,0.09767210483551025,,,,
large,Large teacher (14B),117,0.10278224013745785,,,,
large,Large teacher (14B),118,0.10077082179486752,,,,
large,Large teacher (14B),119,0.10682507418096066,,,,
large,Large teacher (14B),120,0.10486781410872936,0.7652439024390244,0.6501322751322751,0.14885496183206107,52.141037980112024
large,Large teacher (14B),121,0.104421591386199,,,,
large,Large teacher (14B),122,0.1021798737347126,,,,
large,Large teacher (14B),123,0.1052982285618782,,,,
large,Large teacher (14B),124,0.11460587196052074,,,,
large,Large teacher (14B),125,0.09899944998323917,,,,
large,Large teacher (14B),126,0.09644490107893944,,,,
large,Large teacher (14B),127,0.10667027719318867,,,,
large,Large teacher (14B),128,0.10615657269954681,,,,
large,Large teacher (14B),129,0.1035186406224966,,,,
large,Large teacher (14B),130,0.11127709224820137,0.7789634146341463,0.6468253968253969,0.16030534351145037,52.86980516569978
large,Large teacher (14B),131,0.10306425951421261,,,,
large,Large teacher (14B),132,0.10181777365505695,,,,
large,Large teacher (14B),133,0.11161626689136028,,,,
large,Large teacher (14B),134,0.09794007055461407,,,,
large,Large teacher (14B),135,0.09678121283650398,,,,
large,Large teacher (14B),136,0.10251223295927048,,,,
large,Large teacher (14B),137,0.10609253123402596,,,,
large,Large teacher (14B),138,0.10458398424088955,,,,
large,Large teacher (14B),139,0.10383869335055351,,,,
large,Large teacher (14B),140,0.1055885273963213,0.7820121951219512,0.6607142857142857,0.16030534351145037,53.43439414492291
