pair,domain,dataset,n_prompts,hidden_state_index,cka,stage,normalized_depth,note
qwen17_rlmath,math,ALL,143,0,1.0,OPD,0.0,"CPU, sdpa attention (node had no free GPU); GPU protocol differs by <=2.5e-4 on qwen17_nt4"
qwen17_rlmath,math,ALL,143,1,0.999986,OPD,0.035714,"CPU, sdpa attention (node had no free GPU); GPU protocol differs by <=2.5e-4 on qwen17_nt4"
qwen17_rlmath,math,ALL,143,2,0.999978,OPD,0.071429,"CPU, sdpa attention (node had no free GPU); GPU protocol differs by <=2.5e-4 on qwen17_nt4"
qwen17_rlmath,math,ALL,143,3,1.0,OPD,0.107143,"CPU, sdpa attention (node had no free GPU); GPU protocol differs by <=2.5e-4 on qwen17_nt4"
qwen17_rlmath,math,ALL,143,4,1.0,OPD,0.142857,"CPU, sdpa attention (node had no free GPU); GPU protocol differs by <=2.5e-4 on qwen17_nt4"
qwen17_rlmath,math,ALL,143,5,1.0,OPD,0.178571,"CPU, sdpa attention (node had no free GPU); GPU protocol differs by <=2.5e-4 on qwen17_nt4"
qwen17_rlmath,math,ALL,143,6,1.0,OPD,0.214286,"CPU, sdpa attention (node had no free GPU); GPU protocol differs by <=2.5e-4 on qwen17_nt4"
qwen17_rlmath,math,ALL,143,7,1.0,OPD,0.25,"CPU, sdpa attention (node had no free GPU); GPU protocol differs by <=2.5e-4 on qwen17_nt4"
qwen17_rlmath,math,ALL,143,8,1.0,OPD,0.285714,"CPU, sdpa attention (node had no free GPU); GPU protocol differs by <=2.5e-4 on qwen17_nt4"
qwen17_rlmath,math,ALL,143,9,1.0,OPD,0.321429,"CPU, sdpa attention (node had no free GPU); GPU protocol differs by <=2.5e-4 on qwen17_nt4"
qwen17_rlmath,math,ALL,143,10,1.0,OPD,0.357143,"CPU, sdpa attention (node had no free GPU); GPU protocol differs by <=2.5e-4 on qwen17_nt4"
qwen17_rlmath,math,ALL,143,11,0.999999,OPD,0.392857,"CPU, sdpa attention (node had no free GPU); GPU protocol differs by <=2.5e-4 on qwen17_nt4"
qwen17_rlmath,math,ALL,143,12,0.999997,OPD,0.428571,"CPU, sdpa attention (node had no free GPU); GPU protocol differs by <=2.5e-4 on qwen17_nt4"
qwen17_rlmath,math,ALL,143,13,0.999996,OPD,0.464286,"CPU, sdpa attention (node had no free GPU); GPU protocol differs by <=2.5e-4 on qwen17_nt4"
qwen17_rlmath,math,ALL,143,14,0.999993,OPD,0.5,"CPU, sdpa attention (node had no free GPU); GPU protocol differs by <=2.5e-4 on qwen17_nt4"
qwen17_rlmath,math,ALL,143,15,0.999992,OPD,0.535714,"CPU, sdpa attention (node had no free GPU); GPU protocol differs by <=2.5e-4 on qwen17_nt4"
qwen17_rlmath,math,ALL,143,16,0.99998,OPD,0.571429,"CPU, sdpa attention (node had no free GPU); GPU protocol differs by <=2.5e-4 on qwen17_nt4"
qwen17_rlmath,math,ALL,143,17,0.999968,OPD,0.607143,"CPU, sdpa attention (node had no free GPU); GPU protocol differs by <=2.5e-4 on qwen17_nt4"
qwen17_rlmath,math,ALL,143,18,0.999929,OPD,0.642857,"CPU, sdpa attention (node had no free GPU); GPU protocol differs by <=2.5e-4 on qwen17_nt4"
qwen17_rlmath,math,ALL,143,19,0.999872,OPD,0.678571,"CPU, sdpa attention (node had no free GPU); GPU protocol differs by <=2.5e-4 on qwen17_nt4"
qwen17_rlmath,math,ALL,143,20,0.999807,OPD,0.714286,"CPU, sdpa attention (node had no free GPU); GPU protocol differs by <=2.5e-4 on qwen17_nt4"
qwen17_rlmath,math,ALL,143,21,0.999692,OPD,0.75,"CPU, sdpa attention (node had no free GPU); GPU protocol differs by <=2.5e-4 on qwen17_nt4"
qwen17_rlmath,math,ALL,143,22,0.999422,OPD,0.785714,"CPU, sdpa attention (node had no free GPU); GPU protocol differs by <=2.5e-4 on qwen17_nt4"
qwen17_rlmath,math,ALL,143,23,0.999045,OPD,0.821429,"CPU, sdpa attention (node had no free GPU); GPU protocol differs by <=2.5e-4 on qwen17_nt4"
qwen17_rlmath,math,ALL,143,24,0.998817,OPD,0.857143,"CPU, sdpa attention (node had no free GPU); GPU protocol differs by <=2.5e-4 on qwen17_nt4"
qwen17_rlmath,math,ALL,143,25,0.998602,OPD,0.892857,"CPU, sdpa attention (node had no free GPU); GPU protocol differs by <=2.5e-4 on qwen17_nt4"
qwen17_rlmath,math,ALL,143,26,0.998612,OPD,0.928571,"CPU, sdpa attention (node had no free GPU); GPU protocol differs by <=2.5e-4 on qwen17_nt4"
qwen17_rlmath,math,ALL,143,27,0.993932,OPD,0.964286,"CPU, sdpa attention (node had no free GPU); GPU protocol differs by <=2.5e-4 on qwen17_nt4"
qwen17_rlmath,math,ALL,143,28,0.998329,OPD,1.0,"CPU, sdpa attention (node had no free GPU); GPU protocol differs by <=2.5e-4 on qwen17_nt4"
qwen17_nt4,math,ALL,143,0,1.0,OPD,0.0,"GPU, flash_attention_2 (paper protocol)"
qwen17_nt4,math,ALL,143,1,0.999991,OPD,0.035714,"GPU, flash_attention_2 (paper protocol)"
qwen17_nt4,math,ALL,143,2,0.999982,OPD,0.071429,"GPU, flash_attention_2 (paper protocol)"
qwen17_nt4,math,ALL,143,3,0.99997,OPD,0.107143,"GPU, flash_attention_2 (paper protocol)"
qwen17_nt4,math,ALL,143,4,0.99997,OPD,0.142857,"GPU, flash_attention_2 (paper protocol)"
qwen17_nt4,math,ALL,143,5,0.99997,OPD,0.178571,"GPU, flash_attention_2 (paper protocol)"
qwen17_nt4,math,ALL,143,6,0.999969,OPD,0.214286,"GPU, flash_attention_2 (paper protocol)"
qwen17_nt4,math,ALL,143,7,0.999969,OPD,0.25,"GPU, flash_attention_2 (paper protocol)"
qwen17_nt4,math,ALL,143,8,0.99997,OPD,0.285714,"GPU, flash_attention_2 (paper protocol)"
qwen17_nt4,math,ALL,143,9,0.999969,OPD,0.321429,"GPU, flash_attention_2 (paper protocol)"
qwen17_nt4,math,ALL,143,10,0.999969,OPD,0.357143,"GPU, flash_attention_2 (paper protocol)"
qwen17_nt4,math,ALL,143,11,0.999968,OPD,0.392857,"GPU, flash_attention_2 (paper protocol)"
qwen17_nt4,math,ALL,143,12,0.999963,OPD,0.428571,"GPU, flash_attention_2 (paper protocol)"
qwen17_nt4,math,ALL,143,13,0.99996,OPD,0.464286,"GPU, flash_attention_2 (paper protocol)"
qwen17_nt4,math,ALL,143,14,0.999954,OPD,0.5,"GPU, flash_attention_2 (paper protocol)"
qwen17_nt4,math,ALL,143,15,0.999953,OPD,0.535714,"GPU, flash_attention_2 (paper protocol)"
qwen17_nt4,math,ALL,143,16,0.999939,OPD,0.571429,"GPU, flash_attention_2 (paper protocol)"
qwen17_nt4,math,ALL,143,17,0.999926,OPD,0.607143,"GPU, flash_attention_2 (paper protocol)"
qwen17_nt4,math,ALL,143,18,0.999877,OPD,0.642857,"GPU, flash_attention_2 (paper protocol)"
qwen17_nt4,math,ALL,143,19,0.999835,OPD,0.678571,"GPU, flash_attention_2 (paper protocol)"
qwen17_nt4,math,ALL,143,20,0.999779,OPD,0.714286,"GPU, flash_attention_2 (paper protocol)"
qwen17_nt4,math,ALL,143,21,0.999667,OPD,0.75,"GPU, flash_attention_2 (paper protocol)"
qwen17_nt4,math,ALL,143,22,0.999505,OPD,0.785714,"GPU, flash_attention_2 (paper protocol)"
qwen17_nt4,math,ALL,143,23,0.99937,OPD,0.821429,"GPU, flash_attention_2 (paper protocol)"
qwen17_nt4,math,ALL,143,24,0.999338,OPD,0.857143,"GPU, flash_attention_2 (paper protocol)"
qwen17_nt4,math,ALL,143,25,0.999251,OPD,0.892857,"GPU, flash_attention_2 (paper protocol)"
qwen17_nt4,math,ALL,143,26,0.999248,OPD,0.928571,"GPU, flash_attention_2 (paper protocol)"
qwen17_nt4,math,ALL,143,27,0.997322,OPD,0.964286,"GPU, flash_attention_2 (paper protocol)"
qwen17_nt4,math,ALL,143,28,0.999034,OPD,1.0,"GPU, flash_attention_2 (paper protocol)"
