step,logged_pg_loss,microbatch_factor,reverse_top16_objective,response_length_mean
1,0.09108674216258805,2,0.1821734843251761,850.09375
2,0.1931828111410141,1,0.1931828111410141,589.875
3,0.17497733235359192,1,0.17497733235359192,626.734375
4,0.1782768853008747,1,0.1782768853008747,577.109375
5,0.16361532732844353,1,0.16361532732844353,749.546875
6,0.16850217431783676,1,0.16850217431783676,658.515625
7,0.164173886179924,1,0.164173886179924,555.21875
8,0.1577647216618061,1,0.1577647216618061,592.796875
9,0.1518319882452488,1,0.1518319882452488,715.15625
10,0.1399397887289524,1,0.1399397887289524,711.84375
11,0.13413022086024284,1,0.13413022086024284,794.90625
12,0.143800750374794,1,0.143800750374794,686.0
13,0.14316227659583092,1,0.14316227659583092,628.8125
14,0.14292461052536964,1,0.14292461052536964,639.4375
15,0.12974340841174126,1,0.12974340841174126,825.5625
16,0.1295416709035635,1,0.1295416709035635,781.65625
17,0.13620244711637497,1,0.13620244711637497,645.46875
18,0.12631360441446304,1,0.12631360441446304,676.09375
19,0.12485604919493198,1,0.12485604919493198,725.671875
20,0.1295788437128067,1,0.1295788437128067,742.375
21,0.12099606543779373,1,0.12099606543779373,771.953125
22,0.14080686308443546,1,0.14080686308443546,719.09375
23,0.12748218141496181,1,0.12748218141496181,662.8125
24,0.12088998593389988,1,0.12088998593389988,826.484375
25,0.11802421882748604,1,0.11802421882748604,719.109375
26,0.11542478762567043,1,0.11542478762567043,771.765625
27,0.11338787525892258,1,0.11338787525892258,747.09375
28,0.11567829549312592,1,0.11567829549312592,764.09375
29,0.10752849653363228,1,0.10752849653363228,785.015625
30,0.10284923203289509,1,0.10284923203289509,844.6875
31,0.11530164442956448,1,0.11530164442956448,682.84375
32,0.11195561848580837,1,0.11195561848580837,733.546875
33,0.11091961525380611,1,0.11091961525380611,799.71875
34,0.11835708655416965,1,0.11835708655416965,674.9375
35,0.1075955405831337,1,0.1075955405831337,815.578125
36,0.1074555516242981,1,0.1074555516242981,779.78125
37,0.11320044659078121,1,0.11320044659078121,734.53125
38,0.10719543881714344,1,0.10719543881714344,678.296875
39,0.10663607344031334,1,0.10663607344031334,835.5625
40,0.10529433190822601,1,0.10529433190822601,780.96875
41,0.11795221082866192,1,0.11795221082866192,708.34375
42,0.10857044532895088,1,0.10857044532895088,816.046875
43,0.11002279445528984,1,0.11002279445528984,719.359375
44,0.11024836637079716,1,0.11024836637079716,790.03125
45,0.09837469086050987,1,0.09837469086050987,860.359375
46,0.102212680503726,1,0.102212680503726,820.890625
47,0.11215867474675179,1,0.11215867474675179,704.609375
48,0.10714512877166271,1,0.10714512877166271,834.640625
49,0.10390124469995499,1,0.10390124469995499,716.9375
50,0.11292818188667297,1,0.11292818188667297,859.328125
51,0.11179250851273537,1,0.11179250851273537,757.375
52,0.10981672257184982,1,0.10981672257184982,778.8125
53,0.11668509803712368,1,0.11668509803712368,691.46875
54,0.10081980377435684,1,0.10081980377435684,774.421875
55,0.10408016294240952,1,0.10408016294240952,873.125
56,0.11575654521584511,1,0.11575654521584511,650.34375
57,0.113024041056633,1,0.113024041056633,678.46875
58,0.10798504948616028,1,0.10798504948616028,706.953125
59,0.10342169925570488,1,0.10342169925570488,740.28125
60,0.10453810356557369,1,0.10453810356557369,799.078125
61,0.10564705543220043,1,0.10564705543220043,826.0
62,0.10556378588080406,1,0.10556378588080406,780.921875
63,0.11236285977065563,1,0.11236285977065563,651.328125
64,0.10727912001311779,1,0.10727912001311779,720.6875
65,0.11158668249845505,1,0.11158668249845505,707.109375
66,0.10238017141819,1,0.10238017141819,777.71875
67,0.1067125741392374,1,0.1067125741392374,752.828125
68,0.11319810710847378,1,0.11319810710847378,722.625
69,0.11672728881239891,1,0.11672728881239891,695.78125
70,0.0963670089840889,1,0.0963670089840889,818.96875
71,0.10825549252331257,1,0.10825549252331257,778.984375
72,0.11250808648765087,1,0.11250808648765087,738.921875
73,0.11012881807982922,1,0.11012881807982922,727.015625
74,0.1115468479692936,1,0.1115468479692936,779.953125
75,0.10390543006360531,1,0.10390543006360531,803.203125
76,0.1027101818472147,1,0.1027101818472147,769.953125
77,0.11534340307116508,1,0.11534340307116508,768.09375
78,0.11376801691949368,1,0.11376801691949368,716.765625
79,0.10305270925164223,1,0.10305270925164223,744.015625
80,0.10838126391172409,1,0.10838126391172409,819.46875
81,0.10980405285954475,1,0.10980405285954475,771.65625
82,0.10770568624138832,1,0.10770568624138832,764.265625
83,0.10876857861876488,1,0.10876857861876488,786.8125
84,0.10187076032161713,1,0.10187076032161713,770.625
85,0.10491919331252575,1,0.10491919331252575,813.328125
86,0.10452425293624401,1,0.10452425293624401,777.515625
87,0.10191701352596283,1,0.10191701352596283,756.265625
88,0.1053871288895607,1,0.1053871288895607,790.359375
89,0.10951470211148262,1,0.10951470211148262,763.8125
90,0.10215095058083534,1,0.10215095058083534,830.015625
91,0.09760414250195026,1,0.09760414250195026,773.1875
92,0.10401766933500767,1,0.10401766933500767,741.0625
93,0.10379634983837605,1,0.10379634983837605,745.296875
94,0.09766939654946327,1,0.09766939654946327,862.109375
95,0.0991121232509613,1,0.0991121232509613,741.515625
96,0.10045532882213593,1,0.10045532882213593,686.765625
97,0.10105142928659916,1,0.10105142928659916,684.515625
98,0.09750748053193092,1,0.09750748053193092,783.671875
99,0.10300837829709053,1,0.10300837829709053,672.25
100,0.10600440762937069,1,0.10600440762937069,768.484375
101,0.09336938709020615,1,0.09336938709020615,829.390625
102,0.10759150795638561,1,0.10759150795638561,774.578125
103,0.10354495607316494,1,0.10354495607316494,759.453125
104,0.10420341603457928,1,0.10420341603457928,775.78125
105,0.10398268140852451,1,0.10398268140852451,819.65625
106,0.10584006644785404,1,0.10584006644785404,753.859375
107,0.10082050785422325,1,0.10082050785422325,772.015625
108,0.10221733339130878,1,0.10221733339130878,735.671875
109,0.10670574195683002,1,0.10670574195683002,750.765625
110,0.11038287729024887,1,0.11038287729024887,735.09375
111,0.09816703759133816,1,0.09816703759133816,706.0
112,0.10466441139578819,1,0.10466441139578819,732.90625
113,0.10255090706050396,1,0.10255090706050396,767.140625
114,0.1092671025544405,1,0.1092671025544405,713.171875
115,0.10699255391955376,1,0.10699255391955376,690.453125
116,0.09767210483551025,1,0.09767210483551025,793.625
117,0.10278224013745785,1,0.10278224013745785,829.265625
118,0.10077082179486752,1,0.10077082179486752,672.078125
119,0.10682507418096066,1,0.10682507418096066,798.828125
120,0.10486781410872936,1,0.10486781410872936,811.140625
121,0.104421591386199,1,0.104421591386199,797.578125
122,0.1021798737347126,1,0.1021798737347126,799.125
123,0.1052982285618782,1,0.1052982285618782,810.3125
124,0.11460587196052074,1,0.11460587196052074,687.25
125,0.09899944998323917,1,0.09899944998323917,821.4375
126,0.09644490107893944,1,0.09644490107893944,735.265625
127,0.10667027719318867,1,0.10667027719318867,718.0625
128,0.10615657269954681,1,0.10615657269954681,732.296875
129,0.1035186406224966,1,0.1035186406224966,712.0625
130,0.11127709224820137,1,0.11127709224820137,737.671875
131,0.10306425951421261,1,0.10306425951421261,735.8125
132,0.10181777365505695,1,0.10181777365505695,724.015625
133,0.11161626689136028,1,0.11161626689136028,719.703125
134,0.09794007055461407,1,0.09794007055461407,734.25
135,0.09678121283650398,1,0.09678121283650398,826.078125
136,0.10251223295927048,1,0.10251223295927048,744.0
137,0.10609253123402596,1,0.10609253123402596,729.25
138,0.10458398424088955,1,0.10458398424088955,706.375
139,0.10383869335055351,1,0.10383869335055351,613.5625
140,0.1055885273963213,1,0.1055885273963213,727.125
141,0.10323024354875088,1,0.10323024354875088,726.90625
142,0.11853832751512527,1,0.11853832751512527,632.84375
143,0.10196995921432972,1,0.10196995921432972,762.859375
144,0.11731361038982868,1,0.11731361038982868,632.78125
145,0.09984342567622662,1,0.09984342567622662,763.265625
146,0.1014453787356615,1,0.1014453787356615,747.765625
147,0.11369308084249496,1,0.11369308084249496,694.15625
148,0.10122940316796303,1,0.10122940316796303,717.09375
149,0.10191574692726135,1,0.10191574692726135,756.234375
150,0.10777089186012745,1,0.10777089186012745,721.71875
151,0.10953671298921108,1,0.10953671298921108,603.75
152,0.10463528521358967,1,0.10463528521358967,655.1875
153,0.103639742359519,1,0.103639742359519,679.46875
154,0.08639971632510424,1,0.08639971632510424,907.921875
155,0.11868501640856266,1,0.11868501640856266,598.078125
156,0.11614333279430866,1,0.11614333279430866,619.234375
157,0.10025574639439583,1,0.10025574639439583,748.703125
158,0.10683164373040199,1,0.10683164373040199,638.34375
159,0.09609129093587399,1,0.09609129093587399,734.0625
160,0.10772157274186611,1,0.10772157274186611,685.21875
161,0.10286229103803635,1,0.10286229103803635,773.4375
162,0.09796050935983658,1,0.09796050935983658,712.875
163,0.10204106383025646,1,0.10204106383025646,643.765625
164,0.10232557915151119,1,0.10232557915151119,702.6875
165,0.053049585436383495,2,0.10609917087276699,1026.46875
166,0.10513009876012802,1,0.10513009876012802,672.859375
167,0.1078883521258831,1,0.1078883521258831,659.359375
168,0.10968251898884773,1,0.10968251898884773,623.921875
169,0.10580049455165863,1,0.10580049455165863,685.796875
170,0.10164031013846397,1,0.10164031013846397,735.6875
171,0.10303879156708717,1,0.10303879156708717,666.28125
172,0.10945192724466324,1,0.10945192724466324,601.03125
173,0.10690177232027054,1,0.10690177232027054,650.265625
174,0.10258828103542328,1,0.10258828103542328,708.109375
175,0.10202873311936855,1,0.10202873311936855,706.296875
176,0.10040123946964741,1,0.10040123946964741,770.0625
177,0.10381997376680374,1,0.10381997376680374,721.421875
178,0.1059319581836462,1,0.1059319581836462,608.34375
179,0.09673445299267769,1,0.09673445299267769,796.5
180,0.10195240005850792,1,0.10195240005850792,667.875
181,0.10317427664995193,1,0.10317427664995193,610.90625
182,0.10091498494148254,1,0.10091498494148254,690.390625
183,0.0959419533610344,1,0.0959419533610344,704.125
184,0.10029810108244419,1,0.10029810108244419,713.140625
185,0.10382306389510632,1,0.10382306389510632,684.5625
186,0.10775095410645008,1,0.10775095410645008,596.1875
187,0.11127068661153316,1,0.11127068661153316,651.71875
188,0.10308188013732433,1,0.10308188013732433,740.859375
189,0.10663950815796852,1,0.10663950815796852,709.09375
190,0.10676585137844086,1,0.10676585137844086,533.953125
191,0.1085307989269495,1,0.1085307989269495,660.578125
192,0.10501325875520706,1,0.10501325875520706,659.734375
193,0.10925238952040672,1,0.10925238952040672,606.46875
194,0.11374551989138126,1,0.11374551989138126,615.71875
195,0.10471716336905956,1,0.10471716336905956,693.203125
196,0.09613153152167797,1,0.09613153152167797,685.5625
197,0.10080554708838463,1,0.10080554708838463,637.34375
198,0.09663935378193855,1,0.09663935378193855,710.640625
199,0.10680468194186687,1,0.10680468194186687,670.296875
200,0.10060851834714413,1,0.10060851834714413,746.40625
