pair,domain,dataset,n_prompts,hidden_state_index,cka,bootstrap_mean,bootstrap_std,bootstrap_min,bootstrap_max,stage,normalized_depth
r1_justrl,math,ALL,143,0,0.999999957609,0.999999961216,5.22612858799e-09,0.999999953224,0.999999973257,OPD,0
r1_justrl,math,ALL,143,1,0.999970945549,0.999972199491,4.87611600721e-06,0.999962571766,0.99998076744,OPD,0.0357142857143
r1_justrl,math,ALL,143,2,0.99999687763,0.999996503919,7.46770341925e-07,0.999994313296,0.999997665185,OPD,0.0714285714286
r1_justrl,math,ALL,143,3,0.99999936512,0.999999365964,8.93961529626e-08,0.999999204259,0.999999531508,OPD,0.107142857143
r1_justrl,math,ALL,143,4,0.99999925345,0.999999237948,9.09574240344e-08,0.999999050562,0.999999381539,OPD,0.142857142857
r1_justrl,math,ALL,143,5,0.999999171937,0.999999145848,1.2458703167e-07,0.999998893153,0.99999934038,OPD,0.178571428571
r1_justrl,math,ALL,143,6,0.999998153617,0.999998067121,3.95538854849e-07,0.999997028951,0.999998714579,OPD,0.214285714286
r1_justrl,math,ALL,143,7,0.999997327707,0.999997194105,5.16053172057e-07,0.999995907417,0.999998162563,OPD,0.25
r1_justrl,math,ALL,143,8,0.999995936998,0.999995829434,8.24578002878e-07,0.999993645285,0.999997155294,OPD,0.285714285714
r1_justrl,math,ALL,143,9,0.999992742712,0.999992593345,1.4277567351e-06,0.999989134266,0.999994843845,OPD,0.321428571429
r1_justrl,math,ALL,143,10,0.999992398248,0.999992193822,1.57998627077e-06,0.999987895446,0.999994373062,OPD,0.357142857143
r1_justrl,math,ALL,143,11,0.999992099947,0.999991843407,1.52676527932e-06,0.999988245922,0.999993861243,OPD,0.392857142857
r1_justrl,math,ALL,143,12,0.999992109286,0.999992091579,1.51789197836e-06,0.999988646087,0.999993924868,OPD,0.428571428571
r1_justrl,math,ALL,143,13,0.999991513141,0.999991374301,1.59302451318e-06,0.999988045869,0.999993232236,OPD,0.464285714286
r1_justrl,math,ALL,143,14,0.999990318419,0.999990119208,1.77919600918e-06,0.999985411303,0.999992503798,OPD,0.5
r1_justrl,math,ALL,143,15,0.999990532371,0.999990112528,1.92873294793e-06,0.999986209172,0.999992963751,OPD,0.535714285714
r1_justrl,math,ALL,143,16,0.999989580156,0.999989605411,1.43374542459e-06,0.999986792257,0.999991675,OPD,0.571428571429
r1_justrl,math,ALL,143,17,0.9999894488,0.99998941091,1.49138196176e-06,0.999985987992,0.999991808028,OPD,0.607142857143
r1_justrl,math,ALL,143,18,0.999988471781,0.999988341109,1.87359854183e-06,0.999983343411,0.999990799604,OPD,0.642857142857
r1_justrl,math,ALL,143,19,0.999980593053,0.99998091211,3.39922001444e-06,0.99997265724,0.99998571122,OPD,0.678571428571
r1_justrl,math,ALL,143,20,0.999980943773,0.999981307452,3.38184858084e-06,0.999975418858,0.99998648626,OPD,0.714285714286
r1_justrl,math,ALL,143,21,0.99995806488,0.99995992019,6.95421458691e-06,0.999943460518,0.999968464,OPD,0.75
r1_justrl,math,ALL,143,22,0.999932020794,0.999934354625,1.12950823659e-05,0.999908486295,0.999950713317,OPD,0.785714285714
r1_justrl,math,ALL,143,23,0.999858417457,0.999862105585,2.64349335117e-05,0.99978420095,0.999899415428,OPD,0.821428571429
r1_justrl,math,ALL,143,24,0.999726429298,0.999734887795,5.63293468182e-05,0.999548547214,0.999821190949,OPD,0.857142857143
r1_justrl,math,ALL,143,25,0.999527186074,0.99954387753,9.66496693174e-05,0.999223103869,0.999688860596,OPD,0.892857142857
r1_justrl,math,ALL,143,26,0.999351711451,0.999374809922,0.000146797302841,0.998908326557,0.99958281655,OPD,0.928571428571
r1_justrl,math,ALL,143,27,0.997778351499,0.998009845081,0.000379863414435,0.997136835585,0.998669562,OPD,0.964285714286
r1_justrl,math,ALL,143,28,0.990446763455,0.99151174342,0.00128310853514,0.989317174765,0.993973232976,OPD,1
r1_skywork,math,ALL,143,0,0.99999998911,0.999999990292,1.17955083363e-09,0.999999988198,0.999999992366,OPD,0
r1_skywork,math,ALL,143,1,0.999993387433,0.999994650462,6.41062355826e-07,0.999993646515,0.999995898819,OPD,0.0357142857143
r1_skywork,math,ALL,143,2,0.999999438477,0.999999355178,2.17015907646e-07,0.999998718762,0.999999638613,OPD,0.0714285714286
r1_skywork,math,ALL,143,3,0.999999447497,0.999999433775,1.38939078376e-07,0.999999103156,0.999999637386,OPD,0.107142857143
r1_skywork,math,ALL,143,4,0.999999426629,0.999999402883,1.46183266071e-07,0.999999055774,0.999999596943,OPD,0.142857142857
r1_skywork,math,ALL,143,5,0.999999285185,0.999999241901,2.01331705509e-07,0.999998777052,0.999999556797,OPD,0.178571428571
r1_skywork,math,ALL,143,6,0.999998704342,0.999998683673,3.24084415092e-07,0.999997988361,0.999999112864,OPD,0.214285714286
r1_skywork,math,ALL,143,7,0.99999807523,0.999998030179,4.78793714295e-07,0.999996885115,0.999998576734,OPD,0.25
r1_skywork,math,ALL,143,8,0.999996896823,0.999996729331,8.13535230604e-07,0.999994721869,0.9999979611,OPD,0.285714285714
r1_skywork,math,ALL,143,9,0.999995902833,0.999995689398,1.15820971754e-06,0.999992852758,0.999997510387,OPD,0.321428571429
r1_skywork,math,ALL,143,10,0.99999576167,0.999995629992,1.13509107407e-06,0.999993172034,0.999997380362,OPD,0.357142857143
r1_skywork,math,ALL,143,11,0.999996019487,0.99999587359,1.1026175686e-06,0.999993208166,0.999997593849,OPD,0.392857142857
r1_skywork,math,ALL,143,12,0.999994661675,0.999994471035,1.34684529986e-06,0.999991900731,0.999996868856,OPD,0.428571428571
r1_skywork,math,ALL,143,13,0.999994797068,0.999994627937,1.32032393829e-06,0.999992147725,0.999996782262,OPD,0.464285714286
r1_skywork,math,ALL,143,14,0.999994649866,0.999994442815,1.36587149486e-06,0.999991933445,0.999996602688,OPD,0.5
r1_skywork,math,ALL,143,15,0.99999510757,0.999994834308,1.20740255202e-06,0.999992333393,0.999996909191,OPD,0.535714285714
r1_skywork,math,ALL,143,16,0.999993159751,0.999992901159,1.59444041015e-06,0.999989633432,0.999995879733,OPD,0.571428571429
r1_skywork,math,ALL,143,17,0.999991624966,0.999991389933,2.05842204051e-06,0.999986870782,0.999995316614,OPD,0.607142857143
r1_skywork,math,ALL,143,18,0.999990953472,0.999990521355,2.32078893026e-06,0.999985206266,0.999995188364,OPD,0.642857142857
r1_skywork,math,ALL,143,19,0.999987480599,0.999986904512,3.38993262245e-06,0.999978890412,0.999993337924,OPD,0.678571428571
r1_skywork,math,ALL,143,20,0.999987588253,0.999987185057,3.41647964115e-06,0.999978394603,0.999993675605,OPD,0.714285714286
r1_skywork,math,ALL,143,21,0.999979860559,0.999979032272,5.96003747451e-06,0.999961827995,0.999989352013,OPD,0.75
r1_skywork,math,ALL,143,22,0.999973669788,0.999972656076,7.83435484412e-06,0.9999493527,0.999986224068,OPD,0.785714285714
r1_skywork,math,ALL,143,23,0.999971245003,0.999969470949,8.82057638838e-06,0.99994198445,0.999984308734,OPD,0.821428571429
r1_skywork,math,ALL,143,24,0.999962751881,0.999960882137,1.24230550811e-05,0.999920282076,0.999978459344,OPD,0.857142857143
r1_skywork,math,ALL,143,25,0.999954825106,0.99995154001,1.39400223642e-05,0.999914608788,0.999973635525,OPD,0.892857142857
r1_skywork,math,ALL,143,26,0.999932108976,0.999925431383,2.35748199449e-05,0.999849088791,0.999955696885,OPD,0.928571428571
r1_skywork,math,ALL,143,27,0.999658667752,0.999643281483,6.52968117272e-05,0.999458460291,0.999746361253,OPD,0.964285714286
r1_skywork,math,ALL,143,28,0.998844439081,0.998937236804,0.000189390069087,0.998454120378,0.999209682632,OPD,1
r1_r1_7b,math,ALL,143,0,0.999999989613,0.999999990934,1.27170033698e-09,0.999999988784,0.999999993301,OPD,0
r1_r1_7b,math,ALL,143,1,0.999993739678,0.999994975259,6.20941909396e-07,0.999993759473,0.999995895191,OPD,0.0357142857143
r1_r1_7b,math,ALL,143,2,0.999999461182,0.999999434316,8.95299172623e-08,0.999999284428,0.999999598675,OPD,0.0714285714286
r1_r1_7b,math,ALL,143,3,0.999999526836,0.999999527138,5.66233841946e-08,0.999999405392,0.999999630202,OPD,0.107142857143
r1_r1_7b,math,ALL,143,4,0.999999459425,0.999999455153,6.09701072251e-08,0.999999318778,0.999999551159,OPD,0.142857142857
r1_r1_7b,math,ALL,143,5,0.999999324155,0.999999316956,8.12983672182e-08,0.999999151818,0.999999452602,OPD,0.178571428571
r1_r1_7b,math,ALL,143,6,0.999998679896,0.999998682862,1.41567986294e-07,0.999998355081,0.999998897133,OPD,0.214285714286
r1_r1_7b,math,ALL,143,7,0.999998045604,0.99999803937,2.50907037845e-07,0.99999737923,0.99999842071,OPD,0.25
r1_r1_7b,math,ALL,143,8,0.999997011199,0.999997021549,4.84725325603e-07,0.99999574952,0.999997840105,OPD,0.285714285714
r1_r1_7b,math,ALL,143,9,0.999996223127,0.999996207561,7.39283167278e-07,0.999994396632,0.999997212369,OPD,0.321428571429
r1_r1_7b,math,ALL,143,10,0.999995926684,0.999995901204,7.26931698165e-07,0.999994159342,0.999996971666,OPD,0.357142857143
r1_r1_7b,math,ALL,143,11,0.999996426109,0.999996458915,5.9044779105e-07,0.99999527696,0.999997271786,OPD,0.392857142857
r1_r1_7b,math,ALL,143,12,0.999994693852,0.999994835203,8.61662906197e-07,0.999993081192,0.99999608075,OPD,0.428571428571
r1_r1_7b,math,ALL,143,13,0.999995099983,0.999995178661,9.35464072965e-07,0.999993519934,0.999996692583,OPD,0.464285714286
r1_r1_7b,math,ALL,143,14,0.999994914174,0.999994965013,1.04280028719e-06,0.999993035515,0.999996565822,OPD,0.5
r1_r1_7b,math,ALL,143,15,0.999995486616,0.99999551758,8.53116109348e-07,0.999993907043,0.999996808519,OPD,0.535714285714
r1_r1_7b,math,ALL,143,16,0.99999429396,0.999994395214,1.19218665897e-06,0.999991687504,0.999995974985,OPD,0.571428571429
r1_r1_7b,math,ALL,143,17,0.999992839325,0.999992985801,1.57221079481e-06,0.999989336344,0.999995019457,OPD,0.607142857143
r1_r1_7b,math,ALL,143,18,0.999992385409,0.999992458284,1.65739560523e-06,0.999988553175,0.999995062892,OPD,0.642857142857
r1_r1_7b,math,ALL,143,19,0.999989572016,0.999989893815,2.15281471853e-06,0.999985420065,0.999993495381,OPD,0.678571428571
r1_r1_7b,math,ALL,143,20,0.999990555439,0.999990738423,2.00199474372e-06,0.999987281336,0.999994320136,OPD,0.714285714286
r1_r1_7b,math,ALL,143,21,0.999981922163,0.99998222624,3.45125045429e-06,0.999976083468,0.99998863817,OPD,0.75
r1_r1_7b,math,ALL,143,22,0.999970691223,0.999970625547,5.46881544123e-06,0.999962040696,0.999982226307,OPD,0.785714285714
r1_r1_7b,math,ALL,143,23,0.999961248734,0.999961287855,6.81910905217e-06,0.999948750331,0.999975436895,OPD,0.821428571429
r1_r1_7b,math,ALL,143,24,0.999945091588,0.999945274161,8.91108914751e-06,0.999926612094,0.999963654401,OPD,0.857142857143
r1_r1_7b,math,ALL,143,25,0.999930790503,0.999931212647,1.07863039987e-05,0.999907804028,0.999948431094,OPD,0.892857142857
r1_r1_7b,math,ALL,143,26,0.999908608541,0.999912006558,1.44117084795e-05,0.999884280661,0.999935383434,OPD,0.928571428571
r1_r1_7b,math,ALL,143,27,0.999721293944,0.999745767757,4.07701069268e-05,0.999679706499,0.999837780098,OPD,0.964285714286
r1_r1_7b,math,ALL,143,28,0.998611709541,0.998596200649,0.000239713344697,0.998249672705,0.999171895642,OPD,1
qwen4b_qwen30b,math,ALL,143,0,0.999999929577,0.999999936982,9.54034253892e-09,0.999999916706,0.999999952356,OPD,0
qwen4b_qwen30b,math,ALL,143,1,0.999990505542,0.999991253813,8.31403133134e-07,0.999989962585,0.999992971915,OPD,0.0277777777778
qwen4b_qwen30b,math,ALL,143,2,0.99995898359,0.999961076247,9.87595544072e-06,0.999933769919,0.999973139829,OPD,0.0555555555556
qwen4b_qwen30b,math,ALL,143,3,0.999955177577,0.999957988489,1.00581927828e-05,0.999935734718,0.999969676166,OPD,0.0833333333333
qwen4b_qwen30b,math,ALL,143,4,0.999943419995,0.999949893297,8.88397752161e-06,0.999929345116,0.999966106285,OPD,0.111111111111
qwen4b_qwen30b,math,ALL,143,5,0.999910470082,0.999921262539,9.95231458638e-06,0.999909589988,0.99993879257,OPD,0.138888888889
qwen4b_qwen30b,math,ALL,143,6,0.999751847465,0.999784307766,1.76673175039e-05,0.999750250053,0.999819870457,OPD,0.166666666667
qwen4b_qwen30b,math,ALL,143,7,0.999999982737,0.999999982195,3.16233414721e-09,0.999999978104,0.999999989264,OPD,0.194444444444
qwen4b_qwen30b,math,ALL,143,8,0.999999947821,0.999999945748,1.04896878396e-08,0.999999931061,0.999999966777,OPD,0.222222222222
qwen4b_qwen30b,math,ALL,143,9,0.999999860132,0.999999855766,2.63514677871e-08,0.999999817009,0.999999909912,OPD,0.25
qwen4b_qwen30b,math,ALL,143,10,0.999999796169,0.999999792321,3.78208978695e-08,0.999999731639,0.999999877874,OPD,0.277777777778
qwen4b_qwen30b,math,ALL,143,11,0.99999975074,0.999999746417,4.6713438058e-08,0.999999659066,0.999999824842,OPD,0.305555555556
qwen4b_qwen30b,math,ALL,143,12,0.999999681859,0.999999680259,5.80454102624e-08,0.999999578856,0.999999798569,OPD,0.333333333333
qwen4b_qwen30b,math,ALL,143,13,0.999999105567,0.999999088407,1.58574159123e-07,0.999998829678,0.999999400562,OPD,0.361111111111
qwen4b_qwen30b,math,ALL,143,14,0.999997833035,0.99999775179,4.5838708072e-07,0.999997011664,0.999998665128,OPD,0.388888888889
qwen4b_qwen30b,math,ALL,143,15,0.999996513354,0.999996374987,7.69739660635e-07,0.999994992592,0.999997872585,OPD,0.416666666667
qwen4b_qwen30b,math,ALL,143,16,0.999995912147,0.999995708746,9.29473129693e-07,0.999994106303,0.999997572075,OPD,0.444444444444
qwen4b_qwen30b,math,ALL,143,17,0.998697694915,0.998667514394,0.00145201881826,0.99579817559,0.999996370278,OPD,0.472222222222
qwen4b_qwen30b,math,ALL,143,18,0.99868070264,0.998650109658,0.00146871799017,0.995747186689,0.999994906851,OPD,0.5
qwen4b_qwen30b,math,ALL,143,19,0.99867198438,0.998641701676,0.00147477239324,0.995722830966,0.999992778055,OPD,0.527777777778
qwen4b_qwen30b,math,ALL,143,20,0.998673748866,0.998645699069,0.0014644089428,0.99574299043,0.999989164188,OPD,0.555555555556
qwen4b_qwen30b,math,ALL,143,21,0.998667540194,0.998638982847,0.0014699252112,0.995722749448,0.999987594167,OPD,0.583333333333
qwen4b_qwen30b,math,ALL,143,22,0.998666478064,0.998638180788,0.00147057930185,0.995723576459,0.999987634078,OPD,0.611111111111
qwen4b_qwen30b,math,ALL,143,23,0.998670203684,0.99864184926,0.00146367367887,0.995736653174,0.999983786155,OPD,0.638888888889
qwen4b_qwen30b,math,ALL,143,24,0.99866452683,0.998635925667,0.00146387873141,0.995729801223,0.999977445197,OPD,0.666666666667
qwen4b_qwen30b,math,ALL,143,25,0.998599490909,0.998569770013,0.00151834183837,0.995550133739,0.999960739647,OPD,0.694444444444
qwen4b_qwen30b,math,ALL,143,26,0.998601546003,0.998571962976,0.00149904297501,0.99558142919,0.99994508925,OPD,0.722222222222
qwen4b_qwen30b,math,ALL,143,27,0.99858255226,0.998553488314,0.00149293161643,0.995567402243,0.999923968102,OPD,0.75
qwen4b_qwen30b,math,ALL,143,28,0.998569751275,0.998544795923,0.00147290802626,0.995592910904,0.999901194412,OPD,0.777777777778
qwen4b_qwen30b,math,ALL,143,29,0.998518076639,0.9984973194,0.0014607435942,0.995555093421,0.999847698335,OPD,0.805555555556
qwen4b_qwen30b,math,ALL,143,30,0.998456303671,0.998441022958,0.00146579079164,0.995473482469,0.999802610225,OPD,0.833333333333
qwen4b_qwen30b,math,ALL,143,31,0.998311910266,0.998308661481,0.00146162368233,0.995317225302,0.999688175634,OPD,0.861111111111
qwen4b_qwen30b,math,ALL,143,32,0.998219046428,0.998225176325,0.00146558772358,0.995207210423,0.999611886932,OPD,0.888888888889
qwen4b_qwen30b,math,ALL,143,33,0.998144886259,0.998166689979,0.00139152930321,0.995272733324,0.999485661359,OPD,0.916666666667
qwen4b_qwen30b,math,ALL,143,34,0.998113672566,0.998149938543,0.00133486493262,0.995383938133,0.999432862783,OPD,0.944444444444
qwen4b_qwen30b,math,ALL,143,35,0.997054998874,0.997311946283,0.000461107208329,0.996444992907,0.99816312942,OPD,0.972222222222
qwen4b_qwen30b,math,ALL,143,36,0.997661626035,0.997731978083,0.000338239957577,0.996967093862,0.998306620459,OPD,1
qwen4b_code14b,code,ALL,673,0,0.999999997237,0.999999997412,4.08976086485e-10,0.999999996767,0.999999998008,OPD,0
qwen4b_code14b,code,ALL,673,1,0.999998122048,0.999997953745,3.92522220618e-07,0.999997169936,0.999998588185,OPD,0.0277777777778
qwen4b_code14b,code,ALL,673,2,0.999987879465,0.999987807009,3.26749064059e-06,0.999981692685,0.999992806111,OPD,0.0555555555556
qwen4b_code14b,code,ALL,673,3,0.999986978816,0.999986922413,3.96320552936e-06,0.999978536132,0.999993365631,OPD,0.0833333333333
qwen4b_code14b,code,ALL,673,4,0.999985291463,0.99998550427,3.852450495e-06,0.999976445188,0.999992781157,OPD,0.111111111111
qwen4b_code14b,code,ALL,673,5,0.999975898778,0.9999758879,4.81771861555e-06,0.999965622644,0.999982219564,OPD,0.138888888889
qwen4b_code14b,code,ALL,673,6,0.999954355593,0.999953843491,9.19678163586e-06,0.999933917659,0.999968788042,OPD,0.166666666667
qwen4b_code14b,code,ALL,673,7,0.999999995232,0.999999995274,9.4380554895e-10,0.999999993344,0.999999996734,OPD,0.194444444444
qwen4b_code14b,code,ALL,673,8,0.999999976252,0.999999975819,4.36304704207e-09,0.999999966488,0.99999998181,OPD,0.222222222222
qwen4b_code14b,code,ALL,673,9,0.99999993908,0.999999940144,1.02688761055e-08,0.999999915903,0.999999955128,OPD,0.25
qwen4b_code14b,code,ALL,673,10,0.99999990207,0.999999904181,1.59451659146e-08,0.999999863653,0.999999927693,OPD,0.277777777778
qwen4b_code14b,code,ALL,673,11,0.999999851785,0.999999855388,2.3685965692e-08,0.999999802541,0.999999887888,OPD,0.305555555556
qwen4b_code14b,code,ALL,673,12,0.999999797761,0.999999802664,3.1528918031e-08,0.999999730948,0.999999852264,OPD,0.333333333333
qwen4b_code14b,code,ALL,673,13,0.999998864535,0.999998873899,1.68659815621e-07,0.999998586918,0.999999150453,OPD,0.361111111111
qwen4b_code14b,code,ALL,673,14,0.999997383625,0.9999973897,4.13875319935e-07,0.999996745043,0.99999821755,OPD,0.388888888889
qwen4b_code14b,code,ALL,673,15,0.999995919989,0.999995910145,6.7456325066e-07,0.999994843032,0.999997379029,OPD,0.416666666667
qwen4b_code14b,code,ALL,673,16,0.999994928317,0.999994938449,8.38054323754e-07,0.99999365934,0.999996723529,OPD,0.444444444444
qwen4b_code14b,code,ALL,673,17,0.997271330475,0.996719815914,0.00199557350266,0.992868040551,0.999965796129,OPD,0.472222222222
qwen4b_code14b,code,ALL,673,18,0.997253958774,0.996697398241,0.00201210215114,0.992789780364,0.99996354127,OPD,0.5
qwen4b_code14b,code,ALL,673,19,0.997229370697,0.996667892204,0.00202966134254,0.992716089786,0.999960863655,OPD,0.527777777778
qwen4b_code14b,code,ALL,673,20,0.997263254957,0.996702080109,0.00200997486539,0.992766231703,0.999948127547,OPD,0.555555555556
qwen4b_code14b,code,ALL,673,21,0.997267483647,0.996704939656,0.00201162626049,0.992753100205,0.999940659999,OPD,0.583333333333
qwen4b_code14b,code,ALL,673,22,0.997258248,0.996693349367,0.00201994349595,0.992719245916,0.999937773059,OPD,0.611111111111
qwen4b_code14b,code,ALL,673,23,0.997294278657,0.996733147575,0.00199286748611,0.992802666951,0.999929816978,OPD,0.638888888889
qwen4b_code14b,code,ALL,673,24,0.997312921427,0.996749296515,0.00197114072304,0.992821892225,0.999890210195,OPD,0.666666666667
qwen4b_code14b,code,ALL,673,25,0.997235453695,0.996672351707,0.00195504993341,0.992713998577,0.999778968863,OPD,0.694444444444
qwen4b_code14b,code,ALL,673,26,0.997227963214,0.996669278689,0.00190089967125,0.992789991834,0.999674164414,OPD,0.722222222222
qwen4b_code14b,code,ALL,673,27,0.997136601451,0.996577641524,0.00187700212909,0.9927237102,0.999548832565,OPD,0.75
qwen4b_code14b,code,ALL,673,28,0.997089581936,0.996540512435,0.00181344403575,0.992808741229,0.99940381201,OPD,0.777777777778
qwen4b_code14b,code,ALL,673,29,0.996777270286,0.996211749145,0.00176451386889,0.992593243263,0.998997135197,OPD,0.805555555556
qwen4b_code14b,code,ALL,673,30,0.996402673189,0.995827624163,0.00174864808948,0.992260536702,0.998594166584,OPD,0.833333333333
qwen4b_code14b,code,ALL,673,31,0.995552068139,0.994942029963,0.00176510492908,0.991449599313,0.99771565057,OPD,0.861111111111
qwen4b_code14b,code,ALL,673,32,0.994957136455,0.994308781321,0.00181530666142,0.990909088158,0.99716325298,OPD,0.888888888889
qwen4b_code14b,code,ALL,673,33,0.994330018778,0.993625979599,0.00186225970098,0.990479627849,0.996558174883,OPD,0.916666666667
qwen4b_code14b,code,ALL,673,34,0.994013968737,0.993234222797,0.00194599744764,0.989270098336,0.996121293917,OPD,0.944444444444
qwen4b_code14b,code,ALL,673,35,0.98502078813,0.98450416937,0.00389320698977,0.971319529868,0.989814349695,OPD,0.972222222222
qwen4b_code14b,code,ALL,673,36,0.988877935392,0.990054400141,0.00176562103451,0.986827520398,0.993360102577,OPD,1
qwen1p7b_base_to_sft,math,ALL,143,0,0.999993268911,0.999994042033,9.7661274104e-07,0.999992390616,0.999995748855,SFT,0
qwen1p7b_base_to_sft,math,ALL,143,1,0.997884358881,0.998068746148,0.000266412901699,0.997599698459,0.998638708921,SFT,0.0357142857143
qwen1p7b_base_to_sft,math,ALL,143,2,0.997466918413,0.997681446344,0.000285192747989,0.997067352204,0.998232297889,SFT,0.0714285714286
qwen1p7b_base_to_sft,math,ALL,143,3,0.999480323816,0.999423512045,0.000198020463858,0.998823316344,0.999701403148,SFT,0.107142857143
qwen1p7b_base_to_sft,math,ALL,143,4,0.998648240381,0.998467155293,0.000552405154208,0.996777895215,0.999168633929,SFT,0.142857142857
qwen1p7b_base_to_sft,math,ALL,143,5,0.997941596403,0.997662747003,0.000727893175271,0.995436105636,0.99855388172,SFT,0.178571428571
qwen1p7b_base_to_sft,math,ALL,143,6,0.996089649309,0.995333760412,0.0015523901507,0.990367760301,0.997168768842,SFT,0.214285714286
qwen1p7b_base_to_sft,math,ALL,143,7,0.991847629965,0.990237680519,0.00332820128164,0.979715840847,0.99419891258,SFT,0.25
qwen1p7b_base_to_sft,math,ALL,143,8,0.987891607301,0.985201498648,0.00506678862173,0.969711365679,0.991174595946,SFT,0.285714285714
qwen1p7b_base_to_sft,math,ALL,143,9,0.98018362181,0.975975437374,0.00797667453147,0.950968064095,0.985756234119,SFT,0.321428571429
qwen1p7b_base_to_sft,math,ALL,143,10,0.952547559745,0.943003505199,0.018124719441,0.886903490679,0.964839971758,SFT,0.357142857143
qwen1p7b_base_to_sft,math,ALL,143,11,0.90467863481,0.891925870147,0.0312983854953,0.794234084406,0.929259414497,SFT,0.392857142857
qwen1p7b_base_to_sft,math,ALL,143,12,0.868130175759,0.853554098209,0.0372519900492,0.742907346606,0.902351360961,SFT,0.428571428571
qwen1p7b_base_to_sft,math,ALL,143,13,0.844979922872,0.82994800821,0.0396747493505,0.712871807977,0.88455739647,SFT,0.464285714286
qwen1p7b_base_to_sft,math,ALL,143,14,0.814475814917,0.801643937823,0.0429241518556,0.681025751569,0.866157291297,SFT,0.5
qwen1p7b_base_to_sft,math,ALL,143,15,0.7883949786,0.776797305097,0.0444505359786,0.663023758866,0.84680392682,SFT,0.535714285714
qwen1p7b_base_to_sft,math,ALL,143,16,0.762041423524,0.752368941698,0.0420648870737,0.657034227301,0.82469466081,SFT,0.571428571429
qwen1p7b_base_to_sft,math,ALL,143,17,0.755215527106,0.749415237718,0.0369399224196,0.681670567396,0.810237553303,SFT,0.607142857143
qwen1p7b_base_to_sft,math,ALL,143,18,0.715181080508,0.725926824171,0.0365194221229,0.678992436831,0.792561935782,SFT,0.642857142857
qwen1p7b_base_to_sft,math,ALL,143,19,0.73550460576,0.757336605321,0.0308806607937,0.709796894084,0.81302590548,SFT,0.678571428571
qwen1p7b_base_to_sft,math,ALL,143,20,0.766037758197,0.791807294326,0.0293990421959,0.736282159029,0.845855793559,SFT,0.714285714286
qwen1p7b_base_to_sft,math,ALL,143,21,0.777892110711,0.805453526212,0.0299339906647,0.744741080257,0.856789391825,SFT,0.75
qwen1p7b_base_to_sft,math,ALL,143,22,0.772062883795,0.796514813999,0.0282459742102,0.740625140697,0.845560079383,SFT,0.785714285714
qwen1p7b_base_to_sft,math,ALL,143,23,0.747253048622,0.771889656551,0.0293816407242,0.716394117873,0.81586016433,SFT,0.821428571429
qwen1p7b_base_to_sft,math,ALL,143,24,0.715307511954,0.743297541946,0.033782885921,0.68425148088,0.793224647509,SFT,0.857142857143
qwen1p7b_base_to_sft,math,ALL,143,25,0.698663818646,0.728846433909,0.0391933565394,0.65545872295,0.787255601366,SFT,0.892857142857
qwen1p7b_base_to_sft,math,ALL,143,26,0.719761654393,0.753589537228,0.0442263878019,0.667314000635,0.817126487506,SFT,0.928571428571
qwen1p7b_base_to_sft,math,ALL,143,27,0.521357882314,0.562924158733,0.0518613935756,0.465499525388,0.649903744139,SFT,0.964285714286
qwen1p7b_base_to_sft,math,ALL,143,28,0.472860169979,0.487336409819,0.0776027496001,0.35079594452,0.616622699281,SFT,1
