step,actor_pg_loss,advantages_mean_sum_over_k,grad_norm,response_length_mean,AIME24,AIME25,AMC23,opd_loss,Macro,opd_loss_ema10
1,0.15817446110304445,-0.31356582045555115,4.437049388885498,2222.421875,,,,0.31356582045555115,,0.31356582045555115
2,0.14882042072713375,-0.2975223660469055,4.3652873039245605,2171.0,,,,0.2975223660469055,,0.3106488287448883
3,0.1587522393092513,-0.3178509771823883,4.635133743286133,2136.40625,,,,0.3178509771823883,,0.3119583102789792
4,0.1522137513384223,-0.30515146255493164,4.53904914855957,2273.796875,,,,0.30515146255493164,,0.3107207016018796
5,0.14746235823258758,-0.2944120764732361,4.082287788391113,2107.71875,,,,0.2944120764732361,,0.3077554970330353
6,0.13156805676408112,-0.26316964626312256,3.6715145111083984,2429.53125,,,,0.26316964626312256,,0.29964897871123297
7,0.14494563406333327,-0.28940054774284363,4.109952926635742,2438.265625,,,,0.28940054774284363,,0.29778562762607125
8,0.1400780719704926,-0.2787972390651703,3.719334840774536,2395.75,,,,0.2787972390651703,,0.29433319334227104
9,0.12200669851154089,-0.24355556070804596,2.6376450061798096,3462.734375,,,,0.24355556070804596,,0.2851008964996846
10,0.11033230810426176,-0.2212606519460678,2.273813009262085,3857.921875,37.916666666666664,30.833333333333336,70.48192771084338,0.2212606519460678,46.41064257028112,0.2734935793081179
11,0.11265459272544831,-0.2250853180885315,2.1934375762939453,3336.984375,,,,0.2250853180885315,,0.2646920772681931
12,0.12270052975509316,-0.24656899273395538,2.808692693710327,2956.15625,,,,0.24656899273395538,,0.26139697098924075
13,0.12298674019984901,-0.2460203915834427,2.1343114376068115,3582.625,,,,0.2460203915834427,,0.2586012292790956
14,0.12006295297760516,-0.2401859015226364,1.880630612373352,3755.65625,,,,0.2401859015226364,,0.2552529878688303
15,0.11209522397257388,-0.2236120104789734,1.6693865060806274,3571.296875,,,,0.2236120104789734,,0.24950008288885628
16,0.11375979823060334,-0.22822748124599457,1.8142200708389282,3723.4375,,,,0.22822748124599457,,0.24563233713560867
17,0.07634846408230563,-0.23051224648952484,3.203859567642212,4784.84375,,,,0.23051224648952484,,0.2428832297454116
18,0.08438146098827322,-0.2529807686805725,4.150625228881836,5450.671875,,,,0.2529807686805725,,0.24471914591544083
19,0.07944208344755073,-0.2375912219285965,3.4055287837982178,5834.140625,,,,0.2375912219285965,,0.24342315973601458
20,0.07856755618316431,-0.2360251396894455,2.7038464546203613,5607.234375,67.5,57.08333333333333,85.69277108433735,0.2360251396894455,70.09203480589024,0.2420780651820929
21,0.07863807406586905,-0.23659540712833405,2.3404860496520996,5466.4375,,,,0.23659540712833405,,0.24108121826322765
22,0.07165083234819274,-0.21506766974925995,1.7990614175796509,4976.53125,,,,0.21506766974925995,,0.23635148216977897
23,0.07630187381679814,-0.22822558879852295,1.569549560546875,5343.515625,,,,0.22822558879852295,,0.23487404701136877
24,0.07571972161531448,-0.22737978398799896,1.2392303943634033,4844.671875,,,,0.22737978398799896,,0.23351145373439242
25,0.06914627877995372,-0.20621143281459808,1.049997329711914,5227.078125,,,,0.20621143281459808,,0.22854781356715706
26,0.06731033193257947,-0.20208190381526947,1.0750306844711304,4769.515625,,,,0.20208190381526947,,0.22373582997590477
27,0.07064651558175683,-0.21157106757164001,1.0814168453216553,5330.0,,,,0.21157106757164001,,0.22152405499331115
28,0.07039566345823307,-0.21219661831855774,1.0262116193771362,4683.59375,,,,0.21219661831855774,,0.21982815741608325
29,0.06490004070413609,-0.1940782517194748,0.9446364641189575,4951.453125,,,,0.1940782517194748,,0.21514635638033625
30,0.06999639980494976,-0.20938138663768768,0.9673870205879211,4968.96875,59.166666666666664,48.333333333333336,81.62650602409639,0.20938138663768768,63.04216867469879,0.21409818006349104
31,0.07044479165536661,-0.20902559161186218,0.958835780620575,4892.046875,,,,0.20902559161186218,,0.21317589125410397
32,0.0642705385107547,-0.19115284085273743,0.7956117391586304,4826.625,,,,0.19115284085273743,,0.20917170027203733
33,0.06558377955419321,-0.19770969450473785,0.8104691505432129,5412.40625,,,,0.19770969450473785,,0.20708769922343742
34,0.06793986586853862,-0.2039467692375183,0.7762621641159058,4603.703125,,,,0.2039467692375183,,0.2065166210441794
35,0.06701591967915495,-0.20151402056217194,0.8236282467842102,5014.15625,,,,0.20151402056217194,,0.20560705732017803
36,0.06400268136834104,-0.19095227122306824,0.8818475604057312,4212.328125,,,,0.19095227122306824,,0.20294255075706716
37,0.06137781481569012,-0.18478573858737946,0.7414053678512573,4497.765625,,,,0.18478573858737946,,0.19964131218076028
38,0.061513004979739584,-0.18586979806423187,0.8058329820632935,4705.421875,,,,0.18586979806423187,,0.19713740052320966
39,0.06753591696421306,-0.20292529463768005,0.7183211445808411,4897.515625,,,,0.20292529463768005,,0.1981897449076588
40,0.06896120022671919,-0.20517763495445251,0.7659923434257507,5345.640625,63.33333333333333,55.833333333333336,84.48795180722891,0.20517763495445251,67.88487282463186,0.1994602703707122
41,0.0664408344309777,-0.19926166534423828,0.8483687043190002,4503.296875,,,,0.19926166534423828,,0.19942416036589874
42,0.06495847972109914,-0.19506233930587769,0.6915533542633057,5113.484375,,,,0.19506233930587769,,0.19863110199134945
43,0.06375224585644901,-0.19165262579917908,0.6801440119743347,5274.78125,,,,0.19165262579917908,,0.19736228813822757
44,0.06297995282026629,-0.1890556812286377,0.6414849758148193,5506.90625,,,,0.1890556812286377,,0.19585199597284758
45,0.067033131296436,-0.20136116445064545,0.6514024138450623,5490.015625,,,,0.20136116445064545,,0.19685366296881082
46,0.060937579022720456,-0.18175257742404938,0.6718663573265076,4644.640625,,,,0.18175257742404938,,0.19410801105158146
47,0.06277320114895701,-0.18774306774139404,0.719039261341095,4716.75,,,,0.18774306774139404,,0.19295074863154738
48,0.0636270356674989,-0.19071903824806213,0.6570569276809692,4666.34375,,,,0.19071903824806213,,0.19254498310727733
49,0.0621571047231555,-0.18685461580753326,0.6256452202796936,5030.71875,,,,0.18685461580753326,,0.1915103708709602
50,0.05940569580222169,-0.17937271296977997,0.6401832103729248,4717.140625,65.83333333333333,48.333333333333336,84.03614457831326,0.17937271296977997,66.06760374832663,0.18930352397983652
51,0.05840508546680212,-0.17540836334228516,0.8739725351333618,4875.921875,,,,0.17540836334228516,,0.18677713113664535
52,0.059429225123797856,-0.17723174393177032,0.5485838651657104,5224.390625,,,,0.17723174393177032,,0.18504160619030444
53,0.05887725215870887,-0.17470508813858032,0.5502961277961731,5106.59375,,,,0.17470508813858032,,0.18316223927180914
54,0.05671059720528623,-0.16944171488285065,0.6363896131515503,4184.625,,,,0.16944171488285065,,0.18066759847381667
55,0.06376651084671418,-0.1921396702528,0.635169506072998,4406.609375,,,,0.1921396702528,,0.18275342970635908
56,0.057702496104563274,-0.17213809490203857,0.9000625610351562,4899.96875,,,,0.17213809490203857,,0.18082336883284625
57,0.06562129866021375,-0.19675800204277039,0.6324500441551208,4602.671875,,,,0.19675800204277039,,0.18372057487101426
58,0.0628855973482132,-0.18815074861049652,0.6071687340736389,4912.609375,,,,0.18815074861049652,,0.18452606100546556
59,0.06083754442321757,-0.18312329053878784,0.5928454995155334,4775.609375,,,,0.18312329053878784,,0.18427101182970598
60,0.0541887873938928,-0.1628398448228836,0.501865804195404,4787.921875,62.916666666666664,53.75,82.83132530120481,0.1628398448228836,66.49933065595717,0.18037443601028372
61,0.061224603171770774,-0.18405675888061523,0.6624669432640076,4451.015625,,,,0.18405675888061523,,0.1810439492594349
62,0.05849533473762373,-0.17410066723823547,0.5548614263534546,4567.859375,,,,0.17410066723823547,,0.17978153434648955
63,0.05526551394723356,-0.165911003947258,0.5411537885665894,4529.046875,,,,0.165911003947258,,0.17725961972844745
64,0.05806173267774284,-0.17364369332790375,0.5223490595817566,4925.328125,,,,0.17364369332790375,,0.17660217856471222
65,0.0569007593827943,-0.17118237912654877,0.5967233777046204,4427.171875,,,,0.17118237912654877,,0.17561676048504613
66,0.057243216317147017,-0.17202089726924896,0.5107871890068054,5249.421875,,,,0.17202089726924896,,0.174962967173083
67,0.055108933011069894,-0.16644476354122162,0.5189899206161499,5133.03125,,,,0.16644476354122162,,0.1734142028763809
68,0.05999150647160908,-0.18060919642448425,0.5488220453262329,4940.984375,,,,0.18060919642448425,,0.17472238352149058
69,0.056478059540192284,-0.1712363213300705,0.5140123963356018,5396.78125,,,,0.1712363213300705,,0.17408855403214146
70,0.05410190601833165,-0.16363964974880219,0.5324819087982178,4507.765625,62.083333333333336,57.49999999999999,82.53012048192771,0.16363964974880219,67.37115127175367,0.1721887532533525
71,0.05958983348682523,-0.17831456661224365,0.5525500774383545,4675.53125,,,,0.17831456661224365,,0.1733025375004236
72,0.05712355184368789,-0.17163418233394623,0.5281409025192261,5058.140625,,,,0.17163418233394623,,0.1729992001974277
73,0.06282005979058643,-0.18856580555438995,0.5301476716995239,4837.890625,,,,0.18856580555438995,,0.17582949208051174
74,0.05819123463394741,-0.17501962184906006,0.5576868653297424,4193.515625,,,,0.17501962184906006,,0.17568224294752052
75,0.06429460287714998,-0.1920655369758606,0.5499302744865417,5161.125,,,,0.1920655369758606,,0.178661023679946
76,0.059515045412505664,-0.17813916504383087,0.5594879388809204,5092.75,,,,0.17813916504383087,,0.17856614029156143
77,0.0554816125271221,-0.16596998274326324,0.5742478370666504,4986.9375,,,,0.16596998274326324,,0.17627592982823448
78,0.057107983234648906,-0.17250540852546692,0.526165783405304,4904.359375,,,,0.17250540852546692,,0.17559038050045855
79,0.059286907936135926,-0.17752981185913086,0.5504215359687805,5173.515625,,,,0.17752981185913086,,0.17594300438385352
80,0.05665900077049931,-0.16909393668174744,0.5028136968612671,5314.03125,60.416666666666664,50.83333333333333,82.2289156626506,0.16909393668174744,64.4929718875502,0.17469771934710696
81,0.05906008222761253,-0.17820733785629272,0.5411952137947083,4850.25,,,,0.17820733785629272,,0.17533583180332254
82,0.05924196339522799,-0.1793346405029297,0.5738031268119812,4833.078125,,,,0.1793346405029297,,0.17606288793052383
83,0.052757702146967254,-0.16065308451652527,0.5078487396240234,4983.40625,,,,0.16065308451652527,,0.173261105491615
84,0.055493420377994575,-0.1662794053554535,0.5455371141433716,4604.9375,,,,0.1662794053554535,,0.17199170546685835
85,0.0605835469517236,-0.18135172128677368,0.572222888469696,5003.796875,,,,0.18135172128677368,,0.17369352652502476
86,0.056436999856183924,-0.16878648102283478,0.5363063812255859,4736.921875,,,,0.16878648102283478,,0.17280133643371748
87,0.06262938600654404,-0.18936827778816223,0.5495176315307617,4916.203125,,,,0.18936827778816223,,0.17581350758907108
88,0.0573654230684042,-0.1726754605770111,0.5668918490409851,4816.828125,,,,0.1726754605770111,,0.17524295358687836
89,0.07721548480913043,-0.15437181293964386,0.5568883419036865,3856.609375,,,,0.15437181293964386,,0.17144820074192663
90,0.05642268915350238,-0.16909411549568176,0.5280808806419373,5048.296875,60.0,52.916666666666664,83.73493975903614,0.16909411549568176,65.55053547523427,0.17102018524260937
91,0.05369984987191856,-0.161256805062294,0.5527963042259216,4337.421875,,,,0.161256805062294,,0.16924502520982473
92,0.05250131788974007,-0.15744517743587494,0.5694482326507568,5483.875,,,,0.15744517743587494,,0.16709959834183385
93,0.05242538514236609,-0.1572902649641037,0.5651869773864746,4632.625,,,,0.1572902649641037,,0.16531608318224655
94,0.05336903679805497,-0.16083930432796478,0.5347416400909424,4559.4375,,,,0.16083930432796478,,0.16450212339055895
95,0.05199853082497915,-0.1564098596572876,0.4874075949192047,5195.4375,,,,0.1564098596572876,,0.16303080271178233
96,0.05025233289537331,-0.15144121646881104,0.49258267879486084,5259.234375,,,,0.15144121646881104,,0.16092360521306026
97,0.054583873289326824,-0.1621231585741043,0.5260434150695801,5198.078125,,,,0.1621231585741043,,0.16114170582415918
98,0.05375196590709189,-0.16162137687206268,0.5208572745323181,5245.421875,,,,0.16162137687206268,,0.1612289187419598
99,0.05223281712581714,-0.15645164251327515,0.4903901219367981,5718.390625,,,,0.15645164251327515,,0.16036032306401712
100,0.054754150332883,-0.16484948992729187,0.553436815738678,5385.46875,64.58333333333334,53.333333333333336,82.68072289156626,0.16484948992729187,66.86579651941098,0.16117653522097616
101,0.07961850066203624,-0.15889184176921844,0.6465699672698975,3491.3125,,,,0.15889184176921844,,0.16076113641156567
102,0.08256131689995527,-0.16516825556755066,0.6220226287841797,3316.078125,,,,0.16516825556755066,,0.16156243080356295
103,0.07868296396918595,-0.15724565088748932,0.6643759608268738,3179.515625,,,,0.15724565088748932,,0.1607775617279132
104,0.08035642479080707,-0.16076384484767914,0.6484432220458984,3048.703125,,,,0.16076384484767914,,0.1607750677496888
105,0.08118827652651817,-0.16311314702033997,0.6226815581321716,3352.640625,,,,0.16311314702033997,,0.16120017307162537
106,0.078901412547566,-0.15708832442760468,0.6245378255844116,3395.40625,,,,0.15708832442760468,,0.16045256422725795
107,0.07718203216791153,-0.15414011478424072,0.668973445892334,3124.234375,,,,0.15414011478424072,,0.15930484614670937
108,0.07538533315528184,-0.1515379101037979,0.567101776599884,3506.21875,,,,0.1515379101037979,,0.15789267595708908
109,0.049669169898455344,-0.15020118653774261,0.5126917958259583,4212.390625,,,,0.15020118653774261,,0.1564942233353897
110,0.07526518811937422,-0.1511799544095993,0.7520721554756165,3078.890625,60.0,50.416666666666664,82.37951807228916,0.1511799544095993,64.26539491298527,0.15552799262160963
111,0.07544282358139753,-0.15119901299476624,0.6196169853210449,3491.40625,,,,0.15119901299476624,,0.154740905416729
112,0.053449694300070405,-0.16155804693698883,0.592245876789093,4669.53125,,,,0.16155804693698883,,0.15598038569313988
113,0.056352650125821434,-0.16885043680667877,0.5283117890357971,5018.5,,,,0.16885043680667877,,0.15832039498651057
114,0.0589106025484701,-0.1761368364095688,0.5663436055183411,4843.671875,,,,0.1761368364095688,,0.16155974797252115
115,0.05708645276414851,-0.17327356338500977,0.5137439370155334,5345.53125,,,,0.17327356338500977,,0.1636895325929736
116,0.0573869200112919,-0.17185451090335846,0.5581132769584656,5879.09375,,,,0.17185451090335846,,0.16517407410395266
117,0.04345478629693389,-0.17299233376979828,0.48552262783050537,6328.625,,,,0.17299233376979828,,0.16659557586137913
118,0.0444680848158896,-0.1777772754430771,0.5952293872833252,6568.015625,,,,0.1777772754430771,,0.16862861214896058
119,0.04978702163013319,-0.1498045176267624,0.48486754298210144,5132.09375,,,,0.1498045176267624,,0.1652060495085609
120,0.05630815393912295,-0.17056822776794434,0.49732518196105957,5914.703125,61.66666666666667,56.25,81.32530120481928,0.17056822776794434,66.41398929049531,0.16618099101026698
121,0.056040024889322616,-0.1676272749900818,0.4682743549346924,5658.28125,,,,0.1676272749900818,,0.16644395173386967
122,0.05625091322387258,-0.16895955801010132,0.45946308970451355,5801.859375,,,,0.16895955801010132,,0.1669013346931845
123,0.04602307779714465,-0.18381080031394958,0.5201448798179626,6506.203125,,,,0.18381080031394958,,0.16997578298786906
124,0.04298881848808378,-0.171524316072464,0.46930110454559326,6235.65625,,,,0.171524316072464,,0.1702573344577954
125,0.05178995616734028,-0.1555299609899521,0.465016633272171,5713.796875,,,,0.1555299609899521,,0.1675796301909148
126,0.08435762138105929,-0.16993652284145355,0.6578862071037292,3146.921875,,,,0.16993652284145355,,0.16800815612737638
127,0.0854301261715591,-0.1730879694223404,0.6340698003768921,3662.96875,,,,0.1730879694223404,,0.16893175854464254
128,0.057185778161510825,-0.1743139773607254,0.648404598236084,4346.5625,,,,0.1743139773607254,,0.16991034378393033
129,0.08438910497352481,-0.16880878806114197,0.6397193670272827,3842.90625,,,,0.16880878806114197,,0.16971006092524152
130,0.05207609571516514,-0.15805445611476898,0.5861055254936218,4221.671875,60.0,53.333333333333336,79.96987951807229,0.15805445611476898,64.43440428380188,0.16759086005061014
131,0.08277754101436585,-0.16559232771396637,0.5890587568283081,3936.359375,,,,0.16559232771396637,,0.16722749053485672
132,0.058222716208547354,-0.1749681681394577,0.5385493040084839,4580.078125,,,,0.1749681681394577,,0.16863488646296598
133,0.05424791395974656,-0.1632055789232254,0.6017704606056213,4119.515625,,,,0.1632055789232254,,0.1676477396375586
134,0.0540902087620149,-0.1619119942188263,0.49577242136001587,4434.625,,,,0.1619119942188263,,0.16660487683415273
135,0.08799678576178849,-0.17365606129169464,0.9339024424552917,3054.109375,,,,0.17365606129169464,,0.1678869103718876
136,0.07958546723239124,-0.1594718098640442,0.6327402591705322,3079.65625,,,,0.1594718098640442,,0.16635689209773424
137,0.07410153921227902,-0.14651232957839966,0.7016206383705139,3404.5625,,,,0.14651232957839966,,0.16274878982149157
138,0.07645067572593689,-0.15289679169654846,0.649509608745575,2640.109375,,,,0.15289679169654846,,0.16095751743513828
139,0.07906019047368318,-0.15799352526664734,0.732474148273468,2895.0,,,,0.15799352526664734,,0.16041860976813993
140,0.0794022437185049,-0.16002602875232697,0.6398762464523315,3244.859375,58.75,49.583333333333336,82.68072289156626,0.16002602875232697,63.671352074966535,0.16034723140162846
141,0.07731478102505207,-0.15528473258018494,0.5294676423072815,3748.375,,,,0.15528473258018494,,0.1594267770704569
142,0.0836413458455354,-0.167030468583107,0.7492348551750183,2755.0,,,,0.167030468583107,,0.1608092664363933
143,0.08141544787213206,-0.16273219883441925,0.6318830251693726,3058.234375,,,,0.16273219883441925,,0.16115889050876164
144,0.0721023523947224,-0.144659623503685,0.5886921882629395,3564.375,,,,0.144659623503685,,0.15815902378056587
145,0.08205901586916298,-0.1641065776348114,0.6432196497917175,3077.15625,,,,0.1641065776348114,,0.1592403972086105
146,0.07802535896189511,-0.1566958874464035,0.6662359833717346,2967.125,,,,0.1566958874464035,,0.1587777590700274
147,0.07780939864460379,-0.15570059418678284,0.6341335773468018,2853.5,,,,0.15570059418678284,,0.1582182745458011
148,0.07216441398486495,-0.14452002942562103,0.6906030178070068,2808.984375,,,,0.14452002942562103,,0.15572768452395017
149,0.07376861339434981,-0.14721861481666565,0.6769131422042847,3334.78125,,,,0.14721861481666565,,0.15418058094080753
150,0.08240659441798925,-0.16540998220443726,0.7229586839675903,2951.515625,63.33333333333333,52.916666666666664,83.58433734939759,0.16540998220443726,66.61144578313252,0.15622229026146747
151,0.07948517880868167,-0.15922664105892181,0.6257970929145813,3000.0625,,,,0.15922664105892181,,0.15676853586100462
152,0.07274348306236789,-0.14543481171131134,0.7488397359848022,2317.359375,,,,0.14543481171131134,,0.15470785874287857
153,0.08143218664918095,-0.16219517588615417,0.692229688167572,3396.53125,,,,0.16219517588615417,,0.15606918913256504
154,0.085000911494717,-0.16995401680469513,0.7123435139656067,3274.1875,,,,0.16995401680469513,,0.1585937032547705
155,0.07843862986192107,-0.1568252295255661,0.6362544298171997,3717.6875,,,,0.1568252295255661,,0.15827216257673335
156,0.07397914573084563,-0.14648489654064178,0.7660567760467529,2943.515625,,,,0.14648489654064178,,0.15612902329744396
157,0.0817284386139363,-0.16417178511619568,0.6355787515640259,3214.0,,,,0.16417178511619568,,0.15759134362812607
158,0.07928900024853647,-0.15880507230758667,0.5960821509361267,3223.703125,,,,0.15880507230758667,,0.15781202156984617
159,0.07823759515304118,-0.15650475025177002,1.6647403240203857,3367.609375,,,,0.15650475025177002,,0.1575743358756505
160,0.07658110372722149,-0.1521596908569336,0.6200770139694214,3398.84375,61.25000000000001,54.166666666666664,83.58433734939759,0.1521596908569336,66.33366800535475,0.1565898549631565
161,0.053510783589445055,-0.16062985360622406,0.5435335040092468,4305.0625,,,,0.16062985360622406,,0.15732440017098695
162,0.07496996351983398,-0.1497674435377121,0.6413892507553101,3063.390625,,,,0.1497674435377121,,0.15595040805584606
163,0.07871010433882475,-0.15734194219112396,0.5670101046562195,3569.421875,,,,0.15734194219112396,,0.15620341426226023
164,0.07796675805002451,-0.15620435774326324,0.6383686661720276,3082.015625,,,,0.15620435774326324,,0.15620358580426077
165,0.07234731619246304,-0.14647141098976135,0.6443047523498535,2787.203125,,,,0.14647141098976135,,0.15443409947435177
166,0.08121862635016441,-0.16229847073554993,0.6899958252906799,2738.5,,,,0.16229847073554993,,0.155863985158206
167,0.07742610306013376,-0.15423797070980072,0.5977090001106262,3322.8125,,,,0.15423797070980072,,0.15556834616758683
168,0.07048083143308759,-0.14018933475017548,0.6474236249923706,3104.828125,,,,0.14018933475017548,,0.15277216227351204
169,0.08342730905860662,-0.16673672199249268,0.7510221004486084,2993.078125,,,,0.16673672199249268,,0.1553111731315085
170,0.08083233912475407,-0.16238237917423248,0.5448465347290039,3793.6875,61.25000000000001,52.083333333333336,82.37951807228916,0.16238237917423248,65.2376171352075,0.1565968469574583
171,0.07339066849090159,-0.14691127836704254,0.5917037725448608,2973.0625,,,,0.14691127836704254,,0.1548358344864736
172,0.07703651208430529,-0.15460403263568878,0.5868623852729797,3323.1875,,,,0.15460403263568878,,0.1547936886954218
173,0.07984756748192012,-0.16052521765232086,0.6193880438804626,3033.765625,,,,0.16052521765232086,,0.15583578486940344
174,0.0779648853931576,-0.15523995459079742,0.661892831325531,2930.84375,,,,0.15523995459079742,,0.15572745209147507
175,0.0779022853821516,-0.15573282539844513,0.6387926936149597,3140.8125,,,,0.15573282539844513,,0.1557284290563787
176,0.08109331864397973,-0.16286087036132812,0.6074920296669006,3625.234375,,,,0.16286087036132812,,0.1570252365663695
177,0.06569840960825483,-0.19644173979759216,0.5498936176300049,5908.609375,,,,0.19644173979759216,,0.1641918735175009
178,0.05506005068309605,-0.22016778588294983,1.0150023698806763,6717.78125,,,,0.22016778588294983,,0.17436931212940068
179,0.0655473459046334,-0.19604605436325073,0.9217574000358582,5042.671875,,,,0.19604605436325073,,0.1783105379901007
180,0.05696000616687039,-0.1693587750196457,0.7517845034599304,4671.203125,63.33333333333333,51.24999999999999,81.32530120481928,0.1693587750196457,65.3028781793842,0.17668294472274523
181,0.09778371977154166,-0.19498443603515625,0.8343932032585144,3456.34375,,,,0.19498443603515625,,0.18001048859772906
182,0.06463666105022033,-0.19491934776306152,0.8233997821807861,4733.015625,,,,0.19491934776306152,,0.18272119026415312
183,0.06047150741020838,-0.18043898046016693,0.9180589318275452,4557.5625,,,,0.18043898046016693,,0.18230624302706472
184,0.058394641460229955,-0.17520587146282196,0.7680562138557434,4589.34375,,,,0.17520587146282196,,0.18101526637902057
185,0.05244910767457137,-0.1576201170682907,0.7478619813919067,4276.03125,,,,0.1576201170682907,,0.17676160286797876
186,0.05058142441945771,-0.15152937173843384,0.7247065305709839,4363.75,,,,0.15152937173843384,,0.17217392448078878
187,0.051199593426038824,-0.15273632109165192,0.6589468717575073,4382.109375,,,,0.15273632109165192,,0.16863981477367299
188,0.051905010206003986,-0.15560287237167358,0.6339320540428162,4616.09375,,,,0.15560287237167358,,0.1662694616096731
189,0.05480956185298661,-0.16375243663787842,0.5427291393280029,5559.203125,,,,0.16375243663787842,,0.16581182070571043
190,0.04355205316096544,-0.17398571968078613,0.6522363424301147,6138.640625,62.5,52.083333333333336,83.28313253012048,0.17398571968078613,65.95548862115128,0.1672979841557242
191,0.0553387941326946,-0.16696852445602417,0.6107920408248901,4748.40625,,,,0.16696852445602417,,0.16723808239214236
192,0.060475473292171955,-0.1823732852935791,0.9820253252983093,5487.75,,,,0.1823732852935791,,0.16998993746513086
193,0.06456182547844946,-0.19350428879261017,0.6619217991828918,5534.5625,,,,0.19350428879261017,,0.1742652740701271
194,0.04417102481238544,-0.176162987947464,0.6077936887741089,6468.609375,,,,0.176162987947464,,0.17461031295691562
195,0.04208787891548127,-0.16766223311424255,0.5250890254974365,6522.859375,,,,0.16766223311424255,,0.17334702571279323
196,0.06618857104331255,-0.19816739857196808,0.565031111240387,5946.546875,,,,0.19816739857196808,,0.17785982077809773
197,0.05380809997829298,-0.16137202084064484,0.564475417137146,5282.03125,,,,0.16137202084064484,,0.1748620389712881
198,0.05677424316915373,-0.16992953419685364,0.5895869731903076,5788.640625,,,,0.16992953419685364,,0.1739652199213909
199,0.060651894115532436,-0.1824837476015091,0.531178891658783,5863.703125,,,,0.1824837476015091,,0.17551404313595784
200,0.046664481439317264,-0.14008669555187225,0.5888020396232605,5446.078125,62.916666666666664,55.00000000000001,81.62650602409639,0.14008669555187225,66.51439089692103,0.16907270721157863
