pair,base,teacher,bank,hidden_state_index,normalized_depth,cka
justrl,R1-Distill-1.5B,JustRL-1.5B,"r1_math (143 prompts, sha256 5625b348)",0,0.0,0.999999
justrl,R1-Distill-1.5B,JustRL-1.5B,"r1_math (143 prompts, sha256 5625b348)",1,0.035714,0.999613
justrl,R1-Distill-1.5B,JustRL-1.5B,"r1_math (143 prompts, sha256 5625b348)",2,0.071429,0.999976
justrl,R1-Distill-1.5B,JustRL-1.5B,"r1_math (143 prompts, sha256 5625b348)",3,0.107143,0.999998
justrl,R1-Distill-1.5B,JustRL-1.5B,"r1_math (143 prompts, sha256 5625b348)",4,0.142857,0.999998
justrl,R1-Distill-1.5B,JustRL-1.5B,"r1_math (143 prompts, sha256 5625b348)",5,0.178571,0.999998
justrl,R1-Distill-1.5B,JustRL-1.5B,"r1_math (143 prompts, sha256 5625b348)",6,0.214286,0.999995
justrl,R1-Distill-1.5B,JustRL-1.5B,"r1_math (143 prompts, sha256 5625b348)",7,0.25,0.999993
justrl,R1-Distill-1.5B,JustRL-1.5B,"r1_math (143 prompts, sha256 5625b348)",8,0.285714,0.99999
justrl,R1-Distill-1.5B,JustRL-1.5B,"r1_math (143 prompts, sha256 5625b348)",9,0.321429,0.999976
justrl,R1-Distill-1.5B,JustRL-1.5B,"r1_math (143 prompts, sha256 5625b348)",10,0.357143,0.999975
justrl,R1-Distill-1.5B,JustRL-1.5B,"r1_math (143 prompts, sha256 5625b348)",11,0.392857,0.999974
justrl,R1-Distill-1.5B,JustRL-1.5B,"r1_math (143 prompts, sha256 5625b348)",12,0.428571,0.999975
justrl,R1-Distill-1.5B,JustRL-1.5B,"r1_math (143 prompts, sha256 5625b348)",13,0.464286,0.999972
justrl,R1-Distill-1.5B,JustRL-1.5B,"r1_math (143 prompts, sha256 5625b348)",14,0.5,0.999964
justrl,R1-Distill-1.5B,JustRL-1.5B,"r1_math (143 prompts, sha256 5625b348)",15,0.535714,0.999964
justrl,R1-Distill-1.5B,JustRL-1.5B,"r1_math (143 prompts, sha256 5625b348)",16,0.571429,0.999964
justrl,R1-Distill-1.5B,JustRL-1.5B,"r1_math (143 prompts, sha256 5625b348)",17,0.607143,0.999966
justrl,R1-Distill-1.5B,JustRL-1.5B,"r1_math (143 prompts, sha256 5625b348)",18,0.642857,0.999963
justrl,R1-Distill-1.5B,JustRL-1.5B,"r1_math (143 prompts, sha256 5625b348)",19,0.678571,0.999938
justrl,R1-Distill-1.5B,JustRL-1.5B,"r1_math (143 prompts, sha256 5625b348)",20,0.714286,0.999944
justrl,R1-Distill-1.5B,JustRL-1.5B,"r1_math (143 prompts, sha256 5625b348)",21,0.75,0.999861
justrl,R1-Distill-1.5B,JustRL-1.5B,"r1_math (143 prompts, sha256 5625b348)",22,0.785714,0.999763
justrl,R1-Distill-1.5B,JustRL-1.5B,"r1_math (143 prompts, sha256 5625b348)",23,0.821429,0.999516
justrl,R1-Distill-1.5B,JustRL-1.5B,"r1_math (143 prompts, sha256 5625b348)",24,0.857143,0.999039
justrl,R1-Distill-1.5B,JustRL-1.5B,"r1_math (143 prompts, sha256 5625b348)",25,0.892857,0.998396
justrl,R1-Distill-1.5B,JustRL-1.5B,"r1_math (143 prompts, sha256 5625b348)",26,0.928571,0.997991
justrl,R1-Distill-1.5B,JustRL-1.5B,"r1_math (143 prompts, sha256 5625b348)",27,0.964286,0.991873
justrl,R1-Distill-1.5B,JustRL-1.5B,"r1_math (143 prompts, sha256 5625b348)",28,1.0,0.967427
ultradata_if,R1-Distill-1.5B,UltraData-IF-1.5B,"r1_math (143 prompts, sha256 5625b348)",0,0.0,1.0
ultradata_if,R1-Distill-1.5B,UltraData-IF-1.5B,"r1_math (143 prompts, sha256 5625b348)",1,0.035714,0.99998
ultradata_if,R1-Distill-1.5B,UltraData-IF-1.5B,"r1_math (143 prompts, sha256 5625b348)",2,0.071429,0.999996
ultradata_if,R1-Distill-1.5B,UltraData-IF-1.5B,"r1_math (143 prompts, sha256 5625b348)",3,0.107143,0.999999
ultradata_if,R1-Distill-1.5B,UltraData-IF-1.5B,"r1_math (143 prompts, sha256 5625b348)",4,0.142857,0.999999
ultradata_if,R1-Distill-1.5B,UltraData-IF-1.5B,"r1_math (143 prompts, sha256 5625b348)",5,0.178571,0.999999
ultradata_if,R1-Distill-1.5B,UltraData-IF-1.5B,"r1_math (143 prompts, sha256 5625b348)",6,0.214286,0.999999
ultradata_if,R1-Distill-1.5B,UltraData-IF-1.5B,"r1_math (143 prompts, sha256 5625b348)",7,0.25,0.999999
ultradata_if,R1-Distill-1.5B,UltraData-IF-1.5B,"r1_math (143 prompts, sha256 5625b348)",8,0.285714,0.999999
ultradata_if,R1-Distill-1.5B,UltraData-IF-1.5B,"r1_math (143 prompts, sha256 5625b348)",9,0.321429,0.999998
ultradata_if,R1-Distill-1.5B,UltraData-IF-1.5B,"r1_math (143 prompts, sha256 5625b348)",10,0.357143,0.999998
ultradata_if,R1-Distill-1.5B,UltraData-IF-1.5B,"r1_math (143 prompts, sha256 5625b348)",11,0.392857,0.999998
ultradata_if,R1-Distill-1.5B,UltraData-IF-1.5B,"r1_math (143 prompts, sha256 5625b348)",12,0.428571,0.999998
ultradata_if,R1-Distill-1.5B,UltraData-IF-1.5B,"r1_math (143 prompts, sha256 5625b348)",13,0.464286,0.999998
ultradata_if,R1-Distill-1.5B,UltraData-IF-1.5B,"r1_math (143 prompts, sha256 5625b348)",14,0.5,0.999998
ultradata_if,R1-Distill-1.5B,UltraData-IF-1.5B,"r1_math (143 prompts, sha256 5625b348)",15,0.535714,0.999998
ultradata_if,R1-Distill-1.5B,UltraData-IF-1.5B,"r1_math (143 prompts, sha256 5625b348)",16,0.571429,0.999998
ultradata_if,R1-Distill-1.5B,UltraData-IF-1.5B,"r1_math (143 prompts, sha256 5625b348)",17,0.607143,0.999998
ultradata_if,R1-Distill-1.5B,UltraData-IF-1.5B,"r1_math (143 prompts, sha256 5625b348)",18,0.642857,0.999998
ultradata_if,R1-Distill-1.5B,UltraData-IF-1.5B,"r1_math (143 prompts, sha256 5625b348)",19,0.678571,0.999998
ultradata_if,R1-Distill-1.5B,UltraData-IF-1.5B,"r1_math (143 prompts, sha256 5625b348)",20,0.714286,0.999998
ultradata_if,R1-Distill-1.5B,UltraData-IF-1.5B,"r1_math (143 prompts, sha256 5625b348)",21,0.75,0.999997
ultradata_if,R1-Distill-1.5B,UltraData-IF-1.5B,"r1_math (143 prompts, sha256 5625b348)",22,0.785714,0.999997
ultradata_if,R1-Distill-1.5B,UltraData-IF-1.5B,"r1_math (143 prompts, sha256 5625b348)",23,0.821429,0.999995
ultradata_if,R1-Distill-1.5B,UltraData-IF-1.5B,"r1_math (143 prompts, sha256 5625b348)",24,0.857143,0.999992
ultradata_if,R1-Distill-1.5B,UltraData-IF-1.5B,"r1_math (143 prompts, sha256 5625b348)",25,0.892857,0.999987
ultradata_if,R1-Distill-1.5B,UltraData-IF-1.5B,"r1_math (143 prompts, sha256 5625b348)",26,0.928571,0.999974
ultradata_if,R1-Distill-1.5B,UltraData-IF-1.5B,"r1_math (143 prompts, sha256 5625b348)",27,0.964286,0.999887
ultradata_if,R1-Distill-1.5B,UltraData-IF-1.5B,"r1_math (143 prompts, sha256 5625b348)",28,1.0,0.999826
rlcode,Qwen3-4B,Qwen3-4B-RL-code,"qwen4_code (673 prompts, sha256 9a9cb4ad)",0,0.0,1.0
rlcode,Qwen3-4B,Qwen3-4B-RL-code,"qwen4_code (673 prompts, sha256 9a9cb4ad)",1,0.027778,1.0
rlcode,Qwen3-4B,Qwen3-4B-RL-code,"qwen4_code (673 prompts, sha256 9a9cb4ad)",2,0.055556,0.999994
rlcode,Qwen3-4B,Qwen3-4B-RL-code,"qwen4_code (673 prompts, sha256 9a9cb4ad)",3,0.083333,0.999995
rlcode,Qwen3-4B,Qwen3-4B-RL-code,"qwen4_code (673 prompts, sha256 9a9cb4ad)",4,0.111111,0.999995
rlcode,Qwen3-4B,Qwen3-4B-RL-code,"qwen4_code (673 prompts, sha256 9a9cb4ad)",5,0.138889,0.999995
rlcode,Qwen3-4B,Qwen3-4B-RL-code,"qwen4_code (673 prompts, sha256 9a9cb4ad)",6,0.166667,0.999995
rlcode,Qwen3-4B,Qwen3-4B-RL-code,"qwen4_code (673 prompts, sha256 9a9cb4ad)",7,0.194444,0.999985
rlcode,Qwen3-4B,Qwen3-4B-RL-code,"qwen4_code (673 prompts, sha256 9a9cb4ad)",8,0.222222,0.999985
rlcode,Qwen3-4B,Qwen3-4B-RL-code,"qwen4_code (673 prompts, sha256 9a9cb4ad)",9,0.25,0.999985
rlcode,Qwen3-4B,Qwen3-4B-RL-code,"qwen4_code (673 prompts, sha256 9a9cb4ad)",10,0.277778,0.999985
rlcode,Qwen3-4B,Qwen3-4B-RL-code,"qwen4_code (673 prompts, sha256 9a9cb4ad)",11,0.305556,0.999985
rlcode,Qwen3-4B,Qwen3-4B-RL-code,"qwen4_code (673 prompts, sha256 9a9cb4ad)",12,0.333333,0.999985
rlcode,Qwen3-4B,Qwen3-4B-RL-code,"qwen4_code (673 prompts, sha256 9a9cb4ad)",13,0.361111,0.999985
rlcode,Qwen3-4B,Qwen3-4B-RL-code,"qwen4_code (673 prompts, sha256 9a9cb4ad)",14,0.388889,0.999985
rlcode,Qwen3-4B,Qwen3-4B-RL-code,"qwen4_code (673 prompts, sha256 9a9cb4ad)",15,0.416667,0.999985
rlcode,Qwen3-4B,Qwen3-4B-RL-code,"qwen4_code (673 prompts, sha256 9a9cb4ad)",16,0.444444,0.999985
rlcode,Qwen3-4B,Qwen3-4B-RL-code,"qwen4_code (673 prompts, sha256 9a9cb4ad)",17,0.472222,0.999672
rlcode,Qwen3-4B,Qwen3-4B-RL-code,"qwen4_code (673 prompts, sha256 9a9cb4ad)",18,0.5,0.999668
rlcode,Qwen3-4B,Qwen3-4B-RL-code,"qwen4_code (673 prompts, sha256 9a9cb4ad)",19,0.527778,0.999666
rlcode,Qwen3-4B,Qwen3-4B-RL-code,"qwen4_code (673 prompts, sha256 9a9cb4ad)",20,0.555556,0.999671
rlcode,Qwen3-4B,Qwen3-4B-RL-code,"qwen4_code (673 prompts, sha256 9a9cb4ad)",21,0.583333,0.999672
rlcode,Qwen3-4B,Qwen3-4B-RL-code,"qwen4_code (673 prompts, sha256 9a9cb4ad)",22,0.611111,0.999671
rlcode,Qwen3-4B,Qwen3-4B-RL-code,"qwen4_code (673 prompts, sha256 9a9cb4ad)",23,0.638889,0.999677
rlcode,Qwen3-4B,Qwen3-4B-RL-code,"qwen4_code (673 prompts, sha256 9a9cb4ad)",24,0.666667,0.999683
rlcode,Qwen3-4B,Qwen3-4B-RL-code,"qwen4_code (673 prompts, sha256 9a9cb4ad)",25,0.694444,0.999682
rlcode,Qwen3-4B,Qwen3-4B-RL-code,"qwen4_code (673 prompts, sha256 9a9cb4ad)",26,0.722222,0.999691
rlcode,Qwen3-4B,Qwen3-4B-RL-code,"qwen4_code (673 prompts, sha256 9a9cb4ad)",27,0.75,0.999691
rlcode,Qwen3-4B,Qwen3-4B-RL-code,"qwen4_code (673 prompts, sha256 9a9cb4ad)",28,0.777778,0.999699
rlcode,Qwen3-4B,Qwen3-4B-RL-code,"qwen4_code (673 prompts, sha256 9a9cb4ad)",29,0.805556,0.9997
rlcode,Qwen3-4B,Qwen3-4B-RL-code,"qwen4_code (673 prompts, sha256 9a9cb4ad)",30,0.833333,0.999693
rlcode,Qwen3-4B,Qwen3-4B-RL-code,"qwen4_code (673 prompts, sha256 9a9cb4ad)",31,0.861111,0.999673
rlcode,Qwen3-4B,Qwen3-4B-RL-code,"qwen4_code (673 prompts, sha256 9a9cb4ad)",32,0.888889,0.999662
rlcode,Qwen3-4B,Qwen3-4B-RL-code,"qwen4_code (673 prompts, sha256 9a9cb4ad)",33,0.916667,0.999657
rlcode,Qwen3-4B,Qwen3-4B-RL-code,"qwen4_code (673 prompts, sha256 9a9cb4ad)",34,0.944444,0.999664
rlcode,Qwen3-4B,Qwen3-4B-RL-code,"qwen4_code (673 prompts, sha256 9a9cb4ad)",35,0.972222,0.99953
rlcode,Qwen3-4B,Qwen3-4B-RL-code,"qwen4_code (673 prompts, sha256 9a9cb4ad)",36,1.0,0.99927
