teacher,teacher_key,series_label,step,F_top16,g2_crossfit,X_dot,nu,chi,mu,direct_cosine,unique_rollouts_min
JustRL,justrl,smoke_x_justrl_steps10_200_p64x8_l21000_top16_lei,10,0.3370901048183441,5.046082180757967,15.865266036131441,7.484768079879005,3.1440760312287135,31.017447999132347,0.9979792612526879,8.0
JustRL,justrl,smoke_x_justrl_steps10_200_p64x8_l21000_top16_lei,20,0.3165649473667145,4.918414897832807,1.5875530621315432,7.768413187043831,0.32277737749026914,10.275881222818661,0.9979759429559528,8.0
JustRL,justrl,smoke_x_justrl_steps10_200_p64x8_l21000_top16_lei,30,0.2775474488735199,3.3470506387089625,10.167537065543108,6.029691067948335,3.0377601545535535,24.34644633842925,0.9978030458734792,8.0
JustRL,justrl,smoke_x_justrl_steps10_200_p64x8_l21000_top16_lei,40,0.2024208903312683,1.908691920728522,-2.568678253934582,4.714661673034524,-1.3457793927027009,-1.6302328501005772,0.9964873269300958,8.0
JustRL,justrl,smoke_x_justrl_steps10_200_p64x8_l21000_top16_lei,50,0.17058010399341583,1.3248780397259237,0.9514464812610093,3.8834485012276603,0.7181389174944994,6.672304004044928,0.9958257579108624,8.0
JustRL,justrl,smoke_x_justrl_steps10_200_p64x8_l21000_top16_lei,60,0.12663574516773224,0.5246863704545262,0.9147284224964005,2.071636127440134,1.7433813302678096,5.683287875127569,0.9906396180600533,8.0
JustRL,justrl,smoke_x_justrl_steps10_200_p64x8_l21000_top16_lei,70,0.0850905030965805,0.42784284214130464,0.21989498726753687,2.5140457045586486,0.5139620571118767,3.8061698065468894,0.9869598806548766,8.0
JustRL,justrl,smoke_x_justrl_steps10_200_p64x8_l21000_top16_lei,80,0.07016699016094208,0.1720961315884345,0.10304856169239673,1.2263324394251904,0.5987848811084024,1.9606417633657802,0.9778088247852595,8.0
JustRL,justrl,smoke_x_justrl_steps10_200_p64x8_l21000_top16_lei,90,0.06072617322206497,0.13572976164014763,-0.20524184804348322,1.1175557232962823,-1.5121359204006333,-0.572340428949337,0.9807383565534233,8.0
JustRL,justrl,smoke_x_justrl_steps10_200_p64x8_l21000_top16_lei,100,0.051245078444480896,0.11800781781941744,-0.178369965459791,1.1514063908346426,-1.511509735166388,-0.5889555780447147,0.9771446907319998,8.0
JustRL,justrl,smoke_x_justrl_steps10_200_p64x8_l21000_top16_lei,110,0.04644424468278885,0.13082393367262843,0.07673451514412818,1.4083977244952874,0.586547988506043,2.2344905768144865,0.9833680179808868,8.0
JustRL,justrl,smoke_x_justrl_steps10_200_p64x8_l21000_top16_lei,120,0.04185160622000694,0.05099462308170945,0.013084823356598774,0.6092314066048368,0.256592216313331,0.7655554434732599,0.9187612559898499,8.0
JustRL,justrl,smoke_x_justrl_steps10_200_p64x8_l21000_top16_lei,130,0.037209272384643555,0.06098425703322059,-0.08831064564754415,0.8194766132060488,-1.448089227346621,-0.36719864244012423,0.9718730907306651,8.0
JustRL,justrl,smoke_x_justrl_steps10_200_p64x8_l21000_top16_lei,140,0.033937934786081314,0.045227323350370316,0.1434053586483847,0.66632404185306,3.170768199953856,2.779083124625465,0.9679347965544249,8.0
JustRL,justrl,smoke_x_justrl_steps10_200_p64x8_l21000_top16_lei,150,0.03322487697005272,0.030719622431151342,0.11937727393470479,0.46229852728182247,3.8860267310333163,2.2588029620163197,0.9539295649798774,8.0
JustRL,justrl,smoke_x_justrl_steps10_200_p64x8_l21000_top16_lei,160,0.02933385781943798,0.02866166500065078,-0.045294990596574505,0.4885423653344937,-1.580333542923834,-0.28351752174295686,0.9572103894041669,8.0
JustRL,justrl,smoke_x_justrl_steps10_200_p64x8_l21000_top16_lei,170,0.028487294912338257,0.024082296476612232,-0.02463079181539176,0.42268484632824566,-1.022775873526522,-0.009627016601549509,0.9189452623164241,8.0
JustRL,justrl,smoke_x_justrl_steps10_200_p64x8_l21000_top16_lei,180,0.026284892112016678,0.12503184450020347,-0.10905888421821992,2.378397662478644,-0.8722488631129685,0.3038430053511051,0.9899626855854137,8.0
JustRL,justrl,smoke_x_justrl_steps10_200_p64x8_l21000_top16_lei,190,0.02596321702003479,0.04247235000303568,0.06466298620205327,0.8179331050533173,1.5224725308920162,2.0632137896042066,0.966992374745464,8.0
JustRL,justrl,smoke_x_justrl_steps10_200_p64x8_l21000_top16_lei,200,0.025686737149953842,0.057892064474628524,-0.4867714005642557,1.1268863669552864,-8.408257763507219,-8.348264676586945,0.9738124653831391,8.0
Skywork,skywork,lei_smoke_2,10,0.19826637208461761,1.6063932761200037,-1.501089918510918,4.0510985494527825,-0.9344473366675005,0.2655602993390555,0.9976680045994879,8.0
Skywork,skywork,lei_smoke_2,20,0.18333864212036133,1.1006452692951498,0.9176538663523719,3.00167315934362,0.8337417076621197,5.50429326505832,0.9967349028536613,8.0
Skywork,skywork,lei_smoke_2,30,0.1770617663860321,0.505344141168976,0.41021946009574156,1.427027850389229,0.8117625726238967,2.5854356494271387,0.9937179845910994,8.0
Skywork,skywork,lei_smoke_2,40,0.1549099087715149,0.13317251061377058,-0.13909626839294773,0.42983861491924213,-1.044481836017625,-0.019120010782880743,0.9813815695882055,8.0
Skywork,skywork,lei_smoke_2,50,0.15570780634880066,0.07623415860351093,-0.17179262258384512,0.24479874109963703,-2.2534861764176837,-0.3068518379728465,0.9654316595806376,8.0
Skywork,skywork,lei_smoke_2,60,0.15555524826049805,0.05421991608840997,0.011188973365351757,0.17427865457029218,0.2063627938322005,0.21024328463273467,0.9534641323221926,8.0
Skywork,skywork,lei_smoke_2,70,0.1525956243276596,0.0401156250588017,0.06122622684525737,0.13144422061549926,1.5262438702004926,0.3320601566031862,0.928958582686995,8.0
Skywork,skywork,lei_smoke_2,80,0.14906208217144012,0.022530755426723652,0.09817371115399337,0.07557507338577672,4.357319996361501,0.40487985187610953,0.8862431373477787,8.0
Skywork,skywork,lei_smoke_2,90,0.1470196545124054,0.014748393662886742,-0.011845730173828752,0.05015789585821389,-0.8031878213040698,0.009871684762658647,0.8473659536157234,8.0
Skywork,skywork,lei_smoke_2,100,0.147026926279068,0.021261915195212408,-0.07312310104281293,0.07230619233799816,-3.4391587197788382,-0.17636627953523404,0.8832870813803808,8.0
Skywork,skywork,lei_smoke_2,110,0.14576604962348938,0.04920259860091334,0.12244460997442122,0.16877248667704758,2.4885801452801375,0.5887763460911047,0.9382528224368762,8.0
Skywork,skywork,lei_smoke_2,120,0.14395593106746674,0.0434264096881589,-0.14182413030722504,0.15083231168456598,-3.2658497749560977,-0.3417633594865818,0.9395810373166356,8.0
Skywork,skywork,lei_smoke_2,130,0.14601317048072815,0.011541492366815807,0.00432961101873719,0.0395220942500783,0.37513441772796413,0.05434819206397114,0.7596490889746706,8.0
Skywork,skywork,lei_smoke_2,140,0.14379501342773438,0.015643831645144716,-0.051916933992863706,0.054396292876908954,-3.3186840136429656,-0.12612781469512951,0.8520194715841845,8.0
Skywork,skywork,lei_smoke_2,150,0.14487463235855103,0.013260283779820489,-0.12272689156528967,0.04576468272115365,-9.255223613845697,-0.3777976894798238,0.7865216314317635,8.0
Skywork,skywork,lei_smoke_2,160,0.1439199000597,0.010083686735123946,-0.04677783393745885,0.035032289871168,-4.6389614400177885,-0.1274811519967061,0.7734551052974797,8.0
Skywork,skywork,lei_smoke_2,170,0.14350005984306335,0.010844541555985784,-0.07443331118880878,0.037785843933619064,-6.863666002342382,-0.22156356844337724,0.782663507428876,8.0
Skywork,skywork,lei_smoke_2,180,0.14256176352500916,0.1551371423626116,-0.10483730445074735,0.5441050434595169,-0.67577179039243,0.17641420407932826,0.9837609380457012,8.0
Skywork,skywork,lei_smoke_2,190,0.14066874980926514,0.2554826483733949,-0.15396091020023012,0.9081002662538248,-0.6026276585923441,0.36085392903419805,0.9904472432086032,8.0
Skywork,skywork,lei_smoke_2,200,0.1432957649230957,0.1250814550154588,-0.12146393559609432,0.436445069980654,-0.9710786909305028,0.012622562760768825,0.9776742576707353,8.0
R1-Distill-7B,r1_7b,smoke_x_r1_7b_steps10_200_p64x8_l21000_top16_lei,10,0.11824546009302139,0.3189713117590526,-0.29728918509276014,1.348767665711158,-0.9320248377613631,0.0916827008989435,0.9937039602516247,8.0
R1-Distill-7B,r1_7b,smoke_x_r1_7b_steps10_200_p64x8_l21000_top16_lei,20,0.1156366690993309,0.18123060184345555,-0.024948918525491248,0.7836207917622497,-0.13766393904624216,0.6757444668497233,0.991591060633541,8.0
R1-Distill-7B,r1_7b,smoke_x_r1_7b_steps10_200_p64x8_l21000_top16_lei,30,0.11310706287622452,0.10064147304434458,-0.07800169441802118,0.4448947225220556,-0.7750452378976223,0.10008118646555238,0.9854297345418083,8.0
R1-Distill-7B,r1_7b,smoke_x_r1_7b_steps10_200_p64x8_l21000_top16_lei,40,0.10805302858352661,0.0337666184628254,-0.05601490212298437,0.1562502327986882,-1.6588839710038694,-0.10295077385667871,0.9593556631837493,8.0
R1-Distill-7B,r1_7b,smoke_x_r1_7b_steps10_200_p64x8_l21000_top16_lei,50,0.10504991561174393,0.020197109514703167,-0.0060583679513547175,0.0961310097326574,-0.29996212809285033,0.06729534747753498,0.9337773458969678,8.0
R1-Distill-7B,r1_7b,smoke_x_r1_7b_steps10_200_p64x8_l21000_top16_lei,60,0.1049625352025032,0.01827895074629412,-0.010907401530660915,0.08707368504137061,-0.5967192363529009,0.035115142197050926,0.9286589641871912,8.0
R1-Distill-7B,r1_7b,smoke_x_r1_7b_steps10_200_p64x8_l21000_top16_lei,70,0.10403162240982056,0.015702465699794797,-0.009270737314499362,0.0754696787681978,-0.5904000996875614,0.030912372900065585,0.9236826514976842,8.0
R1-Distill-7B,r1_7b,smoke_x_r1_7b_steps10_200_p64x8_l21000_top16_lei,80,0.10322773456573486,0.014930806596625957,-0.03480768014375605,0.07231974882491081,-2.3312658909949207,-0.09627681485592375,0.9239234843082964,8.0
R1-Distill-7B,r1_7b,smoke_x_r1_7b_steps10_200_p64x8_l21000_top16_lei,90,0.10264592617750168,0.013389896102083024,-0.03431033422846755,0.06522371103167171,-2.5624048138155455,-0.10190584009079798,0.9067577996364904,8.0
R1-Distill-7B,r1_7b,smoke_x_r1_7b_steps10_200_p64x8_l21000_top16_lei,100,0.10170359909534454,0.010477681039150914,0.026052105428356648,0.05151086643988698,2.486438108872595,0.1795894477770684,0.8987816407127287,8.0
R1-Distill-7B,r1_7b,smoke_x_r1_7b_steps10_200_p64x8_l21000_top16_lei,110,0.1004326194524765,0.009052863111259836,-0.011630949395897622,0.045069336426633036,-1.2847813175735745,-0.012834905009743252,0.886147561092748,8.0
R1-Distill-7B,r1_7b,smoke_x_r1_7b_steps10_200_p64x8_l21000_top16_lei,120,0.10139915347099304,0.006566276088443663,0.005595262409007561,0.03237835896714125,0.8521211008557741,0.05996864185412508,0.8088341512439005,8.0
R1-Distill-7B,r1_7b,smoke_x_r1_7b_steps10_200_p64x8_l21000_top16_lei,130,0.1014300286769867,0.010208336949535695,0.0021020092412363488,0.0503220637507052,0.20591103640362834,0.06068393205158236,0.8971039342172717,8.0
R1-Distill-7B,r1_7b,smoke_x_r1_7b_steps10_200_p64x8_l21000_top16_lei,140,0.10109442472457886,0.009611744224295006,-0.025792851211182962,0.047538447019447594,-2.683472490454748,-0.08002966779618054,0.8863138281462571,8.0
R1-Distill-7B,r1_7b,smoke_x_r1_7b_steps10_200_p64x8_l21000_top16_lei,150,0.1020127609372139,0.008158069683002964,-0.004532534342157057,0.039985532686892054,-0.5555890692623556,0.0177700077974222,0.862710810800167,8.0
R1-Distill-7B,r1_7b,smoke_x_r1_7b_steps10_200_p64x8_l21000_top16_lei,160,0.1015271246433258,0.009888730766713923,0.012126235309791154,0.04869994217006525,1.2262681223568963,0.1084191288138406,0.8820285847282308,8.0
R1-Distill-7B,r1_7b,smoke_x_r1_7b_steps10_200_p64x8_l21000_top16_lei,170,0.10141976177692413,0.00947051984339165,-0.05673090627554045,0.046689715648136086,-5.990263176009942,-0.23299396869726868,0.8931028762282945,8.0
R1-Distill-7B,r1_7b,smoke_x_r1_7b_steps10_200_p64x8_l21000_top16_lei,180,0.1017494648694992,0.010937888475660325,0.014783795149262709,0.05374911754351508,1.35161326449438,0.12639713777019762,0.8974932385585818,8.0
R1-Distill-7B,r1_7b,smoke_x_r1_7b_steps10_200_p64x8_l21000_top16_lei,190,0.10342740267515182,0.045143639084388835,0.08979029945224408,0.2182382914772917,1.9889911684876673,0.6523123258514623,0.9729667699302752,8.0
R1-Distill-7B,r1_7b,smoke_x_r1_7b_steps10_200_p64x8_l21000_top16_lei,200,0.10280664265155792,0.024980333838680313,-0.07263428016307177,0.12149182610426097,-2.9076585057723543,-0.2317649154496092,0.9515557147014773,8.0
