teacher,run_id,run_state,step,macro_accuracy,pg_loss,pg_loss_ema10,grad_norm,nu_raw,nu_raw_ema10
JustRL,zd36kge3,finished,1,,0.07624767386975388,0.07624767386975388,2.7058520317077637,48.01218742753933,48.01218742753933
JustRL,zd36kge3,finished,2,,0.0873718754388392,0.07827025597322394,2.445430278778076,34.22227815488946,45.50493119614844
JustRL,zd36kge3,finished,3,,0.0847224342636764,0.07944337929876075,2.3536791801452637,32.69385335298609,43.175644315573464
JustRL,zd36kge3,finished,4,,0.07391943992115557,0.0784390266846507,2.55537486076355,44.169305706234645,43.356310022966404
JustRL,zd36kge3,finished,5,,0.08425821661949158,0.07949706121825813,2.5094988346099854,37.3707434928788,42.26802519931411
JustRL,zd36kge3,finished,6,,0.07383905684885879,0.07846833315109461,2.719510793685913,50.08012881389132,43.68840767469178
JustRL,zd36kge3,finished,7,,0.08862887993454933,0.08031570529354091,2.6079463958740234,38.37002345496747,42.721428725650995
JustRL,zd36kge3,finished,8,,0.07980147367343307,0.08022220863533948,2.257063865661621,31.91881715444655,40.757317530886546
JustRL,zd36kge3,finished,9,,0.07935645049437881,0.08006479806425572,2.3693437576293945,35.37072164168325,39.777936460122305
JustRL,zd36kge3,finished,10,0.3989290495314592,0.08972512260079384,0.08182122070726265,2.649807929992676,39.127737373467504,39.65971844436688
JustRL,zd36kge3,finished,11,,0.08393299840390682,0.08220518028847068,2.565676689147949,39.21399806045043,39.578678374563886
JustRL,zd36kge3,finished,12,,0.0797421888448298,0.08175736366235416,2.3682799339294434,35.16802038358206,38.776740558021736
JustRL,zd36kge3,finished,13,,0.07921198727563024,0.08129456795567708,2.373654842376709,35.564297175964086,38.192659943102164
JustRL,zd36kge3,finished,14,,0.08310255212709308,0.08162329235047998,2.627103567123413,41.52503729270234,38.79854673393856
JustRL,zd36kge3,finished,15,,0.07884401297196746,0.08111796882711406,2.370915651321411,35.647862239580775,38.225695007691684
JustRL,zd36kge3,finished,16,,0.08101079650223256,0.08109848294986287,2.4238457679748535,36.26077362890574,37.86843657518514
JustRL,zd36kge3,finished,17,,0.08328180685639382,0.08149545093286849,2.6141369342803955,41.027639583712144,38.44283712219005
JustRL,zd36kge3,finished,18,,0.08274037726223468,0.08172180117457142,2.4342856407165527,35.80927943933545,37.96400845258012
JustRL,zd36kge3,finished,19,,0.07564792195335031,0.08061745949798577,2.247076988220215,33.37404954826525,37.12947046997741
JustRL,zd36kge3,finished,20,0.3998159303882196,0.07567090569064021,0.07971808607846839,2.360690116882324,36.82298881639521,37.07374653296247
JustRL,zd36kge3,finished,21,,0.0998511629877612,0.08337864551652163,2.4550137519836426,30.18038219127976,35.82040756174743
JustRL,zd36kge3,finished,22,,0.08690468780696392,0.08401974411478386,2.0127387046813965,23.307816848275465,33.54539106838889
JustRL,zd36kge3,finished,23,,0.0966902794316411,0.0863234778087579,2.1408841609954834,23.701374211260475,31.755569821638264
JustRL,zd36kge3,finished,24,,0.08936505997553468,0.08687649274817186,2.252544403076172,28.388926775290454,31.14345290412048
JustRL,zd36kge3,finished,25,,0.0782371623441577,0.08530570540198747,2.225463628768921,31.651763781941227,31.23587306372425
JustRL,zd36kge3,finished,26,,0.08912717527709901,0.0860005181065532,2.1020748615264893,24.788840831787176,30.063685385190233
JustRL,zd36kge3,finished,27,,0.0761960775591433,0.08421789255247866,2.2552742958068848,33.37614160899089,30.665950153153986
JustRL,zd36kge3,finished,28,,0.08885184011887759,0.08506042847364209,2.0103282928466797,22.742465657507523,29.225316608490992
JustRL,zd36kge3,finished,29,,0.06738625364378095,0.08184694214094006,2.0170650482177734,30.188289070416765,29.400402510659312
JustRL,zd36kge3,finished,30,0.4228580990629183,0.08282191515900195,0.08202420996240585,1.9485254287719727,22.92117574969123,28.222361281392384
JustRL,zd36kge3,finished,31,,0.07906609307974577,0.08148637052919493,1.887048602104187,22.518833851520924,27.185356294143027
JustRL,zd36kge3,finished,32,,0.08141729119233787,0.08147381064976636,1.7684686183929443,19.206492923305305,25.734653863081622
JustRL,zd36kge3,finished,33,,0.0695870405761525,0.07931257972729111,1.5190602540969849,16.58027153096084,24.070220711786934
JustRL,zd36kge3,finished,34,,0.06333285075379536,0.07640717445938279,1.3845921754837036,15.13507973818634,22.445649625677735
JustRL,zd36kge3,finished,35,,0.0659226609277539,0.0745008992718139,1.4132838249206543,15.149351844059495,21.11905002901987
JustRL,zd36kge3,finished,36,,0.09048461681231856,0.07740702973372383,1.3479524850845337,10.040247536298386,19.10472230307051
JustRL,zd36kge3,finished,37,,0.07799561655459304,0.07751404551933641,1.2848968505859375,10.583671170097562,17.55544027889361
JustRL,zd36kge3,finished,38,,0.07784519569637875,0.07757425464243502,1.2894330024719238,10.679127035331636,16.305201507336886
JustRL,zd36kge3,finished,39,,0.07421548486066361,0.07696356922756749,1.4252426624298096,13.685261577309117,15.828848792786381
JustRL,zd36kge3,finished,40,0.4416499330655957,0.056354425905738026,0.07321645225996212,1.3623721599578857,16.467720790314452,15.945007337791484
JustRL,zd36kge3,finished,41,,0.07406861769656341,0.07337139143025326,1.2558656930923462,10.646875074323798,14.98171056261554
JustRL,zd36kge3,finished,42,,0.07780014343249302,0.07417661906702412,1.1791374683380127,8.935492326212703,13.88239815599684
JustRL,zd36kge3,finished,43,,0.06083517771912739,0.07175090245831563,1.3197035789489746,14.314230693396535,13.960913162796784
JustRL,zd36kge3,finished,44,,0.05153181008063257,0.06807470384419143,1.2659233808517456,15.549250100855781,14.249701696989328
JustRL,zd36kge3,finished,45,,0.06171593221370131,0.06691856354773867,1.2632249593734741,12.928082269409941,14.009407255611258
JustRL,zd36kge3,finished,46,,0.05487218115013093,0.06472831220271907,1.143909215927124,11.923421548551707,13.630137127054976
JustRL,zd36kge3,finished,47,,0.0622085922708114,0.06427018130600859,1.3218899965286255,14.044628717167866,13.705499234348228
JustRL,zd36kge3,finished,48,,0.05533021374139935,0.06264473265789781,1.0771324634552002,10.484455647068728,13.119854945751955
JustRL,zd36kge3,finished,49,,0.06588083691895008,0.0632331152508164,1.208771824836731,11.089183083061585,12.750641879808251
JustRL,zd36kge3,finished,50,0.4382195448460509,0.054015589237678796,0.06155720143024592,1.0745420455932617,10.688031215091579,12.375621758950674
JustRL,zd36kge3,finished,51,,0.0479077409254387,0.059075481338462785,1.1060857772827148,12.76856018541125,12.447065109216233
JustRL,zd36kge3,finished,52,,0.049627398897428066,0.05735764816736556,1.1390199661254883,13.071070739713344,12.560520678397525
JustRL,zd36kge3,finished,53,,0.046692600823007524,0.05541854865020955,1.092477798461914,12.780480409051192,12.60051335669819
JustRL,zd36kge3,finished,54,,0.05605598050169647,0.0555344453504799,1.0437384843826294,9.716983041161676,12.076235117509732
JustRL,zd36kge3,finished,55,,0.05966223838428656,0.05628495317480838,1.039380431175232,9.05356310763674,11.526658388441914
JustRL,zd36kge3,finished,56,,0.049883513789003096,0.05512105510466196,1.045274257659912,10.951496704381572,11.42208353679458
JustRL,zd36kge3,finished,57,,0.04339294432429597,0.0529886713264136,0.9717574119567871,10.880944844807715,11.323694683706059
JustRL,zd36kge3,finished,58,,0.03735199285438284,0.05014563887695346,0.9162003993988037,11.236658444584576,11.307869912956697
JustRL,zd36kge3,finished,59,,0.03376328165177256,0.04716702847237511,0.8174490332603455,9.895704583313096,11.051112580294223
JustRL,zd36kge3,finished,60,0.45045180722891565,0.03636860166443512,0.04520367814365875,0.7111964821815491,6.95380648580219,10.306147835841125
JustRL,zd36kge3,finished,61,,0.04878566658589989,0.04585494876952077,0.7308681607246399,5.474643535109595,9.427692508435392
JustRL,zd36kge3,finished,62,,0.033512049121782184,0.04361078519720466,0.6863077878952026,7.027597417483099,8.991311582807702
JustRL,zd36kge3,finished,63,,0.03040987835265696,0.0412106203163778,0.6570613384246826,7.09850919898064,8.647165694839146
JustRL,zd36kge3,finished,64,,0.030283898959169164,0.03922394370597623,0.722453773021698,8.617441480322626,8.641761292199778
JustRL,zd36kge3,finished,65,,0.03578186822899928,0.03859811180107133,0.740627110004425,7.664894864669948,8.464149214467081
JustRL,zd36kge3,finished,66,,0.029388097376795486,0.03692356372393027,0.5681036114692688,5.491027697819921,7.923581665985779
JustRL,zd36kge3,finished,67,,0.026904944330453873,0.03510199656148001,0.5350772738456726,5.320726284908969,7.450335233062722
JustRL,zd36kge3,finished,68,,0.032067744177766144,0.03455031430989567,0.7095890045166016,7.8508259349276255,7.523151724310886
JustRL,zd36kge3,finished,69,,0.0299194020141537,0.0337083302561244,0.7338134050369263,8.998878272318965,7.791465642130537
JustRL,zd36kge3,finished,70,0.47406291834002673,0.02657328825443983,0.03241104989218175,0.6431785821914673,7.78373162983902,7.7900594580775335
JustRL,zd36kge3,finished,71,,0.02872997336089611,0.03174176325012981,0.6453796029090881,7.248785556098073,7.6916460213539946
JustRL,zd36kge3,finished,72,,0.023173514055088162,0.030183899760122236,0.46711626648902893,4.7079093377885926,7.149148442523921
JustRL,zd36kge3,finished,73,,0.030856722383759916,0.030306231146238177,0.5412447452545166,4.7468728308585,6.712371058584753
JustRL,zd36kge3,finished,74,,0.02692160881512488,0.02969084526785394,0.5092623233795166,4.816727629371809,6.367708616909672
JustRL,zd36kge3,finished,75,,0.0417880272337546,0.031890332898017695,0.5461347103118896,3.568762891569661,5.858809394120579
JustRL,zd36kge3,finished,76,,0.030605724547058344,0.031656767743297815,0.45409509539604187,3.36868933368479,5.406060292223162
JustRL,zd36kge3,finished,77,,0.024631823374268908,0.030379505130747102,0.46001121401786804,4.2954659467728815,5.204134047595838
JustRL,zd36kge3,finished,78,,0.020060410155565478,0.028503306044350443,0.4295637607574463,4.599233593060077,5.094152146771154
JustRL,zd36kge3,finished,79,,0.028948704712092876,0.02858428762030361,0.4005407392978668,2.770985531699167,4.6717582167580645
JustRL,zd36kge3,finished,80,0.46102744310575633,0.019124342303257436,0.02686429756265885,0.3889924883842468,3.9560878387330214,4.54163632984442
JustRL,zd36kge3,finished,81,,0.025525183281085145,0.026620822238736356,0.40282300114631653,3.1785544586621857,4.29380326235674
JustRL,zd36kge3,finished,82,,0.021520965616218746,0.02569357558009679,0.43288135528564453,4.353574813871673,4.304670817177637
JustRL,zd36kge3,finished,83,,0.022856046096421778,0.025177661128519515,0.3659500479698181,2.9296282708774792,4.054663081486699
JustRL,zd36kge3,finished,84,,0.020792511815670878,0.024380361253456124,0.372551828622818,3.33761659583617,3.9242909931866023
JustRL,zd36kge3,finished,85,,0.022811164206359535,0.02409505269943856,0.36186960339546204,2.870296506503633,3.7326556319715167
JustRL,zd36kge3,finished,86,,0.020767286594491452,0.023490004316720905,0.3732464909553528,3.354144085617742,3.6638353508162846
JustRL,zd36kge3,finished,87,,0.022987948866405834,0.023398721507572707,0.43567463755607605,4.128519488900695,3.7483233759225407
JustRL,zd36kge3,finished,88,,0.028323423233814538,0.024294121821434856,0.5304746031761169,4.967678205629101,3.970024254051006
JustRL,zd36kge3,finished,89,,0.02082894410705194,0.02366408950972887,0.3280393183231354,2.5831792963877245,3.7178706253849545
JustRL,zd36kge3,finished,90,0.46971218206157966,0.01483473542612046,0.022058752403618247,0.3723408877849579,4.672740454554462,3.891483321597592
JustRL,zd36kge3,finished,91,,0.020230590210606653,0.02172635927761614,0.39384540915489197,3.8336549922072902,3.8809690798902645
JustRL,zd36kge3,finished,92,,0.017423760960809886,0.020944068674560456,0.393606036901474,4.445817198529889,3.9836687378247415
JustRL,zd36kge3,finished,93,,0.017433277185773477,0.02030574294932646,0.3707755208015442,3.942875609694405,3.9762518054374074
JustRL,zd36kge3,finished,94,,0.017378482763888314,0.01977351382470134,0.3182821273803711,2.9146247686328177,3.7832287078365727
JustRL,zd36kge3,finished,95,,0.016618604990071617,0.019199894036586847,0.3252888321876526,3.183565179183876,3.674198975354264
JustRL,zd36kge3,finished,96,,0.018029313388979062,0.018987061191567248,0.3861134946346283,4.134478876774553,3.7578862301579528
JustRL,zd36kge3,finished,97,,0.01693838063511066,0.01861457381766605,0.3541174829006195,3.7016286974900448,3.7476575878546967
JustRL,zd36kge3,finished,98,,0.01577768666902557,0.01809877615427687,0.301809161901474,2.886632626140743,3.591107594815796
JustRL,zd36kge3,finished,99,,0.014903002273058519,0.017517726357691714,0.295712947845459,2.9338433263724086,3.4716050005533616
JustRL,zd36kge3,finished,100,0.4929049531459169,0.01512599244597368,0.01708286564647025,0.2894780933856964,2.7699857331518,3.3440378610258046
JustRL,zd36kge3,finished,101,,0.02124326260915647,0.017839301457867746,0.3686491549015045,3.198712973378572,3.317615154180853
JustRL,zd36kge3,finished,102,,0.016531710997999955,0.017601557737891783,0.3426944315433502,3.551945513232963,3.360220674008509
JustRL,zd36kge3,finished,103,,0.015968507699047525,0.017304639549011007,0.34948790073394775,3.824458586280643,3.444627567148897
JustRL,zd36kge3,finished,104,,0.01500802650116384,0.01688707354031152,0.3148649036884308,3.302896205808162,3.4188582287233085
JustRL,zd36kge3,finished,105,,0.013568276209601512,0.01628365584381879,0.30121704936027527,3.3435238722920726,3.405161073008538
JustRL,zd36kge3,finished,106,,0.01595432780838261,0.01622377801919403,0.25018078088760376,1.9615499906127472,3.1426863307547577
JustRL,zd36kge3,finished,107,,0.014610914920922369,0.015930530183144637,0.29552218317985535,2.988634223936564,3.1146768567878134
JustRL,zd36kge3,finished,108,,0.01642484774735446,0.01602040610391006,0.26559558510780334,2.147387175632067,2.9388060056685865
JustRL,zd36kge3,finished,109,,0.014259113076453408,0.01570017100800885,0.27517396211624146,2.6551689793312265,2.8872356372436117
JustRL,zd36kge3,finished,110,0.48699799196787147,0.012956889637280256,0.015201392576967286,0.28229954838752747,3.0753150351186482,2.921431891402709
JustRL,zd36kge3,finished,111,,0.013243156659882516,0.014845349682951873,0.2614581286907196,2.580968979455512,2.859529543775946
JustRL,zd36kge3,finished,112,,0.017274110636208206,0.015286942583543933,0.2652101516723633,2.0358913414229844,2.7097771433481346
JustRL,zd36kge3,finished,113,,0.019360824682128925,0.016027648419650296,0.33287426829338074,2.8615846770755797,2.7373785131167607
JustRL,zd36kge3,finished,114,,0.018703232305900503,0.016514118217150334,0.3220466673374176,2.772623850435135,2.743786756265556
JustRL,zd36kge3,finished,115,,0.013400097450357862,0.015947932623188065,0.27704304456710815,2.863891431661302,2.7656239699738734
JustRL,zd36kge3,finished,116,,0.012091906581190415,0.015246836979188492,0.2984369993209839,3.68282048681461,2.9323869730358254
JustRL,zd36kge3,finished,117,,0.014567549020284787,0.015123330077569636,0.30630648136138916,3.220296715437476,2.9847341989270344
JustRL,zd36kge3,finished,118,,0.013920376033638604,0.014904611160491264,0.29382994771003723,3.101067024434257,3.005885621746529
JustRL,zd36kge3,finished,119,,0.014240395656088367,0.014783844705145282,0.27333498001098633,2.6232421170708053,2.9363140754418517
JustRL,zd36kge3,finished,120,0.501656626506024,0.012764803090249188,0.014416746229709627,0.2589229643344879,2.626013930092272,2.8798958671964736
JustRL,zd36kge3,finished,121,,0.0139968452276662,0.014340400592974457,0.2523491680622101,2.274801985229475,2.7698787977479284
JustRL,zd36kge3,finished,122,,0.013424081880657468,0.014173797190735004,0.26820069551467896,2.6792004739706847,2.7533918297884292
JustRL,zd36kge3,finished,123,,0.012607144366484135,0.013888951222689391,0.2542940080165863,2.5646348067946128,2.7190723710622806
JustRL,zd36kge3,finished,124,,0.013367837847908959,0.013794203336365675,0.2454834133386612,2.253996005562948,2.6345130318805836
JustRL,zd36kge3,finished,125,,0.01435973467596341,0.013897027216292535,0.30341967940330505,3.205612914398357,2.738349374156542
JustRL,zd36kge3,finished,126,,0.012759172745669881,0.013690144585270233,0.22686965763568878,2.016974085298834,2.6071902307278676
JustRL,zd36kge3,finished,127,,0.01628985947657687,0.014162820020053257,0.2532845437526703,1.9691102982270599,2.4911756975459025
JustRL,zd36kge3,finished,128,,0.012901352514745668,0.013933462291815513,0.2206072211265564,1.8861412381979537,2.3811694322099117
JustRL,zd36kge3,finished,129,,0.013906098300746331,0.013928487020712026,0.21999430656433105,1.7401536316668857,2.264621104838452
JustRL,zd36kge3,finished,130,0.5018574297188755,0.012188028340460733,0.013612039987939063,0.2652605473995209,2.88656852614578,2.377702454167057
JustRL,zd36kge3,finished,131,,0.012703917804174125,0.013446926863618164,0.33065712451934814,4.303165987089423,2.7277867328802143
JustRL,zd36kge3,finished,132,,0.014360510695648069,0.013613033014896329,0.21361851692199707,1.588831753239198,2.5207040093091204
JustRL,zd36kge3,finished,133,,0.02609101379251418,0.01588175679264503,0.18853336572647095,0.681169966694615,2.186243274288301
JustRL,zd36kge3,finished,134,,0.014618623652495444,0.01565209622170874,0.1932372897863388,1.277160252962505,2.020955452229065
JustRL,zd36kge3,finished,135,,0.010257930669467896,0.01467133884857404,0.23288242518901825,2.643526541047091,2.134150195650524
JustRL,zd36kge3,finished,136,,0.013065051830684146,0.01437928666350315,0.22004105150699615,1.8529610511988739,2.083024896659315
JustRL,zd36kge3,finished,137,,0.00923239360175406,0.013443487925003314,0.22122913599014282,2.6505764768113096,2.1862160930505863
JustRL,zd36kge3,finished,138,,0.008547800544571752,0.01255336294674303,0.20146946609020233,2.374291816650289,2.220411679159623
JustRL,zd36kge3,finished,139,,0.011564478336367756,0.012373565744856615,0.17594945430755615,1.3385044085287439,2.0600649026812814
JustRL,zd36kge3,finished,140,0.5000836680053548,0.008066714537562802,0.011590501888985012,0.18760468065738678,2.1815273145387453,2.0821489775644566
JustRL,zd36kge3,finished,141,,0.011359605715066815,0.01154852076645443,0.1991584151983261,1.7458385149627333,2.0210016207277794
JustRL,zd36kge3,finished,142,,0.010258019513761004,0.011313884175055626,0.18114237487316132,1.5993613548244505,1.9443397541999012
JustRL,zd36kge3,finished,143,,0.009576346909549708,0.010997968308600004,0.17140422761440277,1.5339570256583077,1.8697247126468841
JustRL,zd36kge3,finished,144,,0.010164629483673101,0.010846452158613294,0.16363175213336945,1.317084422469322,1.7692446598873273
JustRL,zd36kge3,finished,145,,0.008206319704186171,0.01036642807599018,0.18968360126018524,2.192204903294168,1.8461465223249347
JustRL,zd36kge3,finished,146,,0.010365632110430548,0.010366283354979336,0.19475917518138885,1.8296586215502588,1.8431487221840845
JustRL,zd36kge3,finished,147,,0.008039042411837727,0.009943148638044498,0.1620563417673111,1.6334195393926265,1.8050161434947285
JustRL,zd36kge3,finished,148,,0.012357252611157795,0.010382076633156006,0.18883761763572693,1.4428630277469066,1.7391701224496698
JustRL,zd36kge3,finished,149,,0.009959521053436523,0.01030524834593428,0.15635733306407928,1.227348959439962,1.6461117291751775
JustRL,zd36kge3,finished,150,0.5206492637215528,0.009094549566119289,0.010085121295058827,0.16756966710090637,1.5437594313035534,1.6275022204712457
JustRL,zd36kge3,finished,151,,0.006627220767162119,0.009456412108168517,0.19724516570568085,2.935291939197124,1.8652821693304962
JustRL,zd36kge3,finished,152,,0.009442325128475204,0.009453850839133368,0.1442529261112213,1.1018952645941036,1.7264845502875157
JustRL,zd36kge3,finished,153,,0.010164415376493707,0.009583044391380703,0.15858528017997742,1.2371243282679274,1.6375099644657722
JustRL,zd36kge3,finished,154,,0.008351148183767995,0.009359063262723847,0.15319328010082245,1.4050870941114304,1.5952512607649827
JustRL,zd36kge3,finished,155,,0.011024157371139154,0.009661807646072084,0.15819403529167175,1.1350233836183325,1.511573464920137
JustRL,zd36kge3,finished,156,,0.008177091192919761,0.009391859200044388,0.14377295970916748,1.2639374721314014,1.4665487389585488
JustRL,zd36kge3,finished,157,,0.009889859240502119,0.009482404661945793,0.16406619548797607,1.3608746013119262,1.4473352593864355
JustRL,zd36kge3,finished,158,,0.009562458484045541,0.009496959902327564,0.1403183490037918,1.0295071659657598,1.3713665151281307
JustRL,zd36kge3,finished,159,,0.009019651556930816,0.009410176566800882,0.2586502432823181,3.708566119641039,1.7963118977668413
JustRL,zd36kge3,finished,160,0.5143239625167336,0.007630392491895084,0.009086579462272554,0.15892669558525085,1.6550717801525563,1.7706318763824258
JustRL,zd36kge3,finished,161,,0.009407531101411829,0.009144934305752422,0.1651928871870041,1.4503640584872968,1.7124013640378568
JustRL,zd36kge3,finished,162,,0.008206784608773887,0.008974361633574506,0.1740669310092926,1.845990720811705,1.7366903379967382
JustRL,zd36kge3,finished,163,,0.007693908837003012,0.00874155203419787,0.15064094960689545,1.474718259548981,1.6890590510062369
JustRL,zd36kge3,finished,164,,0.008077367024573808,0.008620791123357131,0.13776366412639618,1.1748152025153202,1.5955601694624337
JustRL,zd36kge3,finished,165,,0.0073426549837070825,0.008388402734329848,0.14510241150856018,1.4337259392085488,1.5661357639617273
JustRL,zd36kge3,finished,166,,0.00683745788410306,0.00810641276156134,0.13705453276634216,1.3736058978493029,1.5311303337594682
JustRL,zd36kge3,finished,167,,0.00725351076592536,0.007951339671445706,0.1397273689508438,1.3458129631268638,1.4974362663717218
JustRL,zd36kge3,finished,168,,0.007473643898265436,0.007864485894503838,0.13197675347328186,1.1652858829271984,1.4370452875636266
JustRL,zd36kge3,finished,169,,0.006143034566775896,0.007551494744007848,0.12974326312541962,1.3701139187359848,1.4248759477767825
JustRL,zd36kge3,finished,170,0.5310240963855422,0.009518842542699227,0.007909194343769917,0.14727874100208282,1.139373167160707,1.3729663513011323
JustRL,zd36kge3,finished,171,,0.007978217530762777,0.007921744014132254,0.1339849829673767,1.1250618068226503,1.32789279775959
JustRL,zd36kge3,finished,172,,0.006771147872010867,0.007712544715564729,0.14489957690238953,1.5503935066371712,1.3683474721009683
JustRL,zd36kge3,finished,173,,0.007345410437361958,0.00764579302861877,0.12929697334766388,1.1379695838256334,1.3264605833236347
JustRL,zd36kge3,finished,174,,0.005589390503397833,0.007271901660396781,0.15240244567394257,2.0777315016082207,1.463055295739014
JustRL,zd36kge3,finished,175,,0.008061146339362798,0.007415400692936057,0.13891226053237915,1.196890325138354,1.414661664720712
JustRL,zd36kge3,finished,176,,0.007132955419365317,0.007364047006832285,0.13664938509464264,1.308928301728083,1.3954374169038704
JustRL,zd36kge3,finished,177,,0.011993438696663361,0.008205754586801572,0.23728039860725403,2.347199539148054,1.5684850754937218
JustRL,zd36kge3,finished,178,,0.010013544611865655,0.008534443682267768,0.548105001449585,15.000636850314962,4.010694489097584
JustRL,zd36kge3,finished,179,,0.007727687963779317,0.008387760824360777,0.2717004120349884,4.7764036440130395,4.149914335445848
JustRL,zd36kge3,finished,180,0.514508032128514,0.00874461024068296,0.008452642536419355,0.20474979281425476,2.3970466666680204,3.831211122940788
JustRL,zd36kge3,finished,181,,0.01035474837408401,0.008798479961449291,0.27187904715538025,3.569290803199085,3.7835892466241146
JustRL,zd36kge3,finished,182,,0.008269545010989532,0.008702309970456608,0.22635944187641144,3.098029991886415,3.658942109399078
JustRL,zd36kge3,finished,183,,0.007237380486913025,0.008435959155266865,0.24724198877811432,4.223116438709616,3.761519260182812
JustRL,zd36kge3,finished,184,,0.013391497363045346,0.009336966102135679,0.31203433871269226,3.6353450960813762,3.7385785030734597
JustRL,zd36kge3,finished,185,,0.008502525830408558,0.009185249689094383,0.23655585944652557,3.2907088878432416,3.657147663940693
JustRL,zd36kge3,finished,186,,0.014016491991545385,0.01006365738044911,0.19503077864646912,1.3568660632914282,3.2389146456408264
JustRL,zd36kge3,finished,187,,0.009966676239855587,0.010046024445795741,0.1690981090068817,1.43448877948691,2.910837215431023
JustRL,zd36kge3,finished,188,,0.009274277443182655,0.009905706808956997,0.20860153436660767,2.3459833074160272,2.808136504882842
JustRL,zd36kge3,finished,189,,0.006917538681591395,0.009362403513072342,0.2006288468837738,2.9094115735868,2.826550153738107
JustRL,zd36kge3,finished,190,0.507764390896921,0.009963070842786692,0.009471615754838587,0.2408720850944519,2.911720808437047,2.842035727319732
JustRL,zd36kge3,finished,191,,0.007347590544668492,0.009085429352989479,0.22180277109146118,3.3477960540104355,2.9339921503544053
JustRL,zd36kge3,finished,192,,0.012021167950782305,0.009619200007133628,0.2593230903148651,2.797085335043312,2.9091000021160247
JustRL,zd36kge3,finished,193,,0.008658888769180825,0.009444597963869482,0.207969531416893,2.4975101973653047,2.834265492161348
JustRL,zd36kge3,finished,194,,0.00865467300900491,0.009300975244803195,0.22844892740249634,3.0150713017724735,2.867139275727007
JustRL,zd36kge3,finished,195,,0.008788508443103638,0.009207799462676003,0.25921741127967834,3.8228140045348047,3.0408983173284243
JustRL,zd36kge3,finished,196,,0.009690213249996305,0.009295511060370602,0.20481102168560028,2.164428868679202,2.881540235755838
JustRL,zd36kge3,finished,197,,0.006706878892146051,0.008824850666147957,0.2119007706642151,3.347453959595852,2.9662518219085676
JustRL,zd36kge3,finished,198,,0.007508605718612671,0.008585533402959722,0.19817383587360382,2.6151905358079133,2.902422497162994
JustRL,zd36kge3,finished,199,,0.007052385772112757,0.008306779288260274,0.1970125287771225,2.751830213871626,2.875042082019109
JustRL,zd36kge3,finished,200,0.5188420348058903,0.008064337729592808,0.00826269900486619,0.2405509352684021,3.5876940177097927,3.0046151612355967
Skywork,hzihv2gn,finished,1,,0.03535342117538676,0.03535342117538676,1.3145283460617065,24.43872071145915,24.43872071145915
Skywork,hzihv2gn,finished,2,,0.04242034587077796,0.036638316574548795,1.3069509267807007,20.13327201782203,23.65591185807058
Skywork,hzihv2gn,finished,3,,0.04255775241181255,0.037714577635869474,1.3321125507354736,20.848420643267147,23.1454589099245
Skywork,hzihv2gn,finished,4,,0.033955244929529727,0.037031062598353155,1.3168632984161377,25.535509319906517,23.580013529921228
Skywork,hzihv2gn,finished,5,,0.041123002069070935,0.037775051593029116,1.346135139465332,22.032435893903696,23.29863577791804
Skywork,hzihv2gn,finished,6,,0.04120810800231993,0.038399243667445626,1.3138614892959595,20.945295680134276,22.870755760139172
Skywork,hzihv2gn,finished,7,,0.033222997250656285,0.037458107955302106,1.3039069175720215,25.587294801623976,23.364671949500046
Skywork,hzihv2gn,finished,8,,0.04001671359874308,0.03792330898138228,1.3108268976211548,21.46936868375258,23.02007135572778
Skywork,hzihv2gn,finished,9,,0.04002619334496558,0.03830565159294288,1.2858062982559204,20.652698876278997,22.589639995827998
Skywork,hzihv2gn,finished,10,0.40552208835341363,0.03832444678992033,0.03830906890148423,1.2319380044937134,19.80030207918244,22.082487647346987
Skywork,hzihv2gn,finished,11,,0.0320944672372813,0.03717914132617461,1.3134108781814575,26.874540745165444,22.953770028768524
Skywork,hzihv2gn,finished,12,,0.04268633225001395,0.03818044876687267,1.2487332820892334,18.265036225932008,22.10127297370734
Skywork,hzihv2gn,finished,13,,0.03387573582585901,0.03739777368668836,1.2377865314483643,22.613759673161603,22.19445237360811
Skywork,hzihv2gn,finished,14,,0.034111459041014314,0.03680026193292944,1.2563718557357788,23.136949932089863,22.365815566059336
Skywork,hzihv2gn,finished,15,,0.04011233272030949,0.037402456621544,1.2536582946777344,19.590722020244534,21.861253103183916
Skywork,hzihv2gn,finished,16,,0.040520760137587784,0.03796942089718832,1.2677886486053467,19.83289617562754,21.492460934537302
Skywork,hzihv2gn,finished,17,,0.031245650180305045,0.03674691713048227,1.06211256980896,18.051842487458515,20.86689394415934
Skywork,hzihv2gn,finished,18,,0.03204227355308831,0.03589152738913791,1.136929988861084,20.17038206465034,20.740255420612247
Skywork,hzihv2gn,finished,19,,0.03056477689339469,0.034923027299002776,1.0528678894042969,18.134122104097898,20.266412999427818
Skywork,hzihv2gn,finished,20,0.39846050870147254,0.03134725972389182,0.03427288773989169,1.0450397729873657,17.41951508273492,19.748795196392745
Skywork,hzihv2gn,finished,21,,0.03782387734390795,0.03491852221334919,1.0626291036605835,14.926822568712208,18.872072900450828
Skywork,hzihv2gn,finished,22,,0.030302564923961956,0.034079257251642424,1.0231561660766602,17.273266187326733,18.5813807707919
Skywork,hzihv2gn,finished,23,,0.03124208503868431,0.03356340775837731,0.9651898741722107,14.909240085145736,17.91371882794714
Skywork,hzihv2gn,finished,24,,0.03821928021498024,0.03440993002321421,0.9711179137229919,12.33762118293446,16.899882892490286
Skywork,hzihv2gn,finished,25,,0.030986634781584144,0.033787512706554196,0.9227844476699829,13.740297112993924,16.325412750763675
Skywork,hzihv2gn,finished,26,,0.030968107205505174,0.03327489352454528,0.9653489589691162,15.046102210875413,16.092810834420355
Skywork,hzihv2gn,finished,27,,0.031192661651099723,0.03289630591119154,0.8928518295288086,12.778396380689035,15.490190024651023
Skywork,hzihv2gn,finished,28,,0.030413049117972452,0.03244480467606079,0.8570030331611633,12.074655783418502,14.869183798972381
Skywork,hzihv2gn,finished,29,,0.030757099972106516,0.03213794927534183,0.8607752919197083,12.044927900410132,14.355682726506517
Skywork,hzihv2gn,finished,30,0.4015060240963855,0.03739647432230413,0.033094044738425886,0.8253046870231628,9.106845481636224,13.401348681984645
Skywork,hzihv2gn,finished,31,,0.030277882625038426,0.03258201526326453,0.7574964165687561,9.475577077506724,12.687572026625022
Skywork,hzihv2gn,finished,32,,0.025228645020563687,0.031245038855500736,0.5692763328552246,6.422769492474543,11.548517020415844
Skywork,hzihv2gn,finished,33,,0.023826464245628034,0.029896207108251152,0.43962833285331726,4.0558487624291795,10.186213700781904
Skywork,hzihv2gn,finished,34,,0.027121660066768527,0.029391744009799763,0.4097450375556946,3.0951460085444786,8.896928665829645
Skywork,hzihv2gn,finished,35,,0.02361820438610656,0.028342009532764632,0.3875126838684082,3.179032531516923,7.8573111868636945
Skywork,hzihv2gn,finished,36,,0.027611536749949057,0.028209196299525435,0.4138566851615906,3.1015542054763743,6.992628099338726
Skywork,hzihv2gn,finished,37,,0.022226740789067532,0.027121477115805814,0.41370072960853577,3.8500537551330063,6.421250945846777
Skywork,hzihv2gn,finished,38,,0.021327760835577334,0.02606807415576427,0.3807169795036316,3.398045852065769,5.871577292432048
Skywork,hzihv2gn,finished,39,,0.022589467598923614,0.025435600236338694,0.37021419405937195,3.0336825974942663,5.355596438806996
Skywork,hzihv2gn,finished,40,0.40517068273092366,0.02294359845109284,0.024982509002657628,0.40237292647361755,3.5283038165103413,5.02336141657124
Skywork,hzihv2gn,finished,41,,0.025788911734707654,0.025129127681212178,0.3697277903556824,2.650337485496168,4.591902520012136
Skywork,hzihv2gn,finished,42,,0.021927989570290914,0.024547102570135582,0.3751539885997772,3.2091522734260085,4.3404933842692035
Skywork,hzihv2gn,finished,43,,0.022439568636140654,0.024163914582136504,0.35556575655937195,2.8170552047515325,4.0635046243568995
Skywork,hzihv2gn,finished,44,,0.021998665727941052,0.023770232972282784,0.37451300024986267,3.1879203286862516,3.9043074796895088
Skywork,hzihv2gn,finished,45,,0.023569813729929074,0.023733793110036653,0.38707366585731506,3.1783454998197658,3.7723143924404643
Skywork,hzihv2gn,finished,46,,0.025837409174224984,0.024116268758070894,0.3339898884296417,2.1586770720905792,3.478925788740485
Skywork,hzihv2gn,finished,47,,0.025957483468422044,0.02445103506904383,0.33220574259757996,2.1257965077598175,3.232902283107636
Skywork,hzihv2gn,finished,48,,0.02679217205150053,0.02487669633858141,0.3142196536064148,1.8425902633565236,2.9801182795165246
Skywork,hzihv2gn,finished,49,,0.026484754169359803,0.025169070489632024,0.3203684985637665,1.9376425813825666,2.7905772434921685
Skywork,hzihv2gn,finished,50,0.4340026773761713,0.026221778399000566,0.02536047192769903,0.294773668050766,1.6568577854241766,2.5844464329343517
Skywork,hzihv2gn,finished,51,,0.025148870423436165,0.025321998926923963,0.2747229039669037,1.5005181682767708,2.3873685666329734
Skywork,hzihv2gn,finished,52,,0.02638202579692006,0.02551473108510507,0.28968584537506104,1.590436793152948,2.242471880545696
Skywork,hzihv2gn,finished,53,,0.024741232201146584,0.025374094924385346,0.27104809880256653,1.4847092349159792,2.1046968540675657
Skywork,hzihv2gn,finished,54,,0.025105087047753234,0.025325184401361323,0.2765865921974182,1.5235984411818095,1.9990425971792463
Skywork,hzihv2gn,finished,55,,0.026464694606450696,0.025532368075013936,0.27262619137763977,1.4042300757734976,1.8908948660145646
Skywork,hzihv2gn,finished,56,,0.0245957094981956,0.02536206651559242,0.2611580491065979,1.3864923599412282,1.799185319455776
Skywork,hzihv2gn,finished,57,,0.026831266974719863,0.025629193871797407,0.2694726288318634,1.3531880130366705,1.7180949001068477
Skywork,hzihv2gn,finished,58,,0.026660850543218356,0.02581676781205576,0.28605204820632935,1.53456796418391,1.6847263663026772
Skywork,hzihv2gn,finished,59,,0.025925757285828393,0.025836584080014418,0.27208495140075684,1.4277349734200206,1.6380006585058304
Skywork,hzihv2gn,finished,60,0.4420682730923695,0.023661368429505576,0.025441090325376444,0.2412445843219757,1.229830591541551,1.5637879190577795
Skywork,hzihv2gn,finished,61,,0.025162484710259985,0.025390434758991633,0.25545772910118103,1.2967449778702345,1.5152346570236803
Skywork,hzihv2gn,finished,62,,0.024902045843191445,0.02530163677430069,0.25549155473709106,1.310654051338182,1.4780381832626805
Skywork,hzihv2gn,finished,63,,0.02607853365285943,0.02544289075222046,0.25925153493881226,1.2886337717987582,1.4436010175419673
Skywork,hzihv2gn,finished,64,,0.025452646291038643,0.025444664486551038,0.24934986233711243,1.2213927215384985,1.4031995091777003
Skywork,hzihv2gn,finished,65,,0.03096089819446206,0.026447616069807587,0.25786638259887695,1.0738556558821715,1.3433188085785133
Skywork,hzihv2gn,finished,66,,0.025388769378575187,0.026255098489583514,0.24679428339004517,1.199495284820773,1.3171690769861968
Skywork,hzihv2gn,finished,67,,0.024646991941456992,0.025962715480833235,0.24290674924850464,1.1969754558816954,1.2953156913308328
Skywork,hzihv2gn,finished,68,,0.026111479479974758,0.025989763480677146,0.23806190490722656,1.0852213604273366,1.2571167220756516
Skywork,hzihv2gn,finished,69,,0.024838668294250965,0.025780473446781475,0.25151491165161133,1.2734126893139364,1.2600796252098851
Skywork,hzihv2gn,finished,70,0.4517570281124497,0.023443485125123214,0.025355566479207243,0.21815939247608185,1.0150692243818629,1.21553227960479
Skywork,hzihv2gn,finished,71,,0.02542785811237991,0.02536871041251136,0.20969311892986298,0.8646265826283981,1.1517312437909004
Skywork,hzihv2gn,finished,72,,0.024813205585815012,0.025267709534930207,0.22224268317222595,0.9952726594065352,1.1232842284482885
Skywork,hzihv2gn,finished,73,,0.025355272421923775,0.025283630059838125,0.21517413854599,0.9130233177651654,1.0850549719604479
Skywork,hzihv2gn,finished,74,,0.0298839976079762,0.026120060523135955,0.19948314130306244,0.6657998736674452,1.0088267722708109
Skywork,hzihv2gn,finished,75,,0.025468215676179778,0.02600154327823483,0.2112112194299698,0.8758010333409104,0.9846402742835562
Skywork,hzihv2gn,finished,76,,0.02503759611863643,0.025826280158307846,0.1895151287317276,0.7172410611630096,0.9360222355343658
Skywork,hzihv2gn,finished,77,,0.023920789690843474,0.025479827346041595,0.1902608722448349,0.7566472506804804,0.9034086019245684
Skywork,hzihv2gn,finished,78,,0.025411429970214765,0.025467391459527623,0.19413043558597565,0.7415290297510583,0.8739759524384756
Skywork,hzihv2gn,finished,79,,0.02543390499583135,0.025461303011582843,0.19316613674163818,0.7335318031148762,0.8484406525614575
Skywork,hzihv2gn,finished,80,0.4378681392235609,0.024760827674375225,0.025333943859363276,0.1885240375995636,0.7176923409071474,0.8246682322606738
Skywork,hzihv2gn,finished,81,,0.02470483291350926,0.025219560051026182,0.1727573424577713,0.6040336212262253,0.7845528484362285
Skywork,hzihv2gn,finished,82,,0.025495023544256885,0.025269644322522673,0.1653142124414444,0.5359632005770634,0.739354730643653
Skywork,hzihv2gn,finished,83,,0.023557806212920696,0.024958401029867766,0.15138830244541168,0.486429379505071,0.6933683031639107
Skywork,hzihv2gn,finished,84,,0.02530966621513168,0.025022267427188476,0.16235339641571045,0.5207224999268858,0.6619781571208152
Skywork,hzihv2gn,finished,85,,0.025478329703522224,0.02510518784106734,0.16431491076946259,0.5298500768173188,0.6379548697929067
Skywork,hzihv2gn,finished,86,,0.02511398317680384,0.02510678699301943,0.15387755632400513,0.4714167038647515,0.6076752032605148
Skywork,hzihv2gn,finished,87,,0.025792179939647514,0.025231403892406353,0.1663663387298584,0.53655330272863,0.5947439486183539
Skywork,hzihv2gn,finished,88,,0.029397842450998725,0.025988938175786784,0.16603457927703857,0.46886912809423986,0.5718576176139695
Skywork,hzihv2gn,finished,89,,0.02854619426652789,0.0264538938286488,0.1477334052324295,0.38227791098515235,0.5373885800450936
Skywork,hzihv2gn,finished,90,0.451372155287818,0.02148855707075979,0.025551105327214434,0.17946769297122955,0.7494373101543176,0.575942894610407
Skywork,hzihv2gn,finished,91,,0.023968768849348027,0.025263407785784175,0.15749305486679077,0.5174246221651193,0.5653032087112638
Skywork,hzihv2gn,finished,92,,0.019948568777181208,0.024297073420583636,0.14337648451328278,0.5152453928149013,0.5562017876391979
Skywork,hzihv2gn,finished,93,,0.02452742822545891,0.02433895611237914,0.17286504805088043,0.6091613960287943,0.5658308073463972
Skywork,hzihv2gn,finished,94,,0.020720893483875052,0.023681126543560214,0.14316199719905853,0.4945577626267101,0.5528720719428177
Skywork,hzihv2gn,finished,95,,0.023827861819881946,0.023707805684709617,0.13586130738258362,0.38732587470990126,0.5227727633550147
Skywork,hzihv2gn,finished,96,,0.023516042332630605,0.02367293962069525,0.13937947154045105,0.4130507338800631,0.502823303450478
Skywork,hzihv2gn,finished,97,,0.01995957306852298,0.022997782065754837,0.14341095089912415,0.5152089367639201,0.5050752367801947
Skywork,hzihv2gn,finished,98,,0.021705828540559326,0.022762881424810196,0.14608575403690338,0.4915971646199299,0.5026246782056011
Skywork,hzihv2gn,finished,99,,0.020486748927006766,0.0223490391524823,0.1365605592727661,0.4551426489223677,0.4939915819722859
Skywork,hzihv2gn,finished,100,0.47429718875502,0.021201360671381866,0.022140370337736765,0.13959546387195587,0.4595670493906186,0.48773257604834636
Skywork,hzihv2gn,finished,101,,0.02680139746516943,0.022987829815451794,0.1778056025505066,0.5897982062210513,0.5062899633524744
Skywork,hzihv2gn,finished,102,,0.029229928110726177,0.024122756778228952,0.19478479027748108,0.6490114238344545,0.5322393198037435
Skywork,hzihv2gn,finished,103,,0.03509264666354284,0.026117282211922384,0.17404866218566895,0.43161373804404346,0.513943759483798
Skywork,hzihv2gn,finished,104,,0.02752145437989384,0.026372586242462647,0.17354309558868408,0.5471586931922039,0.5199828383398718
Skywork,hzihv2gn,finished,105,,0.028392439638264478,0.026739832314426615,0.16732729971408844,0.49306127945192346,0.5150880094511538
Skywork,hzihv2gn,finished,106,,0.028718054643832147,0.027099509101591257,0.1596326231956482,0.44366818547364173,0.5021025869097879
Skywork,hzihv2gn,finished,107,,0.028291056072339414,0.027316154005363646,0.17069952189922333,0.5149741795095518,0.5044428764733814
Skywork,hzihv2gn,finished,108,,0.028273590630851685,0.027490233391816016,0.15221551060676575,0.40973857851637996,0.48722391320847197
Skywork,hzihv2gn,finished,109,,0.02699882201850414,0.027400885869395673,0.14827404916286469,0.40715097940353945,0.4726651979712115
Skywork,hzihv2gn,finished,110,0.4276773761713521,0.02826965288259089,0.02755884350815844,0.16130883991718292,0.46022039859306874,0.4704025071751855
Skywork,hzihv2gn,finished,111,,0.027040307503193618,0.02746456423452847,0.1567097157239914,0.4540986636227003,0.46743817198382454
Skywork,hzihv2gn,finished,112,,0.02812735182233155,0.027585071068674482,0.17294467985630035,0.5316864253614423,0.4791196725979368
Skywork,hzihv2gn,finished,113,,0.030573274381458758,0.028128380761907986,0.22726945579051971,0.8447149770559598,0.5455915461357591
Skywork,hzihv2gn,finished,114,,0.0254624952794984,0.027643674310560785,0.20161204040050507,0.7981820789414718,0.5915170975549796
Skywork,hzihv2gn,finished,115,,0.020569861700226153,0.026357526563227214,0.15348906815052032,0.5726556256198858,0.5880877390213262
Skywork,hzihv2gn,finished,116,,0.02087428607046604,0.025360573746361546,0.1758386343717575,0.7406055764817425,0.61581825492322
Skywork,hzihv2gn,finished,117,,0.021385822844292437,0.024637891764167162,0.14278823137283325,0.47668212644955926,0.5905207770189179
Skywork,hzihv2gn,finished,118,,0.021515455047067786,0.024070175997421818,0.16114701330661774,0.6034815401494914,0.5928772794062949
Skywork,hzihv2gn,finished,119,,0.02825117753818631,0.024830358095742633,0.1993194818496704,0.7031256624811753,0.612922439965364
Skywork,hzihv2gn,finished,120,0.45399933065595716,0.023500876016138744,0.024588634081269198,0.17524570226669312,0.6534023698064758,0.6202824272092025
Skywork,hzihv2gn,finished,121,,0.024390167420885216,0.024552549233926656,0.1888708621263504,0.7312824456015189,0.6404642487350781
Skywork,hzihv2gn,finished,122,,0.021601811051368713,0.024016051382552483,0.18602655827999115,0.8009948865677695,0.6696516374319311
Skywork,hzihv2gn,finished,123,,0.021957947606486932,0.023641850695995108,0.14879301190376282,0.5041309139669496,0.6395569604382981
Skywork,hzihv2gn,finished,124,,0.021246513651151742,0.02320633486965995,0.14665405452251434,0.5061397851201513,0.615299292198635
Skywork,hzihv2gn,finished,125,,0.017376072297338396,0.022146287129237847,0.16825222969055176,0.8145918223469416,0.6515342976801453
Skywork,hzihv2gn,finished,126,,0.028604320157319306,0.023320474952525382,0.15450479090213776,0.4172749130275167,0.6089416822887582
Skywork,hzihv2gn,finished,127,,0.031745235435664654,0.02485224958582343,0.19090484082698822,0.5740177659894344,0.6025918793252448
Skywork,hzihv2gn,finished,128,,0.03021111637353897,0.02582658900177171,0.14972907304763794,0.3710355327243197,0.5604907253978039
Skywork,hzihv2gn,finished,129,,0.02851686084177345,0.026315729336317477,0.1521005779504776,0.40562995242064276,0.5323342212201382
Skywork,hzihv2gn,finished,130,0.4628681392235609,0.02956897837575525,0.026907229161669797,0.14632761478424072,0.3620647723494141,0.5013761396072792
Skywork,hzihv2gn,finished,131,,0.02414406092915063,0.0264048349375754,0.13557168841362,0.38062533790926467,0.4794214483894584
Skywork,hzihv2gn,finished,132,,0.024470307126951713,0.026053102608371095,0.14456817507743835,0.42704730138432867,0.4698988762067075
Skywork,hzihv2gn,finished,133,,0.02762749921530485,0.026339356536904505,0.14727471768856049,0.3925408213970672,0.4558337753322274
Skywork,hzihv2gn,finished,134,,0.02408502237328018,0.025929477598063716,0.1363106518983841,0.38572922069559035,0.44308749267102066
Skywork,hzihv2gn,finished,135,,0.035944127244874835,0.027750322988393007,0.14970967173576355,0.3117753514856294,0.4192125579100404
Skywork,hzihv2gn,finished,136,,0.03522914100904018,0.029110108083056127,0.15546995401382446,0.3430527385674572,0.4053653180295707
Skywork,hzihv2gn,finished,137,,0.027002461766824127,0.028726899661923034,0.14113496243953705,0.3688381784375414,0.398724019921929
Skywork,hzihv2gn,finished,138,,0.03482318203896284,0.029835314639566634,0.15152598917484283,0.3296672511105539,0.38616824377440623
Skywork,hzihv2gn,finished,139,,0.03607906569959596,0.03097054210502651,0.15193144977092743,0.31989693998304325,0.3741189158123402
Skywork,hzihv2gn,finished,140,0.45036813922356095,0.03398671862669289,0.031518937836238575,0.14946864545345306,0.32867068190783966,0.3658556005569764
Skywork,hzihv2gn,finished,141,,0.027503921277821065,0.030788934825617207,0.13778255879878998,0.3451150350050374,0.362084588638442
Skywork,hzihv2gn,finished,142,,0.03618123184423894,0.03176935246536661,0.1658608466386795,0.3801669960565466,0.3653722990780974
Skywork,hzihv2gn,finished,143,,0.03515027608955279,0.032384065851582274,0.16887159645557404,0.4056528036479652,0.3726960271817097
Skywork,hzihv2gn,finished,144,,0.027796235820278525,0.031549914936799775,0.1283951699733734,0.2965387072386383,0.35884924173751487
Skywork,hzihv2gn,finished,145,,0.03610443917568773,0.03237801025296122,0.14787587523460388,0.30283359852221825,0.34866457933473366
Skywork,hzihv2gn,finished,146,,0.033878570509841666,0.03265083939057584,0.15425828099250793,0.35118980666334415,0.3491237115762992
Skywork,hzihv2gn,finished,147,,0.03477798664243892,0.033037593436369125,0.14477087557315826,0.3013200078213194,0.3404321290753938
Skywork,hzihv2gn,finished,148,,0.03556015467620455,0.03349624093452102,0.14948585629463196,0.3142002816862385,0.3356627022773655
Skywork,hzihv2gn,finished,149,,0.034703908168012276,0.03371581679515579,0.15269586443901062,0.335927972490831,0.3357109332252683
Skywork,hzihv2gn,finished,150,0.4666164658634538,0.03733415773604065,0.03437369696622576,0.14750312268733978,0.29138425133819285,0.3276515365185273
Skywork,hzihv2gn,finished,151,,0.03414182111737318,0.034331537720979834,0.15556493401527405,0.3544106304695927,0.3325168263278119
Skywork,hzihv2gn,finished,152,,0.03372814611066133,0.03422183015546738,0.1433791220188141,0.304753966663881,0.3274690336616426
Skywork,hzihv2gn,finished,153,,0.03576809779042378,0.03450296972545945,0.15825243294239044,0.35008616727293207,0.33158123977278614
Skywork,hzihv2gn,finished,154,,0.03767712088301778,0.03508008811774278,0.14174655079841614,0.26663508506436967,0.3197728480076195
Skywork,hzihv2gn,finished,155,,0.03595178615069017,0.03523857866918776,0.15707343816757202,0.3431271102132493,0.32401907749955217
Skywork,hzihv2gn,finished,156,,0.033497053271275945,0.03492193768774925,0.1369597166776657,0.2799942406950704,0.3160145617169191
Skywork,hzihv2gn,finished,157,,0.036363355844514444,0.03518401371625201,0.15846599638462067,0.3452854037666985,0.3213365329986972
Skywork,hzihv2gn,finished,158,,0.035335189575562254,0.0352115002361266,0.14310073852539062,0.28976526817157133,0.3155963030301288
Skywork,hzihv2gn,finished,159,,0.03485377453034744,0.035146459198712204,0.14313766360282898,0.2939192529038317,0.31165502118898386
Skywork,hzihv2gn,finished,160,0.4473226238286479,0.0349264022661373,0.03510644884733495,0.13659091293811798,0.267091316121005,0.30355252935844224
Skywork,hzihv2gn,finished,161,,0.028538052923977375,0.033912195043088116,0.12973392009735107,0.29488504469211235,0.3019766230554731
Skywork,hzihv2gn,finished,162,,0.027434101630933582,0.03273435987724183,0.12416430562734604,0.28097830574735616,0.29815874718127
Skywork,hzihv2gn,finished,163,,0.02775521813891828,0.03182906137936482,0.14040711522102356,0.3551432726274749,0.3085195699896709
Skywork,hzihv2gn,finished,164,,0.03655309963505715,0.03268797742585434,0.16079923510551453,0.3536826461868684,0.31673103838916133
Skywork,hzihv2gn,finished,165,,0.033734917058609426,0.03287833008635526,0.1413237452507019,0.29601971359505935,0.31296534297205186
Skywork,hzihv2gn,finished,166,,0.034566413989523426,0.03318525443238583,0.14511330425739288,0.30460016880664875,0.3114444022147058
Skywork,hzihv2gn,finished,167,,0.035666273353854194,0.033636348781743715,0.15466740727424622,0.3353589346944271,0.3157924990292006
Skywork,hzihv2gn,finished,168,,0.03298550783074461,0.03351801406338024,0.14163842797279358,0.3040948222101598,0.3136656486984659
Skywork,hzihv2gn,finished,169,,0.03434141635079868,0.03366772357018359,0.1560753434896469,0.3546666887087308,0.3211203832457868
Skywork,hzihv2gn,finished,170,0.4628681392235609,0.035454064956866205,0.03399251291321679,0.14440464973449707,0.2940805643910283,0.3162040525449216
Skywork,hzihv2gn,finished,171,,0.034059728553984314,0.034004733938810885,0.13516321778297424,0.26819202937115894,0.3074745937860557
Skywork,hzihv2gn,finished,172,,0.03493107817484997,0.03417316016354526,0.15013381838798523,0.3226376711152481,0.31023151693681794
Skywork,hzihv2gn,finished,173,,0.03477395701338537,0.03428239595442528,0.15948787331581116,0.3657389598343543,0.32032377928182454
Skywork,hzihv2gn,finished,174,,0.03503417404135689,0.03441908287932194,0.1532902717590332,0.3353569487355348,0.32305708281886275
Skywork,hzihv2gn,finished,175,,0.0352864739834331,0.03457679035279669,0.13943198323249817,0.2754777646142156,0.3144062976907451
Skywork,hzihv2gn,finished,176,,0.036977170675527304,0.03501322313874771,0.15242044627666473,0.31413967075844085,0.3143578200666897
Skywork,hzihv2gn,finished,177,,0.033626731112599374,0.03476113367944801,0.1751350313425064,0.45606989125161074,0.3401236511912208
Skywork,hzihv2gn,finished,178,,0.039591878606006506,0.03563945093882228,0.6594845056533813,5.492538223873303,1.276926300769781
Skywork,hzihv2gn,finished,179,,0.03413727907463908,0.03536632878169806,0.5314304828643799,4.136509495967406,1.7968505180784402
Skywork,hzihv2gn,finished,180,0.4639558232931727,0.03183756042271853,0.03472473453461087,0.42132535576820374,2.787824397602602,1.9770275870828333
Skywork,hzihv2gn,finished,181,,0.0427178333629854,0.036178025230678965,0.3280671536922455,1.2597555734766046,1.8466144936998825
Skywork,hzihv2gn,finished,182,,0.03719445951282978,0.03636283146379729,0.29122698307037354,1.1401315784548014,1.718163054564413
Skywork,hzihv2gn,finished,183,,0.0354945485945791,0.036204961851212164,0.3290504217147827,1.5252226654209726,1.6830829838110601
Skywork,hzihv2gn,finished,184,,0.03657392035238445,0.036272045215061666,0.32758432626724243,1.4670493316280069,1.6438041379595958
Skywork,hzihv2gn,finished,185,,0.03959069843403995,0.03687543670942135,0.3690831661224365,1.720383687369336,1.6577276923977302
Skywork,hzihv2gn,finished,186,,0.04227434523636475,0.03785705644159288,0.4025486409664154,1.9165927637421476,1.704794069005806
Skywork,hzihv2gn,finished,187,,0.02937238693702966,0.03631438925894502,0.37591180205345154,2.4054851794309697,1.8321924527194722
Skywork,hzihv2gn,finished,188,,0.03371790680103004,0.03584230153932411,0.31957778334617615,1.5144765689508277,1.7744259283979003
Skywork,hzihv2gn,finished,189,,0.031335032032802704,0.03502279799268385,0.28041908144950867,1.2547435911134255,1.6799382307098139
Skywork,hzihv2gn,finished,190,0.4532295850066934,0.03501940546557307,0.0350221811695728,0.2054678052663803,0.6027660726919815,1.4840887474338442
Skywork,hzihv2gn,finished,191,,0.040557309112045914,0.03602856806820427,0.19637005031108856,0.4753914584501663,1.3006892403459027
Skywork,hzihv2gn,finished,192,,0.04184514988446608,0.03708612839843369,0.19974350929260254,0.47672752534858154,1.1508780194372987
Skywork,hzihv2gn,finished,193,,0.04844306758604944,0.039151026432545644,0.26914677023887634,0.7476816347493201,1.0775695858576662
Skywork,hzihv2gn,finished,194,,0.046210174390580505,0.04043450787946107,0.2762342691421509,0.8256338831741388,1.031763094460661
Skywork,hzihv2gn,finished,195,,0.03526856596581638,0.03949524571334385,0.2949182391166687,1.2330635706591775,1.0683631810422094
Skywork,hzihv2gn,finished,196,,0.049701382173225284,0.041350906887867744,0.28702512383461,0.8287840107257028,1.0248033318937535
Skywork,hzihv2gn,finished,197,,0.045638861018233,0.04213053491157052,0.2720330059528351,0.810734039771183,0.9858816424169224
Skywork,hzihv2gn,finished,198,,0.047224989044480026,0.04305679929937224,0.2592058777809143,0.7113573601138573,0.9359681365436379
Skywork,hzihv2gn,finished,199,,0.04682389152003452,0.04374172515767447,0.2192239910364151,0.5131905602652778,0.8590994863112087
Skywork,hzihv2gn,finished,200,0.46121151271753685,0.04000884696142748,0.04306302003108411,0.18689779937267303,0.43653829169364344,0.7822701781989241
R1-Distill-7B,g2mzepcb,finished,1,,0.02283515818029021,0.02283515818029021,0.6848456263542175,10.269548567027703,10.269548567027703
R1-Distill-7B,g2mzepcb,finished,2,,0.02219650977834438,0.022719040289027333,0.6586610674858093,9.7725815038905,10.179190919184574
R1-Distill-7B,g2mzepcb,finished,3,,0.026445422088727355,0.023396564252609154,0.6666011214256287,8.401398427202977,9.855955920642465
R1-Distill-7B,g2mzepcb,finished,4,,0.02102955343434587,0.022966198649288557,0.6543550491333008,10.18044752265,9.914954393734744
R1-Distill-7B,g2mzepcb,finished,5,,0.02647898586001247,0.02360488723305654,0.6796953082084656,8.72362926667584,9.698349825178578
R1-Distill-7B,g2mzepcb,finished,6,,0.021130047757954646,0.02315491641940165,0.6271910667419434,9.308276032003022,9.627427317328477
R1-Distill-7B,g2mzepcb,finished,7,,0.025360015616752208,0.02355584354619266,0.6370691061019897,8.001908438918488,9.331878430344842
R1-Distill-7B,g2mzepcb,finished,8,,0.024728700658306478,0.02376909029384972,0.637884259223938,8.227208007975014,9.131029262641237
R1-Distill-7B,g2mzepcb,finished,9,,0.020115189836360514,0.023104744756124406,0.5564961433410645,7.697863158956672,8.87045360742586
R1-Distill-7B,g2mzepcb,finished,10,0.39098058902275773,0.02009757955480988,0.022557987446794492,0.5660228729248047,7.970658650717314,8.706854524387943
R1-Distill-7B,g2mzepcb,finished,11,,0.020171579749633867,0.02212409513821983,0.5501962304115295,7.503524654893513,8.488067275388955
R1-Distill-7B,g2mzepcb,finished,12,,0.026331687695346773,0.022889111966788365,0.5639638304710388,6.039400242009023,8.042855087501694
R1-Distill-7B,g2mzepcb,finished,13,,0.025339023279957473,0.023334550387364567,0.541532576084137,5.786677878627644,7.632641049524594
R1-Distill-7B,g2mzepcb,finished,14,,0.021868998572851222,0.02306808642108941,0.5651596784591675,7.302699780514603,7.572651727886413
R1-Distill-7B,g2mzepcb,finished,15,,0.02478510420769453,0.023380271473199432,0.5330504775047302,5.732128644426051,7.238011167257255
R1-Distill-7B,g2mzepcb,finished,16,,0.02546532521955669,0.023759372154355297,0.5360366106033325,5.641696020564523,6.947772049676758
R1-Distill-7B,g2mzepcb,finished,17,,0.023163667041808368,0.023651062133892217,0.30985140800476074,2.0723811749937298,6.061337345188934
R1-Distill-7B,g2mzepcb,finished,18,,0.02373119054827839,0.023665630936507885,0.36190661787986755,2.7595834224749067,5.46101845015002
R1-Distill-7B,g2mzepcb,finished,19,,0.022697890317067503,0.023489678096609633,0.31839028000831604,2.2330791317541023,4.874120392259853
R1-Distill-7B,g2mzepcb,finished,20,0.38055555555555554,0.02062990330159664,0.022969719042970908,0.3481873869895935,2.938318582648375,4.522156426875948
R1-Distill-7B,g2mzepcb,finished,21,,0.023280136683024467,0.023026158613889736,0.34083467721939087,2.4950084867833824,4.153584074131845
R1-Distill-7B,g2mzepcb,finished,22,,0.019342121377121657,0.022356333661750084,0.3568250238895416,3.2913684903346243,3.996817604350532
R1-Distill-7B,g2mzepcb,finished,23,,0.02367101174313575,0.02259536604018384,0.3113652467727661,2.0478279076089585,3.6424558413066093
R1-Distill-7B,g2mzepcb,finished,24,,0.024614905240014195,0.02296255498560754,0.33130666613578796,2.2296268451112504,3.385577841998362
R1-Distill-7B,g2mzepcb,finished,25,,0.019472442295712728,0.0223279890419903,0.3242185413837433,2.6991391470228145,3.2607708065482623
R1-Distill-7B,g2mzepcb,finished,26,,0.024719388131052254,0.022762788876365198,0.31988927721977234,2.06981558640692,3.044233493795291
R1-Distill-7B,g2mzepcb,finished,27,,0.024193432996980846,0.023022905989204406,0.3088212311267853,1.9710008250289417,2.8491002812923183
R1-Distill-7B,g2mzepcb,finished,28,,0.023152555339038372,0.023046478598265127,0.2933747470378876,1.858730946523662,2.669033129516199
R1-Distill-7B,g2mzepcb,finished,29,,0.01954159668336312,0.022409227341010217,0.28003063797950745,2.006416350665219,2.5485573515432933
R1-Distill-7B,g2mzepcb,finished,30,0.3724564926372156,0.023862271476536988,0.022673417183833266,0.2680569887161255,1.5056100017596674,2.358930560673543
R1-Distill-7B,g2mzepcb,finished,31,,0.02335038254968822,0.022796501795806893,0.2701564431190491,1.5628117355985351,2.214181683387178
R1-Distill-7B,g2mzepcb,finished,32,,0.02011550811585039,0.022309048399451165,0.22369983792304993,1.2438566602095322,2.037758951900333
R1-Distill-7B,g2mzepcb,finished,33,,0.019490401532190543,0.02179656715085832,0.19747169315814972,1.0003659887237775,1.8491420495045956
R1-Distill-7B,g2mzepcb,finished,34,,0.023229353432543575,0.022057073747528366,0.18192318081855774,0.7123754824956765,1.6424572191393374
R1-Distill-7B,g2mzepcb,finished,35,,0.019213987281545997,0.02154014893553157,0.18537598848342896,0.8942510631099826,1.5064197362249092
R1-Distill-7B,g2mzepcb,finished,36,,0.023485430981963873,0.021893836580337445,0.1643216758966446,0.5748587962941443,1.337045019873861
R1-Distill-7B,g2mzepcb,finished,37,,0.02311681432183832,0.02211619616970124,0.1694943606853485,0.6213732113813694,1.2069228728752261
R1-Distill-7B,g2mzepcb,finished,38,,0.022179735312238335,0.02212774874107162,0.16857948899269104,0.640653364635866,1.1039647804680697
R1-Distill-7B,g2mzepcb,finished,39,,0.02246518440078944,0.022189100679202132,0.17679893970489502,0.6956957157154847,1.029734041422145
R1-Distill-7B,g2mzepcb,finished,40,0.41370481927710845,0.024102162779308857,0.022536930151948808,0.1773766428232193,0.652689837574363,0.9611805498134574
R1-Distill-7B,g2mzepcb,finished,41,,0.02185140100773424,0.02241228848936434,0.1834806203842163,0.7703198995034968,0.9264786133934645
R1-Distill-7B,g2mzepcb,finished,42,,0.021879578265361486,0.022315432085000184,0.1804209053516388,0.7438832388154168,0.8932794543792739
R1-Distill-7B,g2mzepcb,finished,43,,0.02222641808912158,0.022299247722113162,0.16728945076465607,0.6295607376979365,0.8453305968008489
R1-Distill-7B,g2mzepcb,finished,44,,0.022066301316954195,0.022256893830266074,0.171100452542305,0.6633500657785459,0.8122432275240665
R1-Distill-7B,g2mzepcb,finished,45,,0.01935501433520888,0.02172927937661931,0.1732991486787796,0.775834995848006,0.80562354903751
R1-Distill-7B,g2mzepcb,finished,46,,0.020898463600315154,0.021578221962745826,0.16185574233531952,0.6267752938192614,0.7731056844523738
R1-Distill-7B,g2mzepcb,finished,47,,0.01836273182804386,0.020993587392800012,0.16107895970344543,0.70649703709985,0.7609950212973694
R1-Distill-7B,g2mzepcb,finished,48,,0.02263023559935391,0.02129115979399163,0.14708159863948822,0.4779666690470762,0.7095353208882251
R1-Distill-7B,g2mzepcb,finished,49,,0.021516095264814794,0.021332057152323114,0.15436211228370667,0.5537171455931637,0.6812047435618502
R1-Distill-7B,g2mzepcb,finished,50,0.40274431057563587,0.021345554781146348,0.02133451126665461,0.14111365377902985,0.466445203393268,0.6421575544402898
R1-Distill-7B,g2mzepcb,finished,51,,0.021257870853878556,0.02132057664614987,0.1315997987985611,0.40734340618740644,0.5994640729397654
R1-Distill-7B,g2mzepcb,finished,52,,0.018221189655984443,0.020757051738847065,0.1573489010334015,0.6793924305674411,0.6139965015993428
R1-Distill-7B,g2mzepcb,finished,53,,0.017553097122193623,0.020174514535819164,0.1296679526567459,0.47894049207228645,0.5894408635035143
R1-Distill-7B,g2mzepcb,finished,54,,0.020799898682162164,0.020288220744245165,0.13452406227588654,0.43501950677111256,0.5613642531885321
R1-Distill-7B,g2mzepcb,finished,55,,0.021778905019164085,0.020559254248775877,0.1301804929971695,0.38906824613252644,0.5300377064510765
R1-Distill-7B,g2mzepcb,finished,56,,0.01713598515683164,0.019936841686604197,0.12920624017715454,0.4871109640889543,0.5222328442034179
R1-Distill-7B,g2mzepcb,finished,57,,0.022826403263024986,0.020462216518680704,0.13243316113948822,0.38417226681102234,0.49713092104116413
R1-Distill-7B,g2mzepcb,finished,58,,0.022079231799580157,0.02075621929702606,0.13015665113925934,0.3836354903459321,0.47649538818748555
R1-Distill-7B,g2mzepcb,finished,59,,0.021813258784823118,0.020948408294807343,0.1214182898402214,0.337922940656195,0.4513003977272509
R1-Distill-7B,g2mzepcb,finished,60,0.41755354752342705,0.016724816290661693,0.02018048247587177,0.1137244924902916,0.3866487968359832,0.43954556120156585
R1-Distill-7B,g2mzepcb,finished,61,,0.021635883208364248,0.0204451007908704,0.11956299096345901,0.33036111053238026,0.41969384289807754
R1-Distill-7B,g2mzepcb,finished,62,,0.02051262410823256,0.02045737775766352,0.12740793824195862,0.39567786747849243,0.4153273019126984
R1-Distill-7B,g2mzepcb,finished,63,,0.020747297303751112,0.020510090402406717,0.11745443195104599,0.33246604082857234,0.4002616180792209
R1-Distill-7B,g2mzepcb,finished,64,,0.02110291363205761,0.020617876444161423,0.11993694305419922,0.34082664033970295,0.3894552584902176
R1-Distill-7B,g2mzepcb,finished,65,,0.021407781983725727,0.020761495633173113,0.12687107920646667,0.375944382076807,0.38699873550596114
R1-Distill-7B,g2mzepcb,finished,66,,0.017945937482484926,0.020249575969411623,0.11637729406356812,0.3773465327954227,0.3852437895585905
R1-Distill-7B,g2mzepcb,finished,67,,0.017282527056522667,0.019710112530704538,0.11071515828371048,0.35463119003655147,0.3796778623727652
R1-Distill-7B,g2mzepcb,finished,68,,0.021043901867233216,0.01995261968280066,0.10782838612794876,0.276254872511594,0.36087368239800677
R1-Distill-7B,g2mzepcb,finished,69,,0.017635094583965838,0.01953125148301251,0.12337319552898407,0.43155270028639675,0.37372441292316855
R1-Distill-7B,g2mzepcb,finished,70,0.40301204819277103,0.019928226131014526,0.01960342869174015,0.10589411109685898,0.28134874351767103,0.35692883666762354
R1-Distill-7B,g2mzepcb,finished,71,,0.021634773095138372,0.019972764037812552,0.11018173396587372,0.28056717873446513,0.3430448988615947
R1-Distill-7B,g2mzepcb,finished,72,,0.021234742063097656,0.02020221458786439,0.09913564473390579,0.23141029986623543,0.32274769904425665
R1-Distill-7B,g2mzepcb,finished,73,,0.021521450323052704,0.0204420756306259,0.09827885776758194,0.224397838879721,0.30486590628706833
R1-Distill-7B,g2mzepcb,finished,74,,0.0208323213737458,0.020513029402102242,0.09544319659471512,0.21863631068253592,0.28918779799533517
R1-Distill-7B,g2mzepcb,finished,75,,0.021841007587499916,0.020754479981265454,0.10601862519979477,0.25731296608512294,0.28339237401166023
R1-Distill-7B,g2mzepcb,finished,76,,0.021672195522114635,0.02092133735232894,0.10111057758331299,0.2358632490372075,0.2747507149253961
R1-Distill-7B,g2mzepcb,finished,77,,0.02059728403110057,0.020862418566651053,0.10262291878461838,0.25565175107486376,0.2712781760434811
R1-Distill-7B,g2mzepcb,finished,78,,0.021881556953303516,0.021047716455133317,0.100570909678936,0.23111947415884612,0.26397659388263833
R1-Distill-7B,g2mzepcb,finished,79,,0.01779085025191307,0.020455558963638727,0.09661854803562164,0.26235800122897185,0.2636823043092444
R1-Distill-7B,g2mzepcb,finished,80,0.4057898259705488,0.017506259260699153,0.01991932265401335,0.10487097501754761,0.31411397596004376,0.27285169915484425
R1-Distill-7B,g2mzepcb,finished,81,,0.021067324769683184,0.020128050311407863,0.09763998538255692,0.22626429434517367,0.2643812619167223
R1-Distill-7B,g2mzepcb,finished,82,,0.022445603110827505,0.02054942354766598,0.10372214019298553,0.239652334425883,0.2598850932820242
R1-Distill-7B,g2mzepcb,finished,83,,0.020019802381284535,0.020453128790142078,0.0865338146686554,0.18701735757665203,0.2466364140628656
R1-Distill-7B,g2mzepcb,finished,84,,0.02104912484064698,0.020561491708415695,0.09156632423400879,0.19916247818381785,0.23800478935758418
R1-Distill-7B,g2mzepcb,finished,85,,0.021856952272355557,0.020797029992768397,0.10544916987419128,0.25437049247757915,0.2409803717430378
R1-Distill-7B,g2mzepcb,finished,86,,0.02252576225437224,0.02111134494942364,0.10950692743062973,0.26617894257872693,0.24556193007679944
R1-Distill-7B,g2mzepcb,finished,87,,0.022509398590773343,0.02136553652057813,0.10285888612270355,0.2350118420920416,0.2436437322613889
R1-Distill-7B,g2mzepcb,finished,88,,0.022057270514778793,0.02149130633770552,0.11621976643800735,0.30618099600888987,0.2550141438518436
R1-Distill-7B,g2mzepcb,finished,89,,0.02009738520719111,0.021237866132157446,0.0938635841012001,0.2191920075545598,0.24850102816142836
R1-Distill-7B,g2mzepcb,finished,90,0.38746653279785814,0.017351389047689736,0.020531233934981498,0.10135897248983383,0.2960466529785632,0.2571456872190892
R1-Distill-7B,g2mzepcb,finished,91,,0.020115045318379998,0.02045556327741759,0.09516922384500504,0.22513449569474078,0.25132547057829857
R1-Distill-7B,g2mzepcb,finished,92,,0.017175264559530962,0.019859145328710928,0.09431734681129456,0.25897015672418117,0.2527154135139136
R1-Distill-7B,g2mzepcb,finished,93,,0.016899138669638585,0.019320962299788684,0.09340731054544449,0.2581470521633308,0.25370298417744397
R1-Distill-7B,g2mzepcb,finished,94,,0.016860964222966384,0.01887368992218463,0.08928068727254868,0.2363756014914393,0.25055255096180673
R1-Distill-7B,g2mzepcb,finished,95,,0.019499533507041634,0.0189874796648859,0.09136418253183365,0.21404137300761106,0.24391415497013477
R1-Distill-7B,g2mzepcb,finished,96,,0.0162676406907849,0.01849296348777663,0.08878442645072937,0.24228081164376394,0.24361718345624916
R1-Distill-7B,g2mzepcb,finished,97,,0.01699012517929077,0.018219720158961016,0.09118964523077011,0.2447171904139212,0.24381718472128044
R1-Distill-7B,g2mzepcb,finished,98,,0.01757293943470965,0.018102123663642587,0.08933333307504654,0.2270662921234003,0.2407715678853022
R1-Distill-7B,g2mzepcb,finished,99,,0.01658534479793161,0.017826345688058774,0.08912204205989838,0.2394505051808404,0.24053137466630914
R1-Distill-7B,g2mzepcb,finished,100,0.3898929049531459,0.01692673199189206,0.017662779561483006,0.0886618047952652,0.2322041736502683,0.23901733811793807
R1-Distill-7B,g2mzepcb,finished,101,,0.023230631137266755,0.018675116211625504,0.1159180998802185,0.2892087993744726,0.24814305834639888
R1-Distill-7B,g2mzepcb,finished,102,,0.023465724487323314,0.019546135898116015,0.10841718316078186,0.2504564819822298,0.24856368082564084
R1-Distill-7B,g2mzepcb,finished,103,,0.023399082652758807,0.02024667167168743,0.10275985300540924,0.2256410549592275,0.24439593066811113
R1-Distill-7B,g2mzepcb,finished,104,,0.023116367869079113,0.020768434616667733,0.1131681278347969,0.2770120554873988,0.2503261351807089
R1-Distill-7B,g2mzepcb,finished,105,,0.023799715068889782,0.02131957651707174,0.1088007315993309,0.24869203606608234,0.2500290262507768
R1-Distill-7B,g2mzepcb,finished,106,,0.024202082480769604,0.02184366851047135,0.09630213677883148,0.1915971808528821,0.23940505436025045
R1-Distill-7B,g2mzepcb,finished,107,,0.02347460074815899,0.022140201644596375,0.09925572574138641,0.20983741530134314,0.23402911998590364
R1-Distill-7B,g2mzepcb,finished,108,,0.023184549354482442,0.02233008304639384,0.10026835650205612,0.2168198993628413,0.2309001707817105
R1-Distill-7B,g2mzepcb,finished,109,,0.022412025893572718,0.02234498174588091,0.09209657460451126,0.18922383666165357,0.22332265548715466
R1-Distill-7B,g2mzepcb,finished,110,0.3937583668005355,0.024446936819003895,0.02272715539553963,0.09702730923891068,0.19254556936607636,0.21772682164695858
R1-Distill-7B,g2mzepcb,finished,111,,0.022680974419927225,0.022718758854519194,0.08737459033727646,0.16829786267691096,0.20873973819785901
R1-Distill-7B,g2mzepcb,finished,112,,0.019451066944748165,0.02212463305274264,0.08557227998971939,0.1882317078913775,0.20501100541486236
R1-Distill-7B,g2mzepcb,finished,113,,0.022200064011849464,0.022138347772580245,0.11121003329753876,0.27855035686920393,0.218381796588379
R1-Distill-7B,g2mzepcb,finished,114,,0.021691995766013862,0.022057192862295447,0.12952470779418945,0.3867013923046937,0.24898535944589076
R1-Distill-7B,g2mzepcb,finished,115,,0.01762951772737627,0.02125216101958287,0.10068747401237488,0.287528212052272,0.25599315082886914
R1-Distill-7B,g2mzepcb,finished,116,,0.017817401385400444,0.020627659267913337,0.1222287267446518,0.4192491744015056,0.2856760642057121
R1-Distill-7B,g2mzepcb,finished,117,,0.01816991311109935,0.020180796330310793,0.10399273037910461,0.2975932770172402,0.28784283017144446
R1-Distill-7B,g2mzepcb,finished,118,,0.018278201556919765,0.01983487000787606,0.1080981120467186,0.31964856585250706,0.29362569120436494
R1-Distill-7B,g2mzepcb,finished,119,,0.02024838123470545,0.019910053867299583,0.09973254054784775,0.245614193273875,0.28489632794427583
R1-Distill-7B,g2mzepcb,finished,120,0.380053547523427,0.016960408169931423,0.01937375464959628,0.09270875155925751,0.253381655959017,0.2791663875833197
R1-Distill-7B,g2mzepcb,finished,121,,0.017449876002501696,0.019023958531942716,0.09726543724536896,0.271078295375179,0.2776958253636577
R1-Distill-7B,g2mzepcb,finished,122,,0.017931434384081513,0.018825317777786132,0.09585562348365784,0.25620651300482733,0.27378867766205217
R1-Distill-7B,g2mzepcb,finished,123,,0.01887229746595646,0.018833859539271646,0.09971082210540771,0.26340852413096444,0.2719013770200362
R1-Distill-7B,g2mzepcb,finished,124,,0.017822907500279445,0.0186500500776367,0.10283710062503815,0.2966819320809023,0.2764069324856482
R1-Distill-7B,g2mzepcb,finished,125,,0.014524176084835614,0.017899891169854684,0.087880939245224,0.2658691080827034,0.27449096441238546
R1-Distill-7B,g2mzepcb,finished,126,,0.02542149109649472,0.019267454792880143,0.111903615295887,0.246295920816709,0.2693645928495352
R1-Distill-7B,g2mzepcb,finished,127,,0.022996384487487375,0.019945442010081457,0.12413980066776276,0.33506767375143304,0.28131060755897114
R1-Distill-7B,g2mzepcb,finished,128,,0.021148848603479563,0.020164243208881112,0.11417942494153976,0.30821869607208263,0.28620298728862775
R1-Distill-7B,g2mzepcb,finished,129,,0.025204909732565284,0.021080728031369143,0.10185577720403671,0.20580512804682177,0.27158519469920844
R1-Distill-7B,g2mzepcb,finished,130,0.41760374832663993,0.02593232982326299,0.021962837448077116,0.1060430184006691,0.21681664987611407,0.26162727745864583
R1-Distill-7B,g2mzepcb,finished,131,,0.020255974004976453,0.02165249864024063,0.09450837969779968,0.22047406436513786,0.254144875078008
R1-Distill-7B,g2mzepcb,finished,132,,0.02034681716468185,0.021415102008320853,0.0960480123758316,0.22669935564568555,0.24915478063576751
R1-Distill-7B,g2mzepcb,finished,133,,0.01852987518068403,0.020890515312386886,0.09667541086673737,0.2521909882046887,0.24970681837557135
R1-Distill-7B,g2mzepcb,finished,134,,0.02034093763213605,0.020790592097795824,0.08906660974025726,0.1949974262270584,0.2397596561667508
R1-Distill-7B,g2mzepcb,finished,135,,0.024479695624904707,0.0214613381936338,0.10679607093334198,0.23295634352569303,0.238522690232013
R1-Distill-7B,g2mzepcb,finished,136,,0.02463442535372451,0.02203826313183211,0.09433769434690475,0.1806334113116319,0.22799736679194368
R1-Distill-7B,g2mzepcb,finished,137,,0.023261604423169047,0.022260688821166098,0.09339725971221924,0.18749884924238913,0.22063399996475194
R1-Distill-7B,g2mzepcb,finished,138,,0.02313140098704025,0.022419000124052305,0.08869936317205429,0.17006270029938786,0.21143921820741302
R1-Distill-7B,g2mzepcb,finished,139,,0.024143239308614284,0.022732498157609027,0.10048920661211014,0.20912853731952147,0.21101909440961455
R1-Distill-7B,g2mzepcb,finished,140,0.38820281124497996,0.03135538019705564,0.024300294892053865,0.10117699950933456,0.16323809766263256,0.20233164045561783
R1-Distill-7B,g2mzepcb,finished,141,,0.02378567002597265,0.02420672673458455,0.0972675085067749,0.19887958171421424,0.20170399341172626
R1-Distill-7B,g2mzepcb,finished,142,,0.025638791121309623,0.024467102077625473,0.09923438727855682,0.19204227632959464,0.19994731757861142
R1-Distill-7B,g2mzepcb,finished,143,,0.024110676517011598,0.02440229743024113,0.0972682386636734,0.19620167534614635,0.1992662917181632
R1-Distill-7B,g2mzepcb,finished,144,,0.024105317803332582,0.024348301134439573,0.0900484025478363,0.16819348468195958,0.19361669043885343
R1-Distill-7B,g2mzepcb,finished,145,,0.024662334326421842,0.02440539807843635,0.09373405575752258,0.17812736402939455,0.19080044927349726
R1-Distill-7B,g2mzepcb,finished,146,,0.02358960223500617,0.02425707156144904,0.09552568197250366,0.19341478981723756,0.19127578391781366
R1-Distill-7B,g2mzepcb,finished,147,,0.03172479476779699,0.025614839417148667,0.09470478445291519,0.1413562524820069,0.18219950547493968
R1-Distill-7B,g2mzepcb,finished,148,,0.024376537650823593,0.025389693641453197,0.10721617937088013,0.23578633855945405,0.19194256603576046
R1-Distill-7B,g2mzepcb,finished,149,,0.023824818606954068,0.0251051709079079,0.10017737746238708,0.2106103538667107,0.1953367092777514
R1-Distill-7B,g2mzepcb,finished,150,0.4032463186077644,0.025387180532561615,0.025156445385117666,0.09990574419498444,0.19657869668417544,0.1955625251698285
R1-Distill-7B,g2mzepcb,finished,151,,0.02330279440502636,0.024819417934191974,0.09228484332561493,0.18273542991471242,0.19323032603253465
R1-Distill-7B,g2mzepcb,finished,152,,0.02369684973382391,0.024615314625034142,0.09707508236169815,0.19883595755092418,0.1942495317631509
R1-Distill-7B,g2mzepcb,finished,153,,0.024574445909820497,0.02460788394954075,0.09114684909582138,0.16903225673089284,0.1896645726663767
R1-Distill-7B,g2mzepcb,finished,154,,0.026050156680867076,0.024870115355236443,0.10380103439092636,0.2068059488590309,0.19278118651958653
R1-Distill-7B,g2mzepcb,finished,155,,0.024395668879151344,0.024783852359584604,0.08708446472883224,0.15543136026879545,0.1859903090194427
R1-Distill-7B,g2mzepcb,finished,156,,0.0313995797575141,0.025986711886480874,0.10357522964477539,0.1708275760187639,0.18323344847386472
R1-Distill-7B,g2mzepcb,finished,157,,0.024437707965262234,0.025705074809895666,0.10124213993549347,0.2097162899501089,0.18804851056045455
R1-Distill-7B,g2mzepcb,finished,158,,0.024769205861957744,0.025534916819361497,0.11510594189167023,0.26745665429503884,0.2024863548758335
R1-Distill-7B,g2mzepcb,finished,159,,0.024128109827870503,0.025279133729999497,0.10191138833761215,0.21522471397454326,0.204802420166508
R1-Distill-7B,g2mzepcb,finished,160,0.3926372155287818,0.024663906602654606,0.025167274252300424,0.10055340826511383,0.2049753933272356,0.2048338698320948
R1-Distill-7B,g2mzepcb,finished,161,,0.020562036009505392,0.02432995820815587,0.09682369977235794,0.22796450782582822,0.20903944037640998
R1-Distill-7B,g2mzepcb,finished,162,,0.024199671810492873,0.024306269772217143,0.0919245183467865,0.17459156346130184,0.2027761900282085
R1-Distill-7B,g2mzepcb,finished,163,,0.023954825970577076,0.024242370899191675,0.08663935214281082,0.15667776816550064,0.1943946587804434
R1-Distill-7B,g2mzepcb,finished,164,,0.025808132108068094,0.024527054755351024,0.09908095747232437,0.19019268989566987,0.1936306644377573
R1-Distill-7B,g2mzepcb,finished,165,,0.023616348684299737,0.024361471833341697,0.10036187618970871,0.21325282597590267,0.19719833017196556
R1-Distill-7B,g2mzepcb,finished,166,,0.02409475829335861,0.02431297846243568,0.08782582730054855,0.160063359987136,0.19044651741108745
R1-Distill-7B,g2mzepcb,finished,167,,0.024164142698282376,0.024285917414407804,0.09987446665763855,0.20639898577607693,0.1933469662047219
R1-Distill-7B,g2mzepcb,finished,168,,0.023666594439418986,0.024173313237137107,0.09680277854204178,0.19797478588325437,0.19418838796445506
R1-Distill-7B,g2mzepcb,finished,169,,0.03173359173039595,0.025547909326820533,0.09736017137765884,0.14935282225881255,0.1860364669270655
R1-Distill-7B,g2mzepcb,finished,170,0.4217704149933066,0.02401514572557062,0.025269225035684184,0.08882622420787811,0.16427337558537253,0.18207954122857586
R1-Distill-7B,g2mzepcb,finished,171,,0.024284887593239546,0.02509025459160334,0.09534064680337906,0.18715011337785878,0.1830014634375364
R1-Distill-7B,g2mzepcb,finished,172,,0.02357515794574283,0.024814782474174155,0.09182808548212051,0.17884073783765134,0.18224496787392092
R1-Distill-7B,g2mzepcb,finished,173,,0.03233567272157719,0.02618221706461107,0.09739350527524948,0.14667229829225875,0.17577720976816413
R1-Distill-7B,g2mzepcb,finished,174,,0.033498066322257124,0.02751237147509217,0.10140768438577652,0.15349420998746702,0.17172575526258282
R1-Distill-7B,g2mzepcb,finished,175,,0.0317350277521958,0.028280127161838284,0.08922983705997467,0.12544441246311386,0.16331096566267936
R1-Distill-7B,g2mzepcb,finished,176,,0.025520694412989542,0.027778412116593057,0.09424871951341629,0.1740317286468003,0.16526019529615588
R1-Distill-7B,g2mzepcb,finished,177,,0.024370950856246056,0.027158873705620874,0.11150892823934555,0.2551037329325362,0.18159538395731592
R1-Distill-7B,g2mzepcb,finished,178,,0.02953617142047733,0.02759110965377659,0.3026944100856781,1.5510457430781655,0.4305863583429249
R1-Distill-7B,g2mzepcb,finished,179,,0.024804820981808008,0.027084511713418667,0.21197819709777832,0.9057665862168477,0.5169827634109109
R1-Distill-7B,g2mzepcb,finished,180,0.3905120481927711,0.023390459129586816,0.0264128657890856,0.18678538501262665,0.7457908342248831,0.5585842308316331
R1-Distill-7B,g2mzepcb,finished,181,,0.032816815306432545,0.027577220246785043,0.21330338716506958,0.6932167937571516,0.5830628786362728
R1-Distill-7B,g2mzepcb,finished,182,,0.02850283624138683,0.027745514063985368,0.19555401802062988,0.6708345380114384,0.5990213621590301
R1-Distill-7B,g2mzepcb,finished,183,,0.027413168479688464,0.027685087594113204,0.18134744465351105,0.599837550823895,0.5991697600980964
R1-Distill-7B,g2mzepcb,finished,184,,0.02867067332845181,0.027864285000356585,0.1717720329761505,0.5145611854793682,0.5837863828946912
R1-Distill-7B,g2mzepcb,finished,185,,0.03159780282294378,0.028543106422645164,0.156865656375885,0.3893757152691917,0.548438988780964
R1-Distill-7B,g2mzepcb,finished,186,,0.033110285323346034,0.02937350258640896,0.1867649406194687,0.5267418070239189,0.5444940466433194
R1-Distill-7B,g2mzepcb,finished,187,,0.02822464468772523,0.029164619332102824,0.14007575809955597,0.3475901685256378,0.5086933415310135
R1-Distill-7B,g2mzepcb,finished,188,,0.03155698883347213,0.02959959560507906,0.1673489809036255,0.44373183951848894,0.4968821593469181
R1-Distill-7B,g2mzepcb,finished,189,,0.030256428639404476,0.029719019793138225,0.164228156208992,0.44570507004054555,0.4875772340184867
R1-Distill-7B,g2mzepcb,finished,190,0.398309906291834,0.026478477427735923,0.029129830272155988,0.21071261167526245,0.8384131006056569,0.5513655733979721
R1-Distill-7B,g2mzepcb,finished,191,,0.03152166854124516,0.029564709957444927,0.15238140523433685,0.36831953598535533,0.5180844756865872
R1-Distill-7B,g2mzepcb,finished,192,,0.03206265205517411,0.03001888124794114,0.1595064103603363,0.3967590532164704,0.49602530796474775
R1-Distill-7B,g2mzepcb,finished,193,,0.03598655268433504,0.031103912418194574,0.21212740242481232,0.6252062437629089,0.5195127508371407
R1-Distill-7B,g2mzepcb,finished,194,,0.034586070134537295,0.03173703200298416,0.1877390444278717,0.5095396595448141,0.5176994615112631
R1-Distill-7B,g2mzepcb,finished,195,,0.03236412914702669,0.03185104966553735,0.2825973629951477,1.2337929627120552,0.6478982799114071
R1-Distill-7B,g2mzepcb,finished,196,,0.03775925061199814,0.032925268019439305,0.19481778144836426,0.5025784059973188,0.6214764846543002
R1-Distill-7B,g2mzepcb,finished,197,,0.03390153660438955,0.033102771398521164,0.16996847093105316,0.4260762786029542,0.5859491744631463
R1-Distill-7B,g2mzepcb,finished,198,,0.034552637953311205,0.033366383499392076,0.17334696650505066,0.4348317896466646,0.5584732863146951
R1-Distill-7B,g2mzepcb,finished,199,,0.03409292933065444,0.033498482741439774,0.1738797277212143,0.4434080659243728,0.5375523371528182
R1-Distill-7B,g2mzepcb,finished,200,0.4265562248995984,0.029276300920173526,0.032730813319391365,0.1641417145729065,0.46014184880112596,0.523477702907056
