run,teacher,step,composite_score_pct,third_turn_composite_pct,teacher_composite_score_pct
ultradata,UltraData-IF-1.5B,0,30.97288291417257,22.311578647067904,41.38304109352162
ultradata,UltraData-IF-1.5B,10,32.2595305141133,22.965679359848615,41.38304109352162
ultradata,UltraData-IF-1.5B,20,35.21363341872524,24.84876425163552,41.38304109352162
ultradata,UltraData-IF-1.5B,30,36.71052093981423,25.844338901528968,41.38304109352162
ultradata,UltraData-IF-1.5B,40,39.590266601086554,27.763849138601376,41.38304109352162
ultradata,UltraData-IF-1.5B,50,40.3397495967122,28.357680035101595,41.38304109352162
ultradata,UltraData-IF-1.5B,60,39.63371440701504,27.90158449621994,41.38304109352162
ultradata,UltraData-IF-1.5B,70,40.525443236609455,28.802643836286485,41.38304109352162
ultradata,UltraData-IF-1.5B,80,40.61361664484806,28.704199502829166,41.38304109352162
ultradata,UltraData-IF-1.5B,90,40.66836409135009,28.724951695576287,41.38304109352162
ultradata,UltraData-IF-1.5B,100,40.16249159958021,28.531691883771874,41.38304109352162
ultradata,UltraData-IF-1.5B,110,40.797886303143045,29.425738324366517,41.38304109352162
ultradata,UltraData-IF-1.5B,120,40.61295469686028,28.713135614799018,41.38304109352162
ultradata,UltraData-IF-1.5B,130,40.83075174284361,28.946571880797414,41.38304109352162
ultradata,UltraData-IF-1.5B,140,41.02155735596765,29.59100683844509,41.38304109352162
ultradata,UltraData-IF-1.5B,150,41.179686979194656,29.30155205576614,41.38304109352162
ultradata,UltraData-IF-1.5B,160,40.76289864900614,29.29540497720896,41.38304109352162
ultradata,UltraData-IF-1.5B,170,41.24084136951648,29.461616746862134,41.38304109352162
ultradata,UltraData-IF-1.5B,180,41.17736179045017,29.305478623976498,41.38304109352162
ultradata,UltraData-IF-1.5B,190,41.701522747161526,30.02338115919259,41.38304109352162
ultradata,UltraData-IF-1.5B,200,40.85754084626987,29.02345588994944,41.38304109352162
r17b,R1-Distill-7B,0,30.97288291417257,22.311578647067904,47.724222571889676
r17b,R1-Distill-7B,10,30.94756011997491,22.130773583835115,47.724222571889676
r17b,R1-Distill-7B,20,29.853139786254697,21.271149394338043,47.724222571889676
r17b,R1-Distill-7B,30,29.384150550857566,20.963127550240287,47.724222571889676
r17b,R1-Distill-7B,40,27.655908301690378,19.534118274536294,47.724222571889676
r17b,R1-Distill-7B,50,26.99299442813872,18.758695265366864,47.724222571889676
r17b,R1-Distill-7B,60,27.635516804975442,19.439556046162764,47.724222571889676
r17b,R1-Distill-7B,70,27.354265267880226,18.78978620700617,47.724222571889676
r17b,R1-Distill-7B,80,27.31575902981251,18.733505483190708,47.724222571889676
r17b,R1-Distill-7B,90,26.947732434227344,18.62335695647702,47.724222571889676
r17b,R1-Distill-7B,100,27.77467259734406,19.13076931380694,47.724222571889676
r17b,R1-Distill-7B,110,27.531838195293663,18.576089272617832,47.724222571889676
r17b,R1-Distill-7B,120,27.587455227164156,18.223411695941376,47.724222571889676
r17b,R1-Distill-7B,130,26.773166465806256,17.75390712604159,47.724222571889676
r17b,R1-Distill-7B,140,26.158511733279266,17.15037528585955,47.724222571889676
r17b,R1-Distill-7B,150,25.994141031871862,17.34453322695038,47.724222571889676
r17b,R1-Distill-7B,160,26.612242033959664,17.68170100720679,47.724222571889676
r17b,R1-Distill-7B,170,27.031018704463253,18.004036722642617,47.724222571889676
r17b,R1-Distill-7B,180,26.927187602167763,17.85480932022514,47.724222571889676
r17b,R1-Distill-7B,190,26.686315057549184,17.736539411814377,47.724222571889676
r17b,R1-Distill-7B,200,27.429515179350417,17.61829157908807,47.724222571889676
