run,teacher,step,logged_top16_objective
ultradata,UltraData-IF-1.5B,1,0.008522150106728077
ultradata,UltraData-IF-1.5B,2,0.010891512036323547
ultradata,UltraData-IF-1.5B,3,0.008877645246684551
ultradata,UltraData-IF-1.5B,4,0.009339815936982632
ultradata,UltraData-IF-1.5B,5,0.004436183255165815
ultradata,UltraData-IF-1.5B,6,0.007929683662950993
ultradata,UltraData-IF-1.5B,7,0.005687692668288946
ultradata,UltraData-IF-1.5B,8,0.008978989906609058
ultradata,UltraData-IF-1.5B,9,0.007958426140248775
ultradata,UltraData-IF-1.5B,10,0.009809470735490322
ultradata,UltraData-IF-1.5B,11,0.007770588155835867
ultradata,UltraData-IF-1.5B,12,0.011413177475333214
ultradata,UltraData-IF-1.5B,13,0.005558187607675791
ultradata,UltraData-IF-1.5B,14,0.006428198888897896
ultradata,UltraData-IF-1.5B,15,0.006893073674291372
ultradata,UltraData-IF-1.5B,16,0.0035156249068677425
ultradata,UltraData-IF-1.5B,17,0.0028673431370407343
ultradata,UltraData-IF-1.5B,18,0.004015396814793348
ultradata,UltraData-IF-1.5B,19,0.001962445443496108
ultradata,UltraData-IF-1.5B,20,0.00468868762254715
ultradata,UltraData-IF-1.5B,21,0.0023639793507754803
ultradata,UltraData-IF-1.5B,22,0.00465966435149312
ultradata,UltraData-IF-1.5B,23,0.0054010204039514065
ultradata,UltraData-IF-1.5B,24,0.004502126015722752
ultradata,UltraData-IF-1.5B,25,0.00200153817422688
ultradata,UltraData-IF-1.5B,26,0.013765568844974041
ultradata,UltraData-IF-1.5B,27,0.0041450015269219875
ultradata,UltraData-IF-1.5B,28,0.003342620562762022
ultradata,UltraData-IF-1.5B,29,0.002444321056827903
ultradata,UltraData-IF-1.5B,30,0.005294710863381624
ultradata,UltraData-IF-1.5B,31,0.003999640233814716
ultradata,UltraData-IF-1.5B,32,0.006019480526447296
ultradata,UltraData-IF-1.5B,33,0.00866085197776556
ultradata,UltraData-IF-1.5B,34,0.004551914054900408
ultradata,UltraData-IF-1.5B,35,0.011105779558420181
ultradata,UltraData-IF-1.5B,36,0.01448863185942173
ultradata,UltraData-IF-1.5B,37,0.004331563133746386
ultradata,UltraData-IF-1.5B,38,0.007527385372668505
ultradata,UltraData-IF-1.5B,39,0.004528134595602751
ultradata,UltraData-IF-1.5B,40,0.0055326600559055805
ultradata,UltraData-IF-1.5B,41,0.01078712847083807
ultradata,UltraData-IF-1.5B,42,0.007563374936580658
ultradata,UltraData-IF-1.5B,43,0.004826243035495281
ultradata,UltraData-IF-1.5B,44,0.004840112756937742
ultradata,UltraData-IF-1.5B,45,0.0048874556086957455
ultradata,UltraData-IF-1.5B,46,0.005353047978132963
ultradata,UltraData-IF-1.5B,47,0.018053004518151283
ultradata,UltraData-IF-1.5B,48,0.007895704358816147
ultradata,UltraData-IF-1.5B,49,0.00550288800150156
ultradata,UltraData-IF-1.5B,50,0.005038755014538765
ultradata,UltraData-IF-1.5B,51,0.0065695298835635185
ultradata,UltraData-IF-1.5B,52,0.004353200551122427
ultradata,UltraData-IF-1.5B,53,0.0032207707408815622
ultradata,UltraData-IF-1.5B,54,0.014577530324459076
ultradata,UltraData-IF-1.5B,55,0.0025441693142056465
ultradata,UltraData-IF-1.5B,56,0.008743247017264366
ultradata,UltraData-IF-1.5B,57,0.0021916606929153204
ultradata,UltraData-IF-1.5B,58,0.0014611677033826709
ultradata,UltraData-IF-1.5B,59,0.001164425746537745
ultradata,UltraData-IF-1.5B,60,0.0022271526977419853
ultradata,UltraData-IF-1.5B,61,0.00756599847227335
ultradata,UltraData-IF-1.5B,62,0.0021249756682664156
ultradata,UltraData-IF-1.5B,63,0.0018139126477763057
ultradata,UltraData-IF-1.5B,64,0.005963233765214682
ultradata,UltraData-IF-1.5B,65,0.006216635461896658
ultradata,UltraData-IF-1.5B,66,0.02000136859714985
ultradata,UltraData-IF-1.5B,67,0.0005780062056146562
ultradata,UltraData-IF-1.5B,68,0.0011663089971989393
ultradata,UltraData-IF-1.5B,69,0.00035924348048865795
ultradata,UltraData-IF-1.5B,70,0.02634848654270172
ultradata,UltraData-IF-1.5B,71,0.0014644642360508442
ultradata,UltraData-IF-1.5B,72,0.008911906741559505
ultradata,UltraData-IF-1.5B,73,0.0021620409097522497
ultradata,UltraData-IF-1.5B,74,0.0011080196127295494
ultradata,UltraData-IF-1.5B,75,0.0037404268514364958
ultradata,UltraData-IF-1.5B,76,0.000992820831015706
ultradata,UltraData-IF-1.5B,77,0.001464808126911521
ultradata,UltraData-IF-1.5B,78,0.0018812869675457478
ultradata,UltraData-IF-1.5B,79,0.001240049721673131
ultradata,UltraData-IF-1.5B,80,0.0013862407067790627
ultradata,UltraData-IF-1.5B,81,0.0013471969868987799
ultradata,UltraData-IF-1.5B,82,0.001341948052868247
ultradata,UltraData-IF-1.5B,83,0.0013549262657761574
ultradata,UltraData-IF-1.5B,84,0.0026560842525213957
ultradata,UltraData-IF-1.5B,85,0.0018440390704199672
ultradata,UltraData-IF-1.5B,86,0.0025539356283843517
ultradata,UltraData-IF-1.5B,87,0.00367354997433722
ultradata,UltraData-IF-1.5B,88,0.0035840042401105165
ultradata,UltraData-IF-1.5B,89,0.0031340462155640125
ultradata,UltraData-IF-1.5B,90,0.0021684481762349606
ultradata,UltraData-IF-1.5B,91,0.0026875801850110292
ultradata,UltraData-IF-1.5B,92,0.008947676047682762
ultradata,UltraData-IF-1.5B,93,0.0013490843120962381
ultradata,UltraData-IF-1.5B,94,0.003013956593349576
ultradata,UltraData-IF-1.5B,95,0.002578119747340679
ultradata,UltraData-IF-1.5B,96,0.0021158112213015556
ultradata,UltraData-IF-1.5B,97,0.004273882135748863
ultradata,UltraData-IF-1.5B,98,0.002409106818959117
ultradata,UltraData-IF-1.5B,99,0.0022149004507809877
ultradata,UltraData-IF-1.5B,100,0.0003169823030475527
ultradata,UltraData-IF-1.5B,101,0.0016736187972128391
ultradata,UltraData-IF-1.5B,102,0.0015436540124937892
ultradata,UltraData-IF-1.5B,103,0.0004068061534781009
ultradata,UltraData-IF-1.5B,104,0.0037051551043987274
ultradata,UltraData-IF-1.5B,105,0.0012922693276777864
ultradata,UltraData-IF-1.5B,106,0.00013056040916126221
ultradata,UltraData-IF-1.5B,107,0.00011695583816617727
ultradata,UltraData-IF-1.5B,108,0.006046132184565067
ultradata,UltraData-IF-1.5B,109,0.00040554729639552534
ultradata,UltraData-IF-1.5B,110,0.006582722533494234
ultradata,UltraData-IF-1.5B,111,-0.001344609074294567
ultradata,UltraData-IF-1.5B,112,-0.00043488669325597584
ultradata,UltraData-IF-1.5B,113,0.002162720775231719
ultradata,UltraData-IF-1.5B,114,-0.0006246683769859374
ultradata,UltraData-IF-1.5B,115,-0.0002793355379253626
ultradata,UltraData-IF-1.5B,116,0.00037090230034664273
ultradata,UltraData-IF-1.5B,117,0.001794573967345059
ultradata,UltraData-IF-1.5B,118,0.0021537193097174168
ultradata,UltraData-IF-1.5B,119,0.007284354884177446
ultradata,UltraData-IF-1.5B,120,0.0051598139107227325
ultradata,UltraData-IF-1.5B,121,0.0033414592035114765
ultradata,UltraData-IF-1.5B,122,0.0019166507991030812
ultradata,UltraData-IF-1.5B,123,0.01157107762992382
ultradata,UltraData-IF-1.5B,124,0.0064626107923686504
ultradata,UltraData-IF-1.5B,125,0.002446388127282262
ultradata,UltraData-IF-1.5B,126,0.003286865772679448
ultradata,UltraData-IF-1.5B,127,0.0018061129376292229
ultradata,UltraData-IF-1.5B,128,0.0034634678158909082
ultradata,UltraData-IF-1.5B,129,0.020853988826274872
ultradata,UltraData-IF-1.5B,130,0.0011387673439458013
ultradata,UltraData-IF-1.5B,131,0.002196909161284566
ultradata,UltraData-IF-1.5B,132,0.0019502675859257579
ultradata,UltraData-IF-1.5B,133,0.001552629517391324
ultradata,UltraData-IF-1.5B,134,0.011267779394984245
ultradata,UltraData-IF-1.5B,135,0.0006604698137380183
ultradata,UltraData-IF-1.5B,136,0.0007503995439037681
ultradata,UltraData-IF-1.5B,137,0.0014117107493802905
ultradata,UltraData-IF-1.5B,138,0.0006726703140884638
ultradata,UltraData-IF-1.5B,139,0.0015197360189631581
ultradata,UltraData-IF-1.5B,140,0.0008148413035087287
ultradata,UltraData-IF-1.5B,141,0.0005423619877547026
ultradata,UltraData-IF-1.5B,142,0.0017061183461919427
ultradata,UltraData-IF-1.5B,143,0.0006193181034177542
ultradata,UltraData-IF-1.5B,144,0.0009259810321964324
ultradata,UltraData-IF-1.5B,145,0.0006998077733442187
ultradata,UltraData-IF-1.5B,146,0.0017729500541463494
ultradata,UltraData-IF-1.5B,147,0.0008584891329519451
ultradata,UltraData-IF-1.5B,148,0.001911569619551301
ultradata,UltraData-IF-1.5B,149,0.0010098866187036037
ultradata,UltraData-IF-1.5B,150,0.0009101090836338699
ultradata,UltraData-IF-1.5B,151,0.0010050444398075342
ultradata,UltraData-IF-1.5B,152,0.0008542509167455137
ultradata,UltraData-IF-1.5B,153,0.007709008641541004
ultradata,UltraData-IF-1.5B,154,0.0008335751481354237
ultradata,UltraData-IF-1.5B,155,0.0021424151491373777
ultradata,UltraData-IF-1.5B,156,0.003002944402396679
ultradata,UltraData-IF-1.5B,157,0.0016290874918922782
ultradata,UltraData-IF-1.5B,158,0.0016757764387875795
ultradata,UltraData-IF-1.5B,159,0.001855257316492498
ultradata,UltraData-IF-1.5B,160,0.008012443780899048
ultradata,UltraData-IF-1.5B,161,0.00118516874499619
ultradata,UltraData-IF-1.5B,162,0.001519728684797883
ultradata,UltraData-IF-1.5B,163,0.0009556164732202888
ultradata,UltraData-IF-1.5B,164,0.001367551856674254
ultradata,UltraData-IF-1.5B,165,0.0016664976719766855
ultradata,UltraData-IF-1.5B,166,0.001587946666404605
ultradata,UltraData-IF-1.5B,167,0.0015252589946612716
ultradata,UltraData-IF-1.5B,168,0.0014813821762800217
ultradata,UltraData-IF-1.5B,169,0.0013570840237662196
ultradata,UltraData-IF-1.5B,170,0.0016667376039549708
ultradata,UltraData-IF-1.5B,171,0.004448034334927797
ultradata,UltraData-IF-1.5B,172,0.0012606432428583503
ultradata,UltraData-IF-1.5B,173,0.0006750139291398227
ultradata,UltraData-IF-1.5B,174,0.0032940066885203123
ultradata,UltraData-IF-1.5B,175,0.002000211039558053
ultradata,UltraData-IF-1.5B,176,0.0008080314146354795
ultradata,UltraData-IF-1.5B,177,0.0006505068740807474
ultradata,UltraData-IF-1.5B,178,0.000498096807859838
ultradata,UltraData-IF-1.5B,179,0.0015984948258846998
ultradata,UltraData-IF-1.5B,180,0.0006914024706929922
ultradata,UltraData-IF-1.5B,181,0.0006939323502592742
ultradata,UltraData-IF-1.5B,182,0.0008113514049910009
ultradata,UltraData-IF-1.5B,183,0.0005264553474262357
ultradata,UltraData-IF-1.5B,184,0.00043630183790810406
ultradata,UltraData-IF-1.5B,185,0.000862846034578979
ultradata,UltraData-IF-1.5B,186,0.0009160379995591938
ultradata,UltraData-IF-1.5B,187,0.0007788174552842975
ultradata,UltraData-IF-1.5B,188,0.0005969736375845969
ultradata,UltraData-IF-1.5B,189,0.0005190777010284364
ultradata,UltraData-IF-1.5B,190,0.00044057215563952923
ultradata,UltraData-IF-1.5B,191,0.00038988437154330313
ultradata,UltraData-IF-1.5B,192,0.0008206292986869812
ultradata,UltraData-IF-1.5B,193,0.0011558234691619873
ultradata,UltraData-IF-1.5B,194,0.001158878207206726
ultradata,UltraData-IF-1.5B,195,0.0025490480475127697
ultradata,UltraData-IF-1.5B,196,0.0024706118274480104
ultradata,UltraData-IF-1.5B,197,0.001228849869221449
ultradata,UltraData-IF-1.5B,198,0.0011722113704308867
ultradata,UltraData-IF-1.5B,199,0.0010515478206798434
ultradata,UltraData-IF-1.5B,200,0.0012443048181012273
r17b,R1-Distill-7B,1,0.7802506685256958
r17b,R1-Distill-7B,2,0.7943128347396851
r17b,R1-Distill-7B,3,0.6974003314971924
r17b,R1-Distill-7B,4,0.7275742888450623
r17b,R1-Distill-7B,5,0.7393428087234497
r17b,R1-Distill-7B,6,0.7938716411590576
r17b,R1-Distill-7B,7,0.7642742991447449
r17b,R1-Distill-7B,8,0.7866014838218689
r17b,R1-Distill-7B,9,0.7753674387931824
r17b,R1-Distill-7B,10,0.751694917678833
r17b,R1-Distill-7B,11,0.7898049354553223
r17b,R1-Distill-7B,12,0.7779425382614136
r17b,R1-Distill-7B,13,0.7469691634178162
r17b,R1-Distill-7B,14,0.7306848764419556
r17b,R1-Distill-7B,15,0.8285742998123169
r17b,R1-Distill-7B,16,0.8713716864585876
r17b,R1-Distill-7B,17,0.7101579308509827
r17b,R1-Distill-7B,18,0.7020964622497559
r17b,R1-Distill-7B,19,0.7468782663345337
r17b,R1-Distill-7B,20,0.8802765607833862
r17b,R1-Distill-7B,21,0.8646867275238037
r17b,R1-Distill-7B,22,0.8246411681175232
r17b,R1-Distill-7B,23,0.8516290783882141
r17b,R1-Distill-7B,24,0.8229911923408508
r17b,R1-Distill-7B,25,0.7238118648529053
r17b,R1-Distill-7B,26,0.703600287437439
r17b,R1-Distill-7B,27,0.7173522710800171
r17b,R1-Distill-7B,28,0.7008012533187866
r17b,R1-Distill-7B,29,0.7424353957176208
r17b,R1-Distill-7B,30,0.8231181502342224
r17b,R1-Distill-7B,31,0.7493013739585876
r17b,R1-Distill-7B,32,0.720360517501831
r17b,R1-Distill-7B,33,0.651713490486145
r17b,R1-Distill-7B,34,0.5699777007102966
r17b,R1-Distill-7B,35,0.5727488994598389
r17b,R1-Distill-7B,36,0.5723923444747925
r17b,R1-Distill-7B,37,0.5374676585197449
r17b,R1-Distill-7B,38,0.49549782276153564
r17b,R1-Distill-7B,39,0.5316570997238159
r17b,R1-Distill-7B,40,0.43023985624313354
r17b,R1-Distill-7B,41,0.5039820671081543
r17b,R1-Distill-7B,42,0.4300665259361267
r17b,R1-Distill-7B,43,0.4576556980609894
r17b,R1-Distill-7B,44,0.44621455669403076
r17b,R1-Distill-7B,45,0.43578219413757324
r17b,R1-Distill-7B,46,0.4606289267539978
r17b,R1-Distill-7B,47,0.4445241391658783
r17b,R1-Distill-7B,48,0.48883071541786194
r17b,R1-Distill-7B,49,0.48167404532432556
r17b,R1-Distill-7B,50,0.4689556658267975
r17b,R1-Distill-7B,51,0.5217832326889038
r17b,R1-Distill-7B,52,0.44502899050712585
r17b,R1-Distill-7B,53,0.44569796323776245
r17b,R1-Distill-7B,54,0.44296908378601074
r17b,R1-Distill-7B,55,0.48148784041404724
r17b,R1-Distill-7B,56,0.42771825194358826
r17b,R1-Distill-7B,57,0.3732541799545288
r17b,R1-Distill-7B,58,0.40729790925979614
r17b,R1-Distill-7B,59,0.43133780360221863
r17b,R1-Distill-7B,60,0.37603476643562317
r17b,R1-Distill-7B,61,0.3379269540309906
r17b,R1-Distill-7B,62,0.40171268582344055
r17b,R1-Distill-7B,63,0.35688599944114685
r17b,R1-Distill-7B,64,0.35772183537483215
r17b,R1-Distill-7B,65,0.3088996708393097
r17b,R1-Distill-7B,66,0.3343242406845093
r17b,R1-Distill-7B,67,0.3615327775478363
r17b,R1-Distill-7B,68,0.29684317111968994
r17b,R1-Distill-7B,69,0.2912052273750305
r17b,R1-Distill-7B,70,0.33761677145957947
r17b,R1-Distill-7B,71,0.28160181641578674
r17b,R1-Distill-7B,72,0.29865872859954834
r17b,R1-Distill-7B,73,0.29293471574783325
r17b,R1-Distill-7B,74,0.33008596301078796
r17b,R1-Distill-7B,75,0.27369967103004456
r17b,R1-Distill-7B,76,0.3344229459762573
r17b,R1-Distill-7B,77,0.33472850918769836
r17b,R1-Distill-7B,78,0.29479026794433594
r17b,R1-Distill-7B,79,0.34416529536247253
r17b,R1-Distill-7B,80,0.3189602792263031
r17b,R1-Distill-7B,81,0.3296567499637604
r17b,R1-Distill-7B,82,0.3011643886566162
r17b,R1-Distill-7B,83,0.3170718848705292
r17b,R1-Distill-7B,84,0.3344467580318451
r17b,R1-Distill-7B,85,0.315367192029953
r17b,R1-Distill-7B,86,0.31992143392562866
r17b,R1-Distill-7B,87,0.2652352750301361
r17b,R1-Distill-7B,88,0.26249682903289795
r17b,R1-Distill-7B,89,0.25665712356567383
r17b,R1-Distill-7B,90,0.3166094422340393
r17b,R1-Distill-7B,91,0.29149898886680603
r17b,R1-Distill-7B,92,0.27940818667411804
r17b,R1-Distill-7B,93,0.2911284267902374
r17b,R1-Distill-7B,94,0.25664132833480835
r17b,R1-Distill-7B,95,0.22931943833827972
r17b,R1-Distill-7B,96,0.2072618156671524
r17b,R1-Distill-7B,97,0.21819619834423065
r17b,R1-Distill-7B,98,0.21500840783119202
r17b,R1-Distill-7B,99,0.2192004919052124
r17b,R1-Distill-7B,100,0.304389089345932
r17b,R1-Distill-7B,101,0.23556062579154968
r17b,R1-Distill-7B,102,0.22286701202392578
r17b,R1-Distill-7B,103,0.23533234000205994
r17b,R1-Distill-7B,104,0.21321462094783783
r17b,R1-Distill-7B,105,0.23852363228797913
r17b,R1-Distill-7B,106,0.2513026297092438
r17b,R1-Distill-7B,107,0.23861411213874817
r17b,R1-Distill-7B,108,0.2321803718805313
r17b,R1-Distill-7B,109,0.2553490996360779
r17b,R1-Distill-7B,110,0.20577897131443024
r17b,R1-Distill-7B,111,0.22803612053394318
r17b,R1-Distill-7B,112,0.18331462144851685
r17b,R1-Distill-7B,113,0.20269985496997833
r17b,R1-Distill-7B,114,0.17904038727283478
r17b,R1-Distill-7B,115,0.1740134209394455
r17b,R1-Distill-7B,116,0.18697422742843628
r17b,R1-Distill-7B,117,0.21831876039505005
r17b,R1-Distill-7B,118,0.2739115357398987
r17b,R1-Distill-7B,119,0.2526569068431854
r17b,R1-Distill-7B,120,0.25984445214271545
r17b,R1-Distill-7B,121,0.24772979319095612
r17b,R1-Distill-7B,122,0.22617031633853912
r17b,R1-Distill-7B,123,0.2042643129825592
r17b,R1-Distill-7B,124,0.19461743533611298
r17b,R1-Distill-7B,125,0.19276879727840424
r17b,R1-Distill-7B,126,0.19336844980716705
r17b,R1-Distill-7B,127,0.17721039056777954
r17b,R1-Distill-7B,128,0.18996213376522064
r17b,R1-Distill-7B,129,0.19197480380535126
r17b,R1-Distill-7B,130,0.1730373203754425
r17b,R1-Distill-7B,131,0.17494787275791168
r17b,R1-Distill-7B,132,0.1776675432920456
r17b,R1-Distill-7B,133,0.16270335018634796
r17b,R1-Distill-7B,134,0.1797328144311905
r17b,R1-Distill-7B,135,0.15334691107273102
r17b,R1-Distill-7B,136,0.1578654646873474
r17b,R1-Distill-7B,137,0.167696014046669
r17b,R1-Distill-7B,138,0.16395485401153564
r17b,R1-Distill-7B,139,0.14928166568279266
r17b,R1-Distill-7B,140,0.16470906138420105
r17b,R1-Distill-7B,141,0.15691198408603668
r17b,R1-Distill-7B,142,0.1523534655570984
r17b,R1-Distill-7B,143,0.16071118414402008
r17b,R1-Distill-7B,144,0.165211483836174
r17b,R1-Distill-7B,145,0.1519719511270523
r17b,R1-Distill-7B,146,0.1703631579875946
r17b,R1-Distill-7B,147,0.1783393919467926
r17b,R1-Distill-7B,148,0.15550895035266876
r17b,R1-Distill-7B,149,0.1870851069688797
r17b,R1-Distill-7B,150,0.1566791981458664
r17b,R1-Distill-7B,151,0.17097923159599304
r17b,R1-Distill-7B,152,0.15964889526367188
r17b,R1-Distill-7B,153,0.1672859638929367
r17b,R1-Distill-7B,154,0.17792847752571106
r17b,R1-Distill-7B,155,0.15369760990142822
r17b,R1-Distill-7B,156,0.15795843303203583
r17b,R1-Distill-7B,157,0.11181514710187912
r17b,R1-Distill-7B,158,0.11118976026773453
r17b,R1-Distill-7B,159,0.11813625693321228
r17b,R1-Distill-7B,160,0.1553947627544403
r17b,R1-Distill-7B,161,0.15339207649230957
r17b,R1-Distill-7B,162,0.14470596611499786
r17b,R1-Distill-7B,163,0.16332602500915527
r17b,R1-Distill-7B,164,0.1218278780579567
r17b,R1-Distill-7B,165,0.1002204641699791
r17b,R1-Distill-7B,166,0.10201459378004074
r17b,R1-Distill-7B,167,0.10741238296031952
r17b,R1-Distill-7B,168,0.11178538203239441
r17b,R1-Distill-7B,169,0.11484238505363464
r17b,R1-Distill-7B,170,0.15188534557819366
r17b,R1-Distill-7B,171,0.13516227900981903
r17b,R1-Distill-7B,172,0.1304316222667694
r17b,R1-Distill-7B,173,0.1416897177696228
r17b,R1-Distill-7B,174,0.11237192153930664
r17b,R1-Distill-7B,175,0.1297866255044937
r17b,R1-Distill-7B,176,0.13959896564483643
r17b,R1-Distill-7B,177,0.12551485002040863
r17b,R1-Distill-7B,178,0.11452820152044296
r17b,R1-Distill-7B,179,0.14755181968212128
r17b,R1-Distill-7B,180,0.1501254141330719
r17b,R1-Distill-7B,181,0.1573053002357483
r17b,R1-Distill-7B,182,0.15121184289455414
r17b,R1-Distill-7B,183,0.13830941915512085
r17b,R1-Distill-7B,184,0.12043863534927368
r17b,R1-Distill-7B,185,0.10692989081144333
r17b,R1-Distill-7B,186,0.11558274924755096
r17b,R1-Distill-7B,187,0.09803584963083267
r17b,R1-Distill-7B,188,0.10789506137371063
r17b,R1-Distill-7B,189,0.099208302795887
r17b,R1-Distill-7B,190,0.10709438472986221
r17b,R1-Distill-7B,191,0.11557444930076599
r17b,R1-Distill-7B,192,0.10803385078907013
r17b,R1-Distill-7B,193,0.11701472848653793
r17b,R1-Distill-7B,194,0.12398264557123184
r17b,R1-Distill-7B,195,0.12795642018318176
r17b,R1-Distill-7B,196,0.13581712543964386
r17b,R1-Distill-7B,197,0.1220318153500557
r17b,R1-Distill-7B,198,0.12556220591068268
r17b,R1-Distill-7B,199,0.12823276221752167
r17b,R1-Distill-7B,200,0.11119440197944641
